game_date,play_id,text,type_text,type_id,scoring_play,period,clock_display,home_score,away_score,home_team,away_team,athlete_id_1,athlete_name_1,athlete_id_2,athlete_name_2,athlete_id_3,athlete_name_3,coordinate_x,coordinate_y
2026-04-25,4018661504,Monique Billings vs. Jonquel Jones (Sophie Cunningham gains possession),Jumpball,615,False,1,10:00,0,0,New York Liberty,Indiana Fever,3142255.0,Monique Billings,2999101.0,Jonquel Jones,3907781.0,Sophie Cunningham,-214748340,-214748365
2026-04-25,4018661507,Caitlin Clark makes 9-foot driving floating jump shot,Driving Floating Jump Shot,144,True,1,9:46,0,2,New York Liberty,Indiana Fever,4433403.0,Caitlin Clark,,,,,25,9
2026-04-25,4018661508,Breanna Stewart misses 16-foot pullup jump shot,Pullup Jump Shot,131,False,1,9:21,0,2,New York Liberty,Indiana Fever,2998928.0,Breanna Stewart,,,,,29,15
2026-04-25,4018661509,Sophie Cunningham defensive rebound,Defensive Rebound,155,False,1,9:20,0,2,New York Liberty,Indiana Fever,3907781.0,Sophie Cunningham,,,,,29,15
2026-04-25,40186615010,Sophie Cunningham makes 25-foot three point jumper (Kelsey Mitchell assists),Jump Shot,92,True,1,9:10,0,5,New York Liberty,Indiana Fever,3907781.0,Sophie Cunningham,3142191.0,Kelsey Mitchell,,,25,25
2026-04-25,40186615012,Betnijah Laney-Hamilton offensive foul,Offensive Foul,42,False,1,9:02,0,5,New York Liberty,Indiana Fever,2593770.0,Betnijah Laney-Hamilton,,,,,7,7
2026-04-25,40186615014,Betnijah Laney-Hamilton offensive foul turnover,Offensive Foul Turnover,84,False,1,9:02,0,5,New York Liberty,Indiana Fever,2593770.0,Betnijah Laney-Hamilton,,,,,7,7
2026-04-25,40186615015,Caitlin Clark makes 29-foot three point step back jumpshot,Step Back Jump Shot,132,True,1,8:49,0,8,New York Liberty,Indiana Fever,4433403.0,Caitlin Clark,,,,,39,25
2026-04-25,40186615016,Betnijah Laney-Hamilton makes 8-foot fade away jump shot (Rebekah Gardner assists),Fade Away Jump Shot,121,True,1,8:22,2,8,New York Liberty,Indiana Fever,2593770.0,Betnijah Laney-Hamilton,2327695.0,Rebekah Gardner,,,27,8
2026-04-25,40186615018,Kelsey Mitchell misses driving floating jump shot,Driving Floating Jump Shot,144,False,1,8:13,2,8,New York Liberty,Indiana Fever,3142191.0,Kelsey Mitchell,,,,,25,9
2026-04-25,40186615019,Breanna Stewart defensive rebound,Defensive Rebound,155,False,1,8:12,2,8,New York Liberty,Indiana Fever,2998928.0,Breanna Stewart,,,,,25,9
2026-04-25,40186615020,Breanna Stewart makes 2-foot two point shot,Driving Finger Roll Layup,128,True,1,8:03,4,8,New York Liberty,Indiana Fever,2998928.0,Breanna Stewart,,,,,27,1
2026-04-25,40186615021,Caitlin Clark misses 24-foot three point step back jumpshot,Step Back Jump Shot,132,False,1,7:50,4,8,New York Liberty,Indiana Fever,4433403.0,Caitlin Clark,,,,,46,13
2026-04-25,40186615022,Breanna Stewart defensive rebound,Defensive Rebound,155,False,1,7:49,4,8,New York Liberty,Indiana Fever,2998928.0,Breanna Stewart,,,,,46,13
2026-04-25,40186615023,Rebekah Gardner traveling turnover,Traveling,64,False,1,7:44,4,8,New York Liberty,Indiana Fever,2327695.0,Rebekah Gardner,,,,,41,15
2026-04-25,40186615024,Jonquel Jones blocks Caitlin Clark 's 5-foot two point shot,Layup Driving Reverse,126,False,1,7:35,4,8,New York Liberty,Indiana Fever,4433403.0,Caitlin Clark,2999101.0,Jonquel Jones,,,20,-1
2026-04-25,40186615026,Monique Billings offensive rebound,Offensive Rebound,156,False,1,7:33,4,8,New York Liberty,Indiana Fever,3142255.0,Monique Billings,,,,,20,-1
2026-04-25,40186615027,Sophie Cunningham makes 24-foot three point jumper (Monique Billings assists),Jump Shot,92,True,1,7:28,4,11,New York Liberty,Indiana Fever,3907781.0,Sophie Cunningham,3142255.0,Monique Billings,,,14,21
2026-04-25,40186615029,Jonquel Jones makes 13-foot two point shot,Turnaround Fadeaway Bank Jump Shot,148,True,1,7:08,6,11,New York Liberty,Indiana Fever,2999101.0,Jonquel Jones,,,,,14,7
2026-04-25,40186615030,Monique Billings misses driving layup,Driving Layup Shot,110,False,1,6:55,6,11,New York Liberty,Indiana Fever,3142255.0,Monique Billings,,,,,20,3
2026-04-25,40186615031,Breanna Stewart defensive rebound,Defensive Rebound,155,False,1,6:54,6,11,New York Liberty,Indiana Fever,2998928.0,Breanna Stewart,,,,,20,3
2026-04-25,40186615032,Sophie Cunningham personal foul,Personal Foul,45,False,1,6:51,6,11,New York Liberty,Indiana Fever,3907781.0,Sophie Cunningham,,,,,30,15
2026-04-25,40186615034,Monique Billings blocks Sabrina Ionescu 's 4-foot driving layup,Driving Layup Shot,110,False,1,6:44,6,11,New York Liberty,Indiana Fever,4066533.0,Sabrina Ionescu,3142255.0,Monique Billings,,,22,3
2026-04-25,40186615036,Caitlin Clark defensive rebound,Defensive Rebound,155,False,1,6:43,6,11,New York Liberty,Indiana Fever,4433403.0,Caitlin Clark,,,,,22,3
2026-04-25,40186615037,Monique Billings misses 23-foot three point jumper,Jump Shot,92,False,1,6:29,6,11,New York Liberty,Indiana Fever,3142255.0,Monique Billings,,,,,2,1
2026-04-25,40186615038,Monique Billings offensive rebound,Offensive Rebound,156,False,1,6:28,6,11,New York Liberty,Indiana Fever,3142255.0,Monique Billings,,,,,2,1
2026-04-25,40186615039,Monique Billings makes two point shot,Layup Shot Putback,125,True,1,6:26,6,13,New York Liberty,Indiana Fever,3142255.0,Monique Billings,,,,,27,0
2026-04-25,40186615040,Breanna Stewart makes 4-foot layup (Jonquel Jones assists),Cutting Layup Shot,141,True,1,6:13,8,13,New York Liberty,Indiana Fever,2998928.0,Breanna Stewart,2999101.0,Jonquel Jones,,,27,3
2026-04-25,40186615042,Kelsey Mitchell makes driving layup,Driving Layup Shot,110,True,1,6:03,8,15,New York Liberty,Indiana Fever,3142191.0,Kelsey Mitchell,,,,,27,2
2026-04-25,40186615043,Rebekah Gardner makes driving layup,Driving Layup Shot,110,True,1,5:50,10,15,New York Liberty,Indiana Fever,2327695.0,Rebekah Gardner,,,,,24,3
2026-04-25,40186615044,Sophie Cunningham makes 2-foot layup (Caitlin Clark assists),Cutting Layup Shot,141,True,1,5:44,10,17,New York Liberty,Indiana Fever,3907781.0,Sophie Cunningham,4433403.0,Caitlin Clark,,,27,1
2026-04-25,40186615046,Betnijah Laney-Hamilton misses 18-foot pullup jump shot,Pullup Jump Shot,131,False,1,5:32,10,17,New York Liberty,Indiana Fever,2593770.0,Betnijah Laney-Hamilton,,,,,36,15
2026-04-25,40186615047,Myisha Hines-Allen defensive rebound,Defensive Rebound,155,False,1,5:31,10,17,New York Liberty,Indiana Fever,3142055.0,Myisha Hines-Allen,,,,,36,15
2026-04-25,40186615048,Sophie Cunningham misses running pullup jump shot,Running Pullup Jump Shot,146,False,1,5:25,10,17,New York Liberty,Indiana Fever,3907781.0,Sophie Cunningham,,,,,7,16
2026-04-25,40186615049,Breanna Stewart defensive rebound,Defensive Rebound,155,False,1,5:24,10,17,New York Liberty,Indiana Fever,2998928.0,Breanna Stewart,,,,,7,16
2026-04-25,40186615050,Breanna Stewart offensive foul,Offensive Foul,42,False,1,5:15,10,17,New York Liberty,Indiana Fever,2998928.0,Breanna Stewart,,,,,41,14
2026-04-25,40186615052,Breanna Stewart offensive foul turnover,Offensive Foul Turnover,84,False,1,5:15,10,17,New York Liberty,Indiana Fever,2998928.0,Breanna Stewart,,,,,41,14
2026-04-25,40186615053,Han Xu enters the game for Jonquel Jones,Substitution,584,False,1,5:15,10,17,New York Liberty,Indiana Fever,4337216.0,Han Xu,2999101.0,Jonquel Jones,,,-214748340,-214748365
2026-04-25,40186615054,Ny'Ceara Pryor enters the game for Rebekah Gardner,Substitution,584,False,1,5:15,10,17,New York Liberty,Indiana Fever,5106084.0,Ny'Ceara Pryor,2327695.0,Rebekah Gardner,,,-214748340,-214748365
2026-04-25,40186615055,Raven Johnson enters the game for Sophie Cunningham,Substitution,584,False,1,5:15,10,17,New York Liberty,Indiana Fever,4433797.0,Raven Johnson,3907781.0,Sophie Cunningham,,,-214748340,-214748365
2026-04-25,40186615056,Makayla Timpson enters the game for Monique Billings,Substitution,584,False,1,5:15,10,17,New York Liberty,Indiana Fever,4433546.0,Makayla Timpson,3142255.0,Monique Billings,,,-214748340,-214748365
2026-04-25,40186615057,Shatori Walker-Kimbrough enters the game for Caitlin Clark,Substitution,584,False,1,5:15,10,17,New York Liberty,Indiana Fever,3058893.0,Shatori Walker-Kimbrough,4433403.0,Caitlin Clark,,,-214748340,-214748365
2026-04-25,40186615067,Anneli Maley enters the game for Betnijah Laney-Hamilton,Substitution,584,False,1,5:15,10,17,New York Liberty,Indiana Fever,4281930.0,Anneli Maley,2593770.0,Betnijah Laney-Hamilton,,,-214748340,-214748365
2026-04-25,40186615063,Shatori Walker-Kimbrough misses 19-foot pullup jump shot,Pullup Jump Shot,131,False,1,4:56,10,17,New York Liberty,Indiana Fever,3058893.0,Shatori Walker-Kimbrough,,,,,38,15
2026-04-25,40186615064,Fever offensive team rebound,Offensive Rebound,156,False,1,4:53,10,17,New York Liberty,Indiana Fever,,,,,,,38,15
2026-04-25,40186615065,Sabrina Ionescu loose ball foul,Loose Ball Foul,43,False,1,4:53,10,17,New York Liberty,Indiana Fever,4066533.0,Sabrina Ionescu,,,,,38,15
2026-04-25,40186615069,Official timeout,Official Timeout,19,False,1,4:53,10,17,New York Liberty,Indiana Fever,,,,,,,-214748340,-214748365
2026-04-25,40186615071,Kelsey Mitchell makes 16-foot step back jumpshot,Step Back Jump Shot,132,True,1,4:41,10,19,New York Liberty,Indiana Fever,3142191.0,Kelsey Mitchell,,,,,23,16
2026-04-25,40186615072,Sabrina Ionescu misses 26-foot three point pullup jump shot,Pullup Jump Shot,131,False,1,4:16,10,19,New York Liberty,Indiana Fever,4066533.0,Sabrina Ionescu,,,,,41,21
2026-04-25,40186615073,Liberty offensive team rebound,Offensive Rebound,156,False,1,4:16,10,19,New York Liberty,Indiana Fever,,,,,,,41,21
2026-04-25,40186615075,Myisha Hines-Allen loose ball foul,Loose Ball Foul,43,False,1,4:16,10,19,New York Liberty,Indiana Fever,3142055.0,Myisha Hines-Allen,,,,,28,11
2026-04-25,40186615077,Anneli Maley makes 3-foot layup (Sabrina Ionescu assists),Cutting Layup Shot,141,True,1,4:04,12,19,New York Liberty,Indiana Fever,4281930.0,Anneli Maley,4066533.0,Sabrina Ionescu,,,27,2
2026-04-25,40186615079,Kelsey Mitchell makes 5-foot two point shot,Driving Finger Roll Layup,128,True,1,3:55,12,21,New York Liberty,Indiana Fever,3142191.0,Kelsey Mitchell,,,,,21,2
2026-04-25,40186615080,"Anneli Maley bad pass
turnover (Makayla Timpson steals)","Bad Pass
Turnover",62,False,1,3:38,12,21,New York Liberty,Indiana Fever,4281930.0,Anneli Maley,4433546.0,Makayla Timpson,,,40,29
2026-04-25,40186615082,Makayla Timpson makes running layup,Running Layup Shot,109,True,1,3:36,12,23,New York Liberty,Indiana Fever,4433546.0,Makayla Timpson,,,,,26,2
2026-04-25,40186615083,Raven Johnson blocks Ny'Ceara Pryor 's 5-foot driving layup,Driving Layup Shot,110,False,1,3:22,12,23,New York Liberty,Indiana Fever,5106084.0,Ny'Ceara Pryor,4433797.0,Raven Johnson,,,29,2
2026-04-25,40186615085,Raven Johnson defensive rebound,Defensive Rebound,155,False,1,3:21,12,23,New York Liberty,Indiana Fever,4433797.0,Raven Johnson,,,,,29,2
2026-04-25,40186615086,Shatori Walker-Kimbrough makes 17-foot running pullup jump shot (Raven Johnson assists),Running Pullup Jump Shot,146,True,1,3:12,12,25,New York Liberty,Indiana Fever,3058893.0,Shatori Walker-Kimbrough,4433797.0,Raven Johnson,,,11,11
2026-04-25,40186615087,Raven Johnson personal foul,Personal Foul,45,False,1,3:03,12,25,New York Liberty,Indiana Fever,4433797.0,Raven Johnson,,,,,41,21
2026-04-25,40186615090,Alex Fowler enters the game for Breanna Stewart,Substitution,584,False,1,3:03,12,25,New York Liberty,Indiana Fever,4595823.0,Alex Fowler,2998928.0,Breanna Stewart,,,-214748340,-214748365
2026-04-25,40186615091,Caitlin Clark enters the game for Myisha Hines-Allen,Substitution,584,False,1,3:03,12,25,New York Liberty,Indiana Fever,4433403.0,Caitlin Clark,3142055.0,Myisha Hines-Allen,,,-214748340,-214748365
2026-04-25,40186615092,Monique Billings enters the game for Kelsey Mitchell,Substitution,584,False,1,3:03,12,25,New York Liberty,Indiana Fever,3142255.0,Monique Billings,3142191.0,Kelsey Mitchell,,,-214748340,-214748365
2026-04-25,401866150144,Rebekah Gardner enters the game for Sabrina Ionescu,Substitution,584,False,1,3:03,12,25,New York Liberty,Indiana Fever,2327695.0,Rebekah Gardner,4066533.0,Sabrina Ionescu,,,-214748340,-214748365
2026-04-25,40186615096,Han Xu makes 24-foot three point jumper (Ny'Ceara Pryor assists),Jump Shot,92,True,1,2:53,15,25,New York Liberty,Indiana Fever,4337216.0,Han Xu,5106084.0,Ny'Ceara Pryor,,,44,15
2026-04-25,40186615098,Monique Billings makes 3-foot layup (Caitlin Clark assists),Cutting Layup Shot,141,True,1,2:43,15,27,New York Liberty,Indiana Fever,3142255.0,Monique Billings,4433403.0,Caitlin Clark,,,23,2
2026-04-25,401866150100,Ny'Ceara Pryor misses driving layup,Driving Layup Shot,110,False,1,2:24,15,27,New York Liberty,Indiana Fever,5106084.0,Ny'Ceara Pryor,,,,,29,3
2026-04-25,401866150101,Monique Billings defensive rebound,Defensive Rebound,155,False,1,2:23,15,27,New York Liberty,Indiana Fever,3142255.0,Monique Billings,,,,,29,3
2026-04-25,401866150102,Monique Billings lost ball turnover (Alex Fowler steals),Lost Ball Turnover,63,False,1,2:20,15,27,New York Liberty,Indiana Fever,3142255.0,Monique Billings,4595823.0,Alex Fowler,,,16,29
2026-04-25,401866150104,Anneli Maley misses 8-foot pullup jump shot,Pullup Jump Shot,131,False,1,2:15,15,27,New York Liberty,Indiana Fever,4281930.0,Anneli Maley,,,,,28,7
2026-04-25,401866150105,Alex Fowler offensive rebound,Offensive Rebound,156,False,1,2:14,15,27,New York Liberty,Indiana Fever,4595823.0,Alex Fowler,,,,,28,7
2026-04-25,401866150106,Makayla Timpson blocks Alex Fowler's two point shot,Layup Shot Putback,125,False,1,2:14,15,27,New York Liberty,Indiana Fever,4595823.0,Alex Fowler,4433546.0,Makayla Timpson,,,25,0
2026-04-25,401866150108,Caitlin Clark defensive rebound,Defensive Rebound,155,False,1,2:13,15,27,New York Liberty,Indiana Fever,4433403.0,Caitlin Clark,,,,,25,0
2026-04-25,401866150109,"Shatori Walker-Kimbrough bad pass
turnover (Han Xu steals)","Bad Pass
Turnover",62,False,1,1:52,15,27,New York Liberty,Indiana Fever,3058893.0,Shatori Walker-Kimbrough,4337216.0,Han Xu,,,29,20
2026-04-25,401866150111,Alex Fowler makes running layup (Ny'Ceara Pryor assists),Running Layup Shot,109,True,1,1:46,17,27,New York Liberty,Indiana Fever,4595823.0,Alex Fowler,5106084.0,Ny'Ceara Pryor,,,27,4
2026-04-25,401866150113,Anneli Maley shooting foul,Shooting Foul,44,False,1,1:41,17,27,New York Liberty,Indiana Fever,4281930.0,Anneli Maley,,,,,19,5
2026-04-25,401866150115,Makayla Timpson makes free throw 1 of 2,Free Throw - 1 of 2,98,True,1,1:41,17,28,New York Liberty,Indiana Fever,4433546.0,Makayla Timpson,,,,,-214748340,-214748365
2026-04-25,401866150116,Jonquel Jones enters the game for Han Xu,Substitution,584,False,1,1:41,17,28,New York Liberty,Indiana Fever,2999101.0,Jonquel Jones,4337216.0,Han Xu,,,-214748340,-214748365
2026-04-25,401866150118,Makayla Timpson makes free throw 2 of 2,Free Throw - 2 of 2,99,True,1,1:41,17,29,New York Liberty,Indiana Fever,4433546.0,Makayla Timpson,,,,,-214748340,-214748365
2026-04-25,401866150119,Shatori Walker-Kimbrough shooting foul,Shooting Foul,44,False,1,1:26,17,29,New York Liberty,Indiana Fever,3058893.0,Shatori Walker-Kimbrough,,,,,21,5
2026-04-25,401866150121,Anneli Maley makes free throw 1 of 2,Free Throw - 1 of 2,98,True,1,1:26,18,29,New York Liberty,Indiana Fever,4281930.0,Anneli Maley,,,,,-214748340,-214748365
2026-04-25,401866150122,Anneli Maley makes free throw 2 of 2,Free Throw - 2 of 2,99,True,1,1:26,19,29,New York Liberty,Indiana Fever,4281930.0,Anneli Maley,,,,,-214748340,-214748365
2026-04-25,401866150123,Ny'Ceara Pryor personal foul,Personal Foul,45,False,1,1:16,19,29,New York Liberty,Indiana Fever,5106084.0,Ny'Ceara Pryor,,,,,17,18
2026-04-25,401866150125,Makayla Timpson misses free throw 1 of 2,Free Throw - 1 of 2,98,False,1,1:16,19,29,New York Liberty,Indiana Fever,4433546.0,Makayla Timpson,,,,,-214748340,-214748365
2026-04-25,401866150126,Fever offensive team rebound,Offensive Rebound,156,False,1,1:16,19,29,New York Liberty,Indiana Fever,,,,,,,-214748340,-214748365
2026-04-25,401866150127,Makayla Timpson makes free throw 2 of 2,Free Throw - 2 of 2,99,True,1,1:16,19,30,New York Liberty,Indiana Fever,4433546.0,Makayla Timpson,,,,,-214748340,-214748365
2026-04-25,401866150128,Alex Fowler out of bounds lost ball turnover,Out of Bounds - Lost Ball Turnover,87,False,1,1:05,19,30,New York Liberty,Indiana Fever,4595823.0,Alex Fowler,,,,,45,23
2026-04-25,401866150129,Monique Billings misses 6-foot hook shot,Hook Shot,93,False,1,52.6,19,30,New York Liberty,Indiana Fever,3142255.0,Monique Billings,,,,,23,6
2026-04-25,401866150130,Jonquel Jones defensive rebound,Defensive Rebound,155,False,1,50.9,19,30,New York Liberty,Indiana Fever,2999101.0,Jonquel Jones,,,,,23,6
2026-04-25,401866150131,Rebekah Gardner makes 23-foot running jump shot (Anneli Maley assists),Running Jump Shot,113,True,1,42.9,22,30,New York Liberty,Indiana Fever,2327695.0,Rebekah Gardner,4281930.0,Anneli Maley,,,47,8
2026-04-25,401866150134,Ny'Ceara Pryor personal foul,Personal Foul,45,False,1,39.3,22,30,New York Liberty,Indiana Fever,5106084.0,Ny'Ceara Pryor,,,,,17,14
2026-04-25,401866150136,Caitlin Clark makes free throw 1 of 2,Free Throw - 1 of 2,98,True,1,39.3,22,31,New York Liberty,Indiana Fever,4433403.0,Caitlin Clark,,,,,-214748340,-214748365
2026-04-25,401866150137,Caitlin Clark makes free throw 2 of 2,Free Throw - 2 of 2,99,True,1,39.3,22,32,New York Liberty,Indiana Fever,4433403.0,Caitlin Clark,,,,,-214748340,-214748365
2026-04-25,401866150138,Rebekah Gardner makes 8-foot driving floating jump shot,Driving Floating Jump Shot,144,True,1,15.3,24,32,New York Liberty,Indiana Fever,2327695.0,Rebekah Gardner,,,,,28,7
2026-04-25,401866150140,Caitlin Clark misses 24-foot three point step back jumpshot,Step Back Jump Shot,132,False,1,3.5,24,32,New York Liberty,Indiana Fever,4433403.0,Caitlin Clark,,,,,35,22
2026-04-25,401866150141,Liberty defensive team rebound,Defensive Rebound,155,False,1,1.0,24,32,New York Liberty,Indiana Fever,,,,,,,35,22
2026-04-25,401866150143,End of the 1st Quarter,End Period,412,False,1,0.0,24,32,New York Liberty,Indiana Fever,,,,,,,-214748340,-214748365
2026-04-25,401866150146,Sabrina Ionescu enters the game for Ny'Ceara Pryor,Substitution,584,False,2,10:00,24,32,New York Liberty,Indiana Fever,4066533.0,Sabrina Ionescu,5106084.0,Ny'Ceara Pryor,,,-214748340,-214748365
2026-04-25,401866150147,Breanna Stewart enters the game for Alex Fowler,Substitution,584,False,2,10:00,24,32,New York Liberty,Indiana Fever,2998928.0,Breanna Stewart,4595823.0,Alex Fowler,,,-214748340,-214748365
2026-04-25,401866150148,Betnijah Laney-Hamilton enters the game for Rebekah Gardner,Substitution,584,False,2,10:00,24,32,New York Liberty,Indiana Fever,2593770.0,Betnijah Laney-Hamilton,2327695.0,Rebekah Gardner,,,-214748340,-214748365
2026-04-25,401866150149,Sophie Cunningham enters the game for Raven Johnson,Substitution,584,False,2,10:00,24,32,New York Liberty,Indiana Fever,3907781.0,Sophie Cunningham,4433797.0,Raven Johnson,,,-214748340,-214748365
2026-04-25,401866150150,Myisha Hines-Allen enters the game for Makayla Timpson,Substitution,584,False,2,10:00,24,32,New York Liberty,Indiana Fever,3142055.0,Myisha Hines-Allen,4433546.0,Makayla Timpson,,,-214748340,-214748365
2026-04-25,401866150151,Kayana Traylor enters the game for Shatori Walker-Kimbrough,Substitution,584,False,2,10:00,24,32,New York Liberty,Indiana Fever,4398947.0,Kayana Traylor,3058893.0,Shatori Walker-Kimbrough,,,-214748340,-214748365
2026-04-25,401866150159,Breanna Stewart makes 3-foot two point shot (Sabrina Ionescu assists),Driving Finger Roll Layup,128,True,2,9:47,26,32,New York Liberty,Indiana Fever,2998928.0,Breanna Stewart,4066533.0,Sabrina Ionescu,,,27,2
2026-04-25,401866150161,"Kayana Traylor bad pass
turnover (Sabrina Ionescu steals)","Bad Pass
Turnover",62,False,2,9:34,26,32,New York Liberty,Indiana Fever,4398947.0,Kayana Traylor,4066533.0,Sabrina Ionescu,,,11,25
2026-04-25,401866150163,Breanna Stewart makes 26-foot running pullup jump shot (Sabrina Ionescu assists),Running Pullup Jump Shot,146,True,2,9:29,29,32,New York Liberty,Indiana Fever,2998928.0,Breanna Stewart,4066533.0,Sabrina Ionescu,,,12,23
2026-04-25,401866150165,Myisha Hines-Allen offensive charge,Offensive Charge,24,False,2,9:15,29,32,New York Liberty,Indiana Fever,3142055.0,Myisha Hines-Allen,,,,,37,0
2026-04-25,401866150167,Myisha Hines-Allen offensive foul turnover,Offensive Foul Turnover,84,False,2,9:15,29,32,New York Liberty,Indiana Fever,3142055.0,Myisha Hines-Allen,,,,,37,0
2026-04-25,401866150168,Breanna Stewart makes 3-foot two point shot (Sabrina Ionescu assists),Driving Finger Roll Layup,128,True,2,9:03,31,32,New York Liberty,Indiana Fever,2998928.0,Breanna Stewart,4066533.0,Sabrina Ionescu,,,24,3
2026-04-25,401866150170,Kayana Traylor misses 26-foot three point jumper,Jump Shot,92,False,2,8:41,31,32,New York Liberty,Indiana Fever,4398947.0,Kayana Traylor,,,,,39,22
2026-04-25,401866150171,Anneli Maley defensive rebound,Defensive Rebound,155,False,2,8:39,31,32,New York Liberty,Indiana Fever,4281930.0,Anneli Maley,,,,,39,22
2026-04-25,401866150172,Breanna Stewart makes 25-foot three point jumper (Anneli Maley assists),Jump Shot,92,True,2,8:30,34,32,New York Liberty,Indiana Fever,2998928.0,Breanna Stewart,4281930.0,Anneli Maley,,,45,16
2026-04-25,401866150174,Fever Full timeout,Full Timeout,16,False,2,8:28,34,32,New York Liberty,Indiana Fever,,,,,,,-214748340,-214748365
2026-04-25,401866150175,Monique Billings makes 3-foot two point shot (Myisha Hines-Allen assists),Driving Finger Roll Layup,128,True,2,8:09,34,34,New York Liberty,Indiana Fever,3142255.0,Monique Billings,3142055.0,Myisha Hines-Allen,,,27,2
2026-04-25,401866150177,Monique Billings shooting foul,Shooting Foul,44,False,2,7:56,34,34,New York Liberty,Indiana Fever,3142255.0,Monique Billings,,,,,13,5
2026-04-25,401866150179,Breanna Stewart makes free throw 1 of 2,Free Throw - 1 of 2,98,True,2,7:56,35,34,New York Liberty,Indiana Fever,2998928.0,Breanna Stewart,,,,,-214748340,-214748365
2026-04-25,401866150180,Breanna Stewart makes free throw 2 of 2,Free Throw - 2 of 2,99,True,2,7:56,36,34,New York Liberty,Indiana Fever,2998928.0,Breanna Stewart,,,,,-214748340,-214748365
2026-04-25,401866150181,Caitlin Clark misses 19-foot step back jumpshot,Step Back Jump Shot,132,False,2,7:39,36,34,New York Liberty,Indiana Fever,4433403.0,Caitlin Clark,,,,,17,17
2026-04-25,401866150182,Jonquel Jones defensive rebound,Defensive Rebound,155,False,2,7:37,36,34,New York Liberty,Indiana Fever,2999101.0,Jonquel Jones,,,,,17,17
2026-04-25,401866150183,Anneli Maley misses driving floating jump shot,Driving Floating Jump Shot,144,False,2,7:19,36,34,New York Liberty,Indiana Fever,4281930.0,Anneli Maley,,,,,27,8
2026-04-25,401866150184,Jonquel Jones offensive rebound,Offensive Rebound,156,False,2,7:19,36,34,New York Liberty,Indiana Fever,2999101.0,Jonquel Jones,,,,,27,8
2026-04-25,401866150185,Monique Billings personal foul,Personal Foul,45,False,2,7:19,36,34,New York Liberty,Indiana Fever,3142255.0,Monique Billings,,,,,24,4
2026-04-25,401866150187,Kelsey Mitchell enters the game for Kayana Traylor,Substitution,584,False,2,7:19,36,34,New York Liberty,Indiana Fever,3142191.0,Kelsey Mitchell,4398947.0,Kayana Traylor,,,-214748340,-214748365
2026-04-25,401866150189,Makayla Timpson enters the game for Monique Billings,Substitution,584,False,2,7:19,36,34,New York Liberty,Indiana Fever,4433546.0,Makayla Timpson,3142255.0,Monique Billings,,,-214748340,-214748365
2026-04-25,401866150191,Makayla Timpson shooting foul,Shooting Foul,44,False,2,7:11,36,34,New York Liberty,Indiana Fever,4433546.0,Makayla Timpson,,,,,28,3
2026-04-25,401866150193,Sabrina Ionescu makes free throw 1 of 2,Free Throw - 1 of 2,98,True,2,7:11,37,34,New York Liberty,Indiana Fever,4066533.0,Sabrina Ionescu,,,,,-214748340,-214748365
2026-04-25,401866150194,Han Xu enters the game for Anneli Maley,Substitution,584,False,2,7:11,37,34,New York Liberty,Indiana Fever,4337216.0,Han Xu,4281930.0,Anneli Maley,,,-214748340,-214748365
2026-04-25,401866150196,Sabrina Ionescu misses free throw 2 of 2,Free Throw - 2 of 2,99,False,2,7:11,37,34,New York Liberty,Indiana Fever,4066533.0,Sabrina Ionescu,,,,,-214748340,-214748365
2026-04-25,401866150197,Sophie Cunningham defensive rebound,Defensive Rebound,155,False,2,7:09,37,34,New York Liberty,Indiana Fever,3907781.0,Sophie Cunningham,,,,,-214748340,-214748365
2026-04-25,401866150254,Kelsey Mitchell misses 15-foot step back jumpshot,Step Back Jump Shot,132,False,2,7:00,37,34,New York Liberty,Indiana Fever,3142191.0,Kelsey Mitchell,,,,,15,11
2026-04-25,401866150255,Jonquel Jones defensive rebound,Defensive Rebound,155,False,2,6:59,37,34,New York Liberty,Indiana Fever,2999101.0,Jonquel Jones,,,,,15,11
2026-04-25,401866150200,Han Xu makes running layup (Betnijah Laney-Hamilton assists),Running Layup Shot,109,True,2,6:51,39,34,New York Liberty,Indiana Fever,4337216.0,Han Xu,2593770.0,Betnijah Laney-Hamilton,,,27,3
2026-04-25,401866150202,Jonquel Jones shooting foul,Shooting Foul,44,False,2,6:39,39,34,New York Liberty,Indiana Fever,2999101.0,Jonquel Jones,,,,,21,1
2026-04-25,401866150204,Makayla Timpson makes free throw 1 of 2,Free Throw - 1 of 2,98,True,2,6:39,39,35,New York Liberty,Indiana Fever,4433546.0,Makayla Timpson,,,,,-214748340,-214748365
2026-04-25,401866150205,Makayla Timpson makes free throw 2 of 2,Free Throw - 2 of 2,99,True,2,6:39,39,36,New York Liberty,Indiana Fever,4433546.0,Makayla Timpson,,,,,-214748340,-214748365
2026-04-25,401866150206,"Sabrina Ionescu bad pass
turnover (Sophie Cunningham steals)","Bad Pass
Turnover",62,False,2,6:27,39,36,New York Liberty,Indiana Fever,4066533.0,Sabrina Ionescu,3907781.0,Sophie Cunningham,,,24,16
2026-04-25,401866150208,Jonquel Jones personal foul,Personal Foul,45,False,2,6:26,39,36,New York Liberty,Indiana Fever,2999101.0,Jonquel Jones,,,,,25,22
2026-04-25,401866150210,Sophie Cunningham makes 24-foot three point jumper (Myisha Hines-Allen assists),Jump Shot,92,True,2,6:17,39,39,New York Liberty,Indiana Fever,3907781.0,Sophie Cunningham,3142055.0,Myisha Hines-Allen,,,23,24
2026-04-25,401866150212,Jonquel Jones out of bounds bad pass turnover,Out of Bounds - Bad Pass Turnover,90,False,2,6:04,39,39,New York Liberty,Indiana Fever,2999101.0,Jonquel Jones,,,,,36,10
2026-04-25,401866150213,Sophie Cunningham misses 25-foot three point jumper,Jump Shot,92,False,2,5:48,39,39,New York Liberty,Indiana Fever,3907781.0,Sophie Cunningham,,,,,48,9
2026-04-25,401866150214,Breanna Stewart defensive rebound,Defensive Rebound,155,False,2,5:46,39,39,New York Liberty,Indiana Fever,2998928.0,Breanna Stewart,,,,,48,9
2026-04-25,401866150219,(05:34) [Fever] COACH'S CHALLENGE (CALL OVERTURNED) [Fever] retain their timeout,Coach's Challenge (Overturned),215,False,2,5:34,39,39,New York Liberty,Indiana Fever,,,,,,,-214748340,-214748365
2026-04-25,401866150220,Rebekah Gardner enters the game for Betnijah Laney-Hamilton,Substitution,584,False,2,5:34,39,39,New York Liberty,Indiana Fever,2327695.0,Rebekah Gardner,2593770.0,Betnijah Laney-Hamilton,,,-214748340,-214748365
2026-04-25,401866150221,Shatori Walker-Kimbrough enters the game for Sophie Cunningham,Substitution,584,False,2,5:34,39,39,New York Liberty,Indiana Fever,3058893.0,Shatori Walker-Kimbrough,3907781.0,Sophie Cunningham,,,-214748340,-214748365
2026-04-25,401866150222,Raven Johnson enters the game for Caitlin Clark,Substitution,584,False,2,5:34,39,39,New York Liberty,Indiana Fever,4433797.0,Raven Johnson,4433403.0,Caitlin Clark,,,-214748340,-214748365
2026-04-25,401866150234,Jonquel Jones out of bounds lost ball turnover,Out of Bounds - Lost Ball Turnover,87,False,2,5:34,39,39,New York Liberty,Indiana Fever,2999101.0,Jonquel Jones,,,,,24,2
2026-04-25,401866150329,Liberty Full timeout,Full Timeout,16,False,2,5:34,39,39,New York Liberty,Indiana Fever,,,,,,,-214748340,-214748365
2026-04-25,401866150226,Shatori Walker-Kimbrough misses 13-foot pullup jump shot,Pullup Jump Shot,131,False,2,5:19,39,39,New York Liberty,Indiana Fever,3058893.0,Shatori Walker-Kimbrough,,,,,19,12
2026-04-25,401866150227,Jonquel Jones defensive rebound,Defensive Rebound,155,False,2,5:16,39,39,New York Liberty,Indiana Fever,2999101.0,Jonquel Jones,,,,,19,12
2026-04-25,401866150228,Raven Johnson personal foul,Personal Foul,45,False,2,5:12,39,39,New York Liberty,Indiana Fever,4433797.0,Raven Johnson,,,,,14,6
2026-04-25,401866150230,Ny'Ceara Pryor enters the game for Sabrina Ionescu,Substitution,584,False,2,5:12,39,39,New York Liberty,Indiana Fever,5106084.0,Ny'Ceara Pryor,4066533.0,Sabrina Ionescu,,,-214748340,-214748365
2026-04-25,401866150231,Alex Fowler enters the game for Breanna Stewart,Substitution,584,False,2,5:12,39,39,New York Liberty,Indiana Fever,4595823.0,Alex Fowler,2998928.0,Breanna Stewart,,,-214748340,-214748365
2026-04-25,401866150235,Jonquel Jones makes 3-foot layup (Ny'Ceara Pryor assists),Cutting Layup Shot,141,True,2,5:00,41,39,New York Liberty,Indiana Fever,2999101.0,Jonquel Jones,5106084.0,Ny'Ceara Pryor,,,25,3
2026-04-25,401866150237,Myisha Hines-Allen misses driving floating jump shot,Driving Floating Jump Shot,144,False,2,4:49,41,39,New York Liberty,Indiana Fever,3142055.0,Myisha Hines-Allen,,,,,24,1
2026-04-25,401866150238,Myisha Hines-Allen offensive rebound,Offensive Rebound,156,False,2,4:49,41,39,New York Liberty,Indiana Fever,3142055.0,Myisha Hines-Allen,,,,,24,1
2026-04-25,401866150239,Myisha Hines-Allen misses two point shot,Layup Shot Putback,125,False,2,4:48,41,39,New York Liberty,Indiana Fever,3142055.0,Myisha Hines-Allen,,,,,25,0
2026-04-25,401866150240,Jonquel Jones defensive rebound,Defensive Rebound,155,False,2,4:47,41,39,New York Liberty,Indiana Fever,2999101.0,Jonquel Jones,,,,,25,0
2026-04-25,401866150241,Han Xu makes 5-foot two point shot (Jonquel Jones assists),Driving Hook Shot,119,True,2,4:35,43,39,New York Liberty,Indiana Fever,4337216.0,Han Xu,2999101.0,Jonquel Jones,,,23,5
2026-04-25,401866150243,Makayla Timpson shooting foul,Shooting Foul,44,False,2,4:35,43,39,New York Liberty,Indiana Fever,4433546.0,Makayla Timpson,,,,,23,5
2026-04-25,401866150245,Monique Billings enters the game for Myisha Hines-Allen,Substitution,584,False,2,4:35,43,39,New York Liberty,Indiana Fever,3142255.0,Monique Billings,3142055.0,Myisha Hines-Allen,,,-214748340,-214748365
2026-04-25,401866150247,Han Xu makes free throw 1 of 1,Free Throw - 1 of 1,97,True,2,4:35,44,39,New York Liberty,Indiana Fever,4337216.0,Han Xu,,,,,-214748340,-214748365
2026-04-25,401866150248,Alex Fowler personal foul,Personal Foul,45,False,2,4:15,44,39,New York Liberty,Indiana Fever,4595823.0,Alex Fowler,,,,,31,4
2026-04-25,401866150250,Anneli Maley enters the game for Jonquel Jones,Substitution,584,False,2,4:15,44,39,New York Liberty,Indiana Fever,4281930.0,Anneli Maley,2999101.0,Jonquel Jones,,,-214748340,-214748365
2026-04-25,401866150252,"Kelsey Mitchell bad pass
turnover (Alex Fowler steals)","Bad Pass
Turnover",62,False,2,4:11,44,39,New York Liberty,Indiana Fever,3142191.0,Kelsey Mitchell,4595823.0,Alex Fowler,,,6,24
2026-04-25,401866150256,Raven Johnson blocks Ny'Ceara Pryor 's 5-foot driving layup,Driving Layup Shot,110,False,2,3:56,44,39,New York Liberty,Indiana Fever,5106084.0,Ny'Ceara Pryor,4433797.0,Raven Johnson,,,29,2
2026-04-25,401866150258,Raven Johnson defensive rebound,Defensive Rebound,155,False,2,3:55,44,39,New York Liberty,Indiana Fever,4433797.0,Raven Johnson,,,,,29,2
2026-04-25,401866150259,Kelsey Mitchell misses running pullup jump shot,Running Pullup Jump Shot,146,False,2,3:48,44,39,New York Liberty,Indiana Fever,3142191.0,Kelsey Mitchell,,,,,7,16
2026-04-25,401866150260,Makayla Timpson offensive rebound,Offensive Rebound,156,False,2,3:48,44,39,New York Liberty,Indiana Fever,4433546.0,Makayla Timpson,,,,,7,16
2026-04-25,401866150261,Monique Billings misses layup,Layup Shot,95,False,2,3:47,44,39,New York Liberty,Indiana Fever,3142255.0,Monique Billings,,,,,25,0
2026-04-25,401866150262,Rebekah Gardner defensive rebound,Defensive Rebound,155,False,2,3:46,44,39,New York Liberty,Indiana Fever,2327695.0,Rebekah Gardner,,,,,25,0
2026-04-25,401866150263,Han Xu makes 14-foot turnaround jump shot (Anneli Maley assists),Turnaround Jump Shot,114,True,2,3:31,46,39,New York Liberty,Indiana Fever,4337216.0,Han Xu,4281930.0,Anneli Maley,,,11,3
2026-04-25,401866150265,Kelsey Mitchell misses 17-foot step back jumpshot,Step Back Jump Shot,132,False,2,3:16,46,39,New York Liberty,Indiana Fever,3142191.0,Kelsey Mitchell,,,,,9,8
2026-04-25,401866150266,Anneli Maley defensive rebound,Defensive Rebound,155,False,2,3:14,46,39,New York Liberty,Indiana Fever,4281930.0,Anneli Maley,,,,,9,8
2026-04-25,401866150267,Ny'Ceara Pryor out of bounds bad pass turnover,Out of Bounds - Bad Pass Turnover,90,False,2,3:12,46,39,New York Liberty,Indiana Fever,5106084.0,Ny'Ceara Pryor,,,,,24,29
2026-04-25,401866150268,Betnijah Laney-Hamilton enters the game for Ny'Ceara Pryor,Substitution,584,False,2,3:12,46,39,New York Liberty,Indiana Fever,2593770.0,Betnijah Laney-Hamilton,5106084.0,Ny'Ceara Pryor,,,-214748340,-214748365
2026-04-25,401866150269,Sabrina Ionescu enters the game for Rebekah Gardner,Substitution,584,False,2,3:12,46,39,New York Liberty,Indiana Fever,4066533.0,Sabrina Ionescu,2327695.0,Rebekah Gardner,,,-214748340,-214748365
2026-04-25,401866150272,Shatori Walker-Kimbrough misses 25-foot three point jumper,Jump Shot,92,False,2,3:01,46,39,New York Liberty,Indiana Fever,3058893.0,Shatori Walker-Kimbrough,,,,,48,10
2026-04-25,401866150273,Sabrina Ionescu defensive rebound,Defensive Rebound,155,False,2,2:59,46,39,New York Liberty,Indiana Fever,4066533.0,Sabrina Ionescu,,,,,48,10
2026-04-25,401866150274,Han Xu misses driving floating jump shot,Driving Floating Jump Shot,144,False,2,2:46,46,39,New York Liberty,Indiana Fever,4337216.0,Han Xu,,,,,36,9
2026-04-25,401866150275,Monique Billings defensive rebound,Defensive Rebound,155,False,2,2:43,46,39,New York Liberty,Indiana Fever,3142255.0,Monique Billings,,,,,36,9
2026-04-25,401866150276,Raven Johnson makes running layup,Running Layup Shot,109,True,2,2:38,46,41,New York Liberty,Indiana Fever,4433797.0,Raven Johnson,,,,,28,0
2026-04-25,401866150277,"Betnijah Laney-Hamilton bad pass
turnover (Raven Johnson steals)","Bad Pass
Turnover",62,False,2,2:22,46,41,New York Liberty,Indiana Fever,2593770.0,Betnijah Laney-Hamilton,4433797.0,Raven Johnson,,,31,25
2026-04-25,401866150279,Monique Billings makes running layup (Raven Johnson assists),Running Layup Shot,109,True,2,2:16,46,43,New York Liberty,Indiana Fever,3142255.0,Monique Billings,4433797.0,Raven Johnson,,,27,1
2026-04-25,401866150281,Monique Billings blocks Alex Fowler 's 7-foot hook shot,Hook Shot,93,False,2,2:02,46,43,New York Liberty,Indiana Fever,4595823.0,Alex Fowler,3142255.0,Monique Billings,,,29,6
2026-04-25,401866150283,Shatori Walker-Kimbrough defensive rebound,Defensive Rebound,155,False,2,1:59,46,43,New York Liberty,Indiana Fever,3058893.0,Shatori Walker-Kimbrough,,,,,29,6
2026-04-25,401866150284,Kelsey Mitchell makes 23-foot running pullup jump shot (Raven Johnson assists),Running Pullup Jump Shot,146,True,2,1:55,46,46,New York Liberty,Indiana Fever,3142191.0,Kelsey Mitchell,4433797.0,Raven Johnson,,,2,-2
2026-04-25,401866150286,Makayla Timpson personal foul,Personal Foul,45,False,2,1:33,46,46,New York Liberty,Indiana Fever,4433546.0,Makayla Timpson,,,,,32,3
2026-04-25,401866150288,Myisha Hines-Allen enters the game for Raven Johnson,Substitution,584,False,2,1:33,46,46,New York Liberty,Indiana Fever,3142055.0,Myisha Hines-Allen,4433797.0,Raven Johnson,,,-214748340,-214748365
2026-04-25,401866150289,Sophie Cunningham enters the game for Makayla Timpson,Substitution,584,False,2,1:33,46,46,New York Liberty,Indiana Fever,3907781.0,Sophie Cunningham,4433546.0,Makayla Timpson,,,-214748340,-214748365
2026-04-25,401866150290,Caitlin Clark enters the game for Shatori Walker-Kimbrough,Substitution,584,False,2,1:33,46,46,New York Liberty,Indiana Fever,4433403.0,Caitlin Clark,3058893.0,Shatori Walker-Kimbrough,,,-214748340,-214748365
2026-04-25,401866150294,Han Xu makes free throw 1 of 2,Free Throw - 1 of 2,98,True,2,1:33,47,46,New York Liberty,Indiana Fever,4337216.0,Han Xu,,,,,-214748340,-214748365
2026-04-25,401866150296,Han Xu makes free throw 2 of 2,Free Throw - 2 of 2,99,True,2,1:33,48,46,New York Liberty,Indiana Fever,4337216.0,Han Xu,,,,,-214748340,-214748365
2026-04-25,401866150297,Kelsey Mitchell makes driving layup (Caitlin Clark assists),Driving Layup Shot,110,True,2,1:21,48,48,New York Liberty,Indiana Fever,3142191.0,Kelsey Mitchell,4433403.0,Caitlin Clark,,,22,1
2026-04-25,401866150299,Sabrina Ionescu out of bounds bad pass turnover,Out of Bounds - Bad Pass Turnover,90,False,2,1:12,48,48,New York Liberty,Indiana Fever,4066533.0,Sabrina Ionescu,,,,,6,24
2026-04-25,401866150300,Jonquel Jones enters the game for Han Xu,Substitution,584,False,2,1:12,48,48,New York Liberty,Indiana Fever,2999101.0,Jonquel Jones,4337216.0,Han Xu,,,-214748340,-214748365
2026-04-25,401866150302,Caitlin Clark misses 24-foot three point pullup jump shot,Pullup Jump Shot,131,False,2,58.7,48,48,New York Liberty,Indiana Fever,4433403.0,Caitlin Clark,,,,,11,20
2026-04-25,401866150303,Sabrina Ionescu defensive rebound,Defensive Rebound,155,False,2,56.3,48,48,New York Liberty,Indiana Fever,4066533.0,Sabrina Ionescu,,,,,11,20
2026-04-25,401866150304,Caitlin Clark blocks Betnijah Laney-Hamilton 's 10-foot driving layup,Driving Layup Shot,110,False,2,50.0,48,48,New York Liberty,Indiana Fever,2593770.0,Betnijah Laney-Hamilton,4433403.0,Caitlin Clark,,,35,2
2026-04-25,401866150306,Fever defensive team rebound,Defensive Rebound,155,False,2,50.0,48,48,New York Liberty,Indiana Fever,,,,,,,35,2
2026-04-25,401866150308,Kelsey Mitchell makes 23-foot three pointer (Sophie Cunningham assists),Pullup Jump Shot,131,True,2,33.1,48,51,New York Liberty,Indiana Fever,3142191.0,Kelsey Mitchell,3907781.0,Sophie Cunningham,,,2,1
2026-04-25,401866150310,Monique Billings shooting foul,Shooting Foul,44,False,2,14.8,48,51,New York Liberty,Indiana Fever,3142255.0,Monique Billings,,,,,21,6
2026-04-25,401866150312,Alex Fowler misses free throw 1 of 2,Free Throw - 1 of 2,98,False,2,14.8,48,51,New York Liberty,Indiana Fever,4595823.0,Alex Fowler,,,,,-214748340,-214748365
2026-04-25,401866150313,Liberty offensive team rebound,Offensive Rebound,156,False,2,14.8,48,51,New York Liberty,Indiana Fever,,,,,,,-214748340,-214748365
2026-04-25,401866150314,Ny'Ceara Pryor enters the game for Sabrina Ionescu,Substitution,584,False,2,14.8,48,51,New York Liberty,Indiana Fever,5106084.0,Ny'Ceara Pryor,4066533.0,Sabrina Ionescu,,,-214748340,-214748365
2026-04-25,401866150316,Alex Fowler misses free throw 2 of 2,Free Throw - 2 of 2,99,False,2,14.8,48,51,New York Liberty,Indiana Fever,4595823.0,Alex Fowler,,,,,-214748340,-214748365
2026-04-25,401866150317,Myisha Hines-Allen defensive rebound,Defensive Rebound,155,False,2,13.4,48,51,New York Liberty,Indiana Fever,3142055.0,Myisha Hines-Allen,,,,,-214748340,-214748365
2026-04-25,401866150318,Anneli Maley shooting foul,Shooting Foul,44,False,2,1.6,48,51,New York Liberty,Indiana Fever,4281930.0,Anneli Maley,,,,,28,5
2026-04-25,401866150320,Liberty Full timeout,Full Timeout,16,False,2,1.6,48,51,New York Liberty,Indiana Fever,,,,,,,-214748340,-214748365
2026-04-25,401866150321,(00:01.6) [Liberty] COACH'S CHALLENGE (REPLAY SUPPORTS CALL) [Liberty] charged with a timeout,Coach's Challenge (Supported),214,False,2,1.6,48,51,New York Liberty,Indiana Fever,,,,,,,-214748340,-214748365
2026-04-25,401866150322,Raven Johnson enters the game for Caitlin Clark,Substitution,584,False,2,1.6,48,51,New York Liberty,Indiana Fever,4433797.0,Raven Johnson,4433403.0,Caitlin Clark,,,-214748340,-214748365
2026-04-25,401866150324,Kelsey Mitchell makes free throw 1 of 2,Free Throw - 1 of 2,98,True,2,1.6,48,52,New York Liberty,Indiana Fever,3142191.0,Kelsey Mitchell,,,,,-214748340,-214748365
2026-04-25,401866150325,Kelsey Mitchell makes free throw 2 of 2,Free Throw - 2 of 2,99,True,2,1.6,48,53,New York Liberty,Indiana Fever,3142191.0,Kelsey Mitchell,,,,,-214748340,-214748365
2026-04-25,401866150326,Betnijah Laney-Hamilton misses 42-foot three point pullup jump shot,Pullup Jump Shot,131,False,2,0.7,48,53,New York Liberty,Indiana Fever,2593770.0,Betnijah Laney-Hamilton,,,,,10,39
2026-04-25,401866150327,Liberty offensive team rebound,Offensive Rebound,156,False,2,0.1,48,53,New York Liberty,Indiana Fever,,,,,,,10,39
2026-04-25,401866150328,End of the 2nd Quarter,End Period,412,False,2,0.0,48,53,New York Liberty,Indiana Fever,,,,,,,-214748340,-214748365
2026-04-25,401866150330,Rebekah Gardner enters the game for Jonquel Jones,Substitution,584,False,3,10:00,48,53,New York Liberty,Indiana Fever,2327695.0,Rebekah Gardner,2999101.0,Jonquel Jones,,,-214748340,-214748365
2026-04-25,401866150331,Han Xu enters the game for Betnijah Laney-Hamilton,Substitution,584,False,3,10:00,48,53,New York Liberty,Indiana Fever,4337216.0,Han Xu,2593770.0,Betnijah Laney-Hamilton,,,-214748340,-214748365
2026-04-25,401866150332,Caitlin Clark enters the game for Raven Johnson,Substitution,584,False,3,10:00,48,53,New York Liberty,Indiana Fever,4433403.0,Caitlin Clark,4433797.0,Raven Johnson,,,-214748340,-214748365
2026-04-25,401866150337,shot clock turnover ,Shot Clock Turnover,70,False,3,9:35,48,53,New York Liberty,Indiana Fever,,,,,,,13,9
2026-04-25,401866150338,Han Xu blocks Caitlin Clark 's 5-foot driving layup,Driving Layup Shot,110,False,3,9:28,48,53,New York Liberty,Indiana Fever,4433403.0,Caitlin Clark,4337216.0,Han Xu,,,30,2
2026-04-25,401866150340,Monique Billings offensive rebound,Offensive Rebound,156,False,3,9:26,48,53,New York Liberty,Indiana Fever,3142255.0,Monique Billings,,,,,30,2
2026-04-25,401866150341,Caitlin Clark misses 26-foot three point jumper,Jump Shot,92,False,3,9:19,48,53,New York Liberty,Indiana Fever,4433403.0,Caitlin Clark,,,,,41,20
2026-04-25,401866150342,Anneli Maley defensive rebound,Defensive Rebound,155,False,3,9:16,48,53,New York Liberty,Indiana Fever,4281930.0,Anneli Maley,,,,,41,20
2026-04-25,401866150343,Rebekah Gardner misses 25-foot three point step back jumpshot,Step Back Jump Shot,132,False,3,8:53,48,53,New York Liberty,Indiana Fever,2327695.0,Rebekah Gardner,,,,,40,20
2026-04-25,401866150344,Caitlin Clark defensive rebound,Defensive Rebound,155,False,3,8:50,48,53,New York Liberty,Indiana Fever,4433403.0,Caitlin Clark,,,,,40,20
2026-04-25,401866150345,Monique Billings misses driving layup,Driving Layup Shot,110,False,3,8:42,48,53,New York Liberty,Indiana Fever,3142255.0,Monique Billings,,,,,29,2
2026-04-25,401866150346,Han Xu defensive rebound,Defensive Rebound,155,False,3,8:41,48,53,New York Liberty,Indiana Fever,4337216.0,Han Xu,,,,,29,2
2026-04-25,401866150347,Alex Fowler offensive foul,Offensive Foul,42,False,3,8:35,48,53,New York Liberty,Indiana Fever,4595823.0,Alex Fowler,,,,,17,5
2026-04-25,401866150349,Alex Fowler offensive foul turnover,Offensive Foul Turnover,84,False,3,8:35,48,53,New York Liberty,Indiana Fever,4595823.0,Alex Fowler,,,,,17,5
2026-04-25,401866150350,Kelsey Mitchell makes 13-foot pullup jump shot (Caitlin Clark assists),Pullup Jump Shot,131,True,3,8:19,48,55,New York Liberty,Indiana Fever,3142191.0,Kelsey Mitchell,4433403.0,Caitlin Clark,,,29,13
2026-04-25,401866150352,Rebekah Gardner makes 1-foot two point shot,Driving Finger Roll Layup,128,True,3,8:06,50,55,New York Liberty,Indiana Fever,2327695.0,Rebekah Gardner,,,,,26,1
2026-04-25,401866150353,Rebekah Gardner personal foul,Personal Foul,45,False,3,7:53,50,55,New York Liberty,Indiana Fever,2327695.0,Rebekah Gardner,,,,,21,7
2026-04-25,401866150355,Caitlin Clark vs. Ny'Ceara Pryor (Myisha Hines-Allen gains possession),Jumpball,615,False,3,7:44,50,55,New York Liberty,Indiana Fever,4433403.0,Caitlin Clark,5106084.0,Ny'Ceara Pryor,3142055.0,Myisha Hines-Allen,-214748340,-214748365
2026-04-25,401866150358,Han Xu blocks Myisha Hines-Allen 's 4-foot layup,Layup Shot,95,False,3,7:42,50,55,New York Liberty,Indiana Fever,3142055.0,Myisha Hines-Allen,4337216.0,Han Xu,,,29,2
2026-04-25,401866150360,Myisha Hines-Allen offensive rebound,Offensive Rebound,156,False,3,7:42,50,55,New York Liberty,Indiana Fever,3142055.0,Myisha Hines-Allen,,,,,29,2
2026-04-25,401866150361,Myisha Hines-Allen misses two point shot,Layup Shot Putback,125,False,3,7:41,50,55,New York Liberty,Indiana Fever,3142055.0,Myisha Hines-Allen,,,,,31,3
2026-04-25,401866150362,Ny'Ceara Pryor defensive rebound,Defensive Rebound,155,False,3,7:39,50,55,New York Liberty,Indiana Fever,5106084.0,Ny'Ceara Pryor,,,,,31,3
2026-04-25,401866150363,Han Xu traveling turnover,Traveling,64,False,3,7:33,50,55,New York Liberty,Indiana Fever,4337216.0,Han Xu,,,,,17,21
2026-04-25,401866150364,Caitlin Clark misses 20-foot step back jumpshot,Step Back Jump Shot,132,False,3,7:22,50,55,New York Liberty,Indiana Fever,4433403.0,Caitlin Clark,,,,,15,18
2026-04-25,401866150365,Fever offensive team rebound,Offensive Rebound,156,False,3,7:21,50,55,New York Liberty,Indiana Fever,,,,,,,15,18
2026-04-25,401866150366,Ny'Ceara Pryor loose ball foul,Loose Ball Foul,43,False,3,7:21,50,55,New York Liberty,Indiana Fever,5106084.0,Ny'Ceara Pryor,,,,,31,5
2026-04-25,401866150368,Kelsey Mitchell misses layup,Cutting Layup Shot,141,False,3,7:18,50,55,New York Liberty,Indiana Fever,3142191.0,Kelsey Mitchell,,,,,28,3
2026-04-25,401866150369,Alex Fowler defensive rebound,Defensive Rebound,155,False,3,7:17,50,55,New York Liberty,Indiana Fever,4595823.0,Alex Fowler,,,,,28,3
2026-04-25,401866150370,Monique Billings personal foul,Personal Foul,45,False,3,7:06,50,55,New York Liberty,Indiana Fever,3142255.0,Monique Billings,,,,,17,2
2026-04-25,401866150372,Derin Erdogan enters the game for Ny'Ceara Pryor,Substitution,584,False,3,7:06,50,55,New York Liberty,Indiana Fever,4703579.0,Derin Erdogan,5106084.0,Ny'Ceara Pryor,,,-214748340,-214748365
2026-04-25,401866150373,Ashley Owusu enters the game for Rebekah Gardner,Substitution,584,False,3,7:06,50,55,New York Liberty,Indiana Fever,4433632.0,Ashley Owusu,2327695.0,Rebekah Gardner,,,-214748340,-214748365
2026-04-25,401866150374,Makayla Timpson enters the game for Kelsey Mitchell,Substitution,584,False,3,7:06,50,55,New York Liberty,Indiana Fever,4433546.0,Makayla Timpson,3142191.0,Kelsey Mitchell,,,-214748340,-214748365
2026-04-25,401866150375,Raven Johnson enters the game for Monique Billings,Substitution,584,False,3,7:06,50,55,New York Liberty,Indiana Fever,4433797.0,Raven Johnson,3142255.0,Monique Billings,,,-214748340,-214748365
2026-04-25,401866150376,Jessica Timmons enters the game for Caitlin Clark,Substitution,584,False,3,7:06,50,55,New York Liberty,Indiana Fever,4433811.0,Jessica Timmons,4433403.0,Caitlin Clark,,,-214748340,-214748365
2026-04-25,401866150382,Derin Erdogan offensive foul,Offensive Foul,42,False,3,7:06,50,55,New York Liberty,Indiana Fever,4703579.0,Derin Erdogan,,,,,12,19
2026-04-25,401866150384,Derin Erdogan offensive foul turnover,Offensive Foul Turnover,84,False,3,7:06,50,55,New York Liberty,Indiana Fever,4703579.0,Derin Erdogan,,,,,12,19
2026-04-25,401866150386,Alex Fowler personal foul,Personal Foul,45,False,3,6:53,50,55,New York Liberty,Indiana Fever,4595823.0,Alex Fowler,,,,,27,17
2026-04-25,401866150388,Sophie Cunningham misses 27-foot three point jumper,Jump Shot,92,False,3,6:44,50,55,New York Liberty,Indiana Fever,3907781.0,Sophie Cunningham,,,,,6,19
2026-04-25,401866150389,Liberty defensive team rebound,Defensive Rebound,155,False,3,6:43,50,55,New York Liberty,Indiana Fever,,,,,,,6,19
2026-04-25,401866150391,"Derin Erdogan bad pass
turnover (Sophie Cunningham steals)","Bad Pass
Turnover",62,False,3,6:41,50,55,New York Liberty,Indiana Fever,4703579.0,Derin Erdogan,3907781.0,Sophie Cunningham,,,13,13
2026-04-25,401866150393,Sophie Cunningham makes layup (Raven Johnson assists),Layup Shot,95,True,3,6:35,50,57,New York Liberty,Indiana Fever,3907781.0,Sophie Cunningham,4433797.0,Raven Johnson,,,24,3
2026-04-25,401866150395,Ny'Ceara Pryor enters the game for Han Xu,Substitution,584,False,3,6:16,50,57,New York Liberty,Indiana Fever,5106084.0,Ny'Ceara Pryor,4337216.0,Han Xu,,,-214748340,-214748365
2026-04-25,401866150396,Justine Pissott enters the game for Myisha Hines-Allen,Substitution,584,False,3,6:16,50,57,New York Liberty,Indiana Fever,4682855.0,Justine Pissott,3142055.0,Myisha Hines-Allen,,,-214748340,-214748365
2026-04-25,401866150397,Shatori Walker-Kimbrough enters the game for Sophie Cunningham,Substitution,584,False,3,6:16,50,57,New York Liberty,Indiana Fever,3058893.0,Shatori Walker-Kimbrough,3907781.0,Sophie Cunningham,,,-214748340,-214748365
2026-04-25,401866150401,Makayla Timpson vs. Anneli Maley (Raven Johnson gains possession),Jumpball,615,False,3,6:16,50,57,New York Liberty,Indiana Fever,4433546.0,Makayla Timpson,4281930.0,Anneli Maley,4433797.0,Raven Johnson,-214748340,-214748365
2026-04-25,401866150404,Anneli Maley lost ball turnover (Makayla Timpson steals),Lost Ball Turnover,63,False,3,6:16,50,57,New York Liberty,Indiana Fever,4281930.0,Anneli Maley,4433546.0,Makayla Timpson,,,44,16
2026-04-25,401866150407,Raven Johnson makes driving layup,Driving Layup Shot,110,True,3,6:06,50,59,New York Liberty,Indiana Fever,4433797.0,Raven Johnson,,,,,27,1
2026-04-25,401866150409,Derin Erdogan makes 2-foot layup (Alex Fowler assists),Cutting Layup Shot,141,True,3,5:52,52,59,New York Liberty,Indiana Fever,4703579.0,Derin Erdogan,4595823.0,Alex Fowler,,,27,1
2026-04-25,401866150411,Jessica Timmons makes 13-foot step back jumpshot (Raven Johnson assists),Step Back Jump Shot,132,True,3,5:39,52,61,New York Liberty,Indiana Fever,4433811.0,Jessica Timmons,4433797.0,Raven Johnson,,,30,12
2026-04-25,401866150413,Jessica Timmons personal foul,Personal Foul,45,False,3,5:33,52,61,New York Liberty,Indiana Fever,4433811.0,Jessica Timmons,,,,,32,13
2026-04-25,401866150415,Ny'Ceara Pryor misses layup,Cutting Layup Shot,141,False,3,5:21,52,61,New York Liberty,Indiana Fever,5106084.0,Ny'Ceara Pryor,,,,,29,3
2026-04-25,401866150416,Liberty offensive team rebound,Offensive Rebound,156,False,3,5:21,52,61,New York Liberty,Indiana Fever,,,,,,,29,3
2026-04-25,401866150418,Justine Pissott shooting foul,Shooting Foul,44,False,3,5:18,52,61,New York Liberty,Indiana Fever,4682855.0,Justine Pissott,,,,,47,9
2026-04-25,401866150420,Anneli Maley makes free throw 1 of 3,Free Throw - 1 of 3,100,True,3,5:18,53,61,New York Liberty,Indiana Fever,4281930.0,Anneli Maley,,,,,-214748340,-214748365
2026-04-25,401866150421,Anneli Maley makes free throw 2 of 3,Free Throw - 2 of 3,101,True,3,5:18,54,61,New York Liberty,Indiana Fever,4281930.0,Anneli Maley,,,,,-214748340,-214748365
2026-04-25,401866150422,Anneli Maley makes free throw 3 of 3,Free Throw - 3 of 3,102,True,3,5:18,55,61,New York Liberty,Indiana Fever,4281930.0,Anneli Maley,,,,,-214748340,-214748365
2026-04-25,401866150423,Justine Pissott misses 26-foot three point jumper,Jump Shot,92,False,3,5:11,55,61,New York Liberty,Indiana Fever,4682855.0,Justine Pissott,,,,,24,26
2026-04-25,401866150424,Ny'Ceara Pryor defensive rebound,Defensive Rebound,155,False,3,5:09,55,61,New York Liberty,Indiana Fever,5106084.0,Ny'Ceara Pryor,,,,,24,26
2026-04-25,401866150425,Justine Pissott shooting foul,Shooting Foul,44,False,3,4:57,55,61,New York Liberty,Indiana Fever,4682855.0,Justine Pissott,,,,,21,3
2026-04-25,401866150427,Official timeout,Official Timeout,19,False,3,4:57,55,61,New York Liberty,Indiana Fever,,,,,,,-214748340,-214748365
2026-04-25,401866150428,Rebekah Gardner enters the game for Anneli Maley,Substitution,584,False,3,4:57,55,61,New York Liberty,Indiana Fever,2327695.0,Rebekah Gardner,4281930.0,Anneli Maley,,,-214748340,-214748365
2026-04-25,401866150430,Ashley Owusu makes free throw 1 of 2,Free Throw - 1 of 2,98,True,3,4:57,56,61,New York Liberty,Indiana Fever,4433632.0,Ashley Owusu,,,,,-214748340,-214748365
2026-04-25,401866150431,Ashley Owusu makes free throw 2 of 2,Free Throw - 2 of 2,99,True,3,4:57,57,61,New York Liberty,Indiana Fever,4433632.0,Ashley Owusu,,,,,-214748340,-214748365
2026-04-25,401866150432,Shatori Walker-Kimbrough makes 3-foot layup (Justine Pissott assists),Cutting Layup Shot,141,True,3,4:41,57,63,New York Liberty,Indiana Fever,3058893.0,Shatori Walker-Kimbrough,4682855.0,Justine Pissott,,,27,2
2026-04-25,401866150434,Rebekah Gardner shooting foul,Shooting Foul,44,False,3,4:41,57,63,New York Liberty,Indiana Fever,2327695.0,Rebekah Gardner,,,,,27,2
2026-04-25,401866150436,Megan McConnell enters the game for Raven Johnson,Substitution,584,False,3,4:41,57,63,New York Liberty,Indiana Fever,4433510.0,Megan McConnell,4433797.0,Raven Johnson,,,-214748340,-214748365
2026-04-25,401866150438,Shatori Walker-Kimbrough makes free throw 1 of 1,Free Throw - 1 of 1,97,True,3,4:41,57,64,New York Liberty,Indiana Fever,3058893.0,Shatori Walker-Kimbrough,,,,,-214748340,-214748365
2026-04-25,401866150439,Ashley Owusu misses 16-foot step back jumpshot,Step Back Jump Shot,132,False,3,4:18,57,64,New York Liberty,Indiana Fever,4433632.0,Ashley Owusu,,,,,14,11
2026-04-25,401866150440,Fever defensive team rebound,Defensive Rebound,155,False,3,4:18,57,64,New York Liberty,Indiana Fever,,,,,,,14,11
2026-04-25,401866150441,Derin Erdogan loose ball foul,Loose Ball Foul,43,False,3,4:18,57,64,New York Liberty,Indiana Fever,4703579.0,Derin Erdogan,,,,,14,11
2026-04-25,401866150443,Justine Pissott makes free throw 1 of 2,Free Throw - 1 of 2,98,True,3,4:18,57,65,New York Liberty,Indiana Fever,4682855.0,Justine Pissott,,,,,-214748340,-214748365
2026-04-25,401866150444,Justine Pissott makes free throw 2 of 2,Free Throw - 2 of 2,99,True,3,4:18,57,66,New York Liberty,Indiana Fever,4682855.0,Justine Pissott,,,,,-214748340,-214748365
2026-04-25,401866150445,"Ny'Ceara Pryor bad pass
turnover (Makayla Timpson steals)","Bad Pass
Turnover",62,False,3,4:05,57,66,New York Liberty,Indiana Fever,5106084.0,Ny'Ceara Pryor,4433546.0,Makayla Timpson,,,18,4
2026-04-25,401866150447,Jessica Timmons makes 25-foot running jump shot (Megan McConnell assists),Running Jump Shot,113,True,3,4:00,57,69,New York Liberty,Indiana Fever,4433811.0,Jessica Timmons,4433510.0,Megan McConnell,,,40,20
2026-04-25,401866150449,Justine Pissott personal foul,Personal Foul,45,False,3,3:50,57,69,New York Liberty,Indiana Fever,4682855.0,Justine Pissott,,,,,18,28
2026-04-25,401866150451,Alex Fowler makes free throw 1 of 2,Free Throw - 1 of 2,98,True,3,3:50,58,69,New York Liberty,Indiana Fever,4595823.0,Alex Fowler,,,,,-214748340,-214748365
2026-04-25,401866150452,Alex Fowler makes free throw 2 of 2,Free Throw - 2 of 2,99,True,3,3:50,59,69,New York Liberty,Indiana Fever,4595823.0,Alex Fowler,,,,,-214748340,-214748365
2026-04-25,401866150453,Jessica Timmons misses 26-foot three point jumper,Jump Shot,92,False,3,3:38,59,69,New York Liberty,Indiana Fever,4433811.0,Jessica Timmons,,,,,32,26
2026-04-25,401866150454,Alex Fowler defensive rebound,Defensive Rebound,155,False,3,3:38,59,69,New York Liberty,Indiana Fever,4595823.0,Alex Fowler,,,,,32,26
2026-04-25,401866150455,Alex Fowler makes layup (Rebekah Gardner assists),Layup Shot,95,True,3,3:23,61,69,New York Liberty,Indiana Fever,4595823.0,Alex Fowler,2327695.0,Rebekah Gardner,,,27,2
2026-04-25,401866150457,Makayla Timpson shooting foul,Shooting Foul,44,False,3,3:23,61,69,New York Liberty,Indiana Fever,4433546.0,Makayla Timpson,,,,,27,2
2026-04-25,401866150459,Han Xu enters the game for Ashley Owusu,Substitution,584,False,3,3:23,61,69,New York Liberty,Indiana Fever,4337216.0,Han Xu,4433632.0,Ashley Owusu,,,-214748340,-214748365
2026-04-25,401866150460,Monique Billings enters the game for Makayla Timpson,Substitution,584,False,3,3:23,61,69,New York Liberty,Indiana Fever,3142255.0,Monique Billings,4433546.0,Makayla Timpson,,,-214748340,-214748365
2026-04-25,401866150461,Kayana Traylor enters the game for Shatori Walker-Kimbrough,Substitution,584,False,3,3:23,61,69,New York Liberty,Indiana Fever,4398947.0,Kayana Traylor,3058893.0,Shatori Walker-Kimbrough,,,-214748340,-214748365
2026-04-25,401866150465,Alex Fowler misses free throw 1 of 1,Free Throw - 1 of 1,97,False,3,3:23,61,69,New York Liberty,Indiana Fever,4595823.0,Alex Fowler,,,,,-214748340,-214748365
2026-04-25,401866150466,Monique Billings defensive rebound,Defensive Rebound,155,False,3,3:21,61,69,New York Liberty,Indiana Fever,3142255.0,Monique Billings,,,,,-214748340,-214748365
2026-04-25,401866150468,"Han Xu defensive 3-seconds (technical foul)
",Defensive 3-Seconds Technical,29,False,3,3:11,61,69,New York Liberty,Indiana Fever,4337216.0,Han Xu,,,,,-214748340,-214748365
2026-04-25,401866150469,Monique Billings makes technical free throw,Free Throw - Technical,103,True,3,3:11,61,70,New York Liberty,Indiana Fever,3142255.0,Monique Billings,,,,,-214748340,-214748365
2026-04-25,401866150470,Jessica Timmons makes 16-foot pullup jump shot (Megan McConnell assists),Pullup Jump Shot,131,True,3,3:02,61,72,New York Liberty,Indiana Fever,4433811.0,Jessica Timmons,4433510.0,Megan McConnell,,,39,9
2026-04-25,401866150472,Jessica Timmons personal foul,Personal Foul,45,False,3,2:37,61,72,New York Liberty,Indiana Fever,4433811.0,Jessica Timmons,,,,,36,13
2026-04-25,401866150474,Rebekah Gardner makes free throw 1 of 2,Free Throw - 1 of 2,98,True,3,2:37,62,72,New York Liberty,Indiana Fever,2327695.0,Rebekah Gardner,,,,,-214748340,-214748365
2026-04-25,401866150475,Rebekah Gardner makes free throw 2 of 2,Free Throw - 2 of 2,99,True,3,2:37,63,72,New York Liberty,Indiana Fever,2327695.0,Rebekah Gardner,,,,,-214748340,-214748365
2026-04-25,401866150476,Justine Pissott misses two point shot,Driving Finger Roll Layup,128,False,3,2:30,63,72,New York Liberty,Indiana Fever,4682855.0,Justine Pissott,,,,,22,4
2026-04-25,401866150477,Alex Fowler defensive rebound,Defensive Rebound,155,False,3,2:26,63,72,New York Liberty,Indiana Fever,4595823.0,Alex Fowler,,,,,22,4
2026-04-25,401866150478,Megan McConnell personal foul,Personal Foul,45,False,3,2:19,63,72,New York Liberty,Indiana Fever,4433510.0,Megan McConnell,,,,,41,26
2026-04-25,401866150480,Derin Erdogan makes free throw 1 of 2,Free Throw - 1 of 2,98,True,3,2:19,64,72,New York Liberty,Indiana Fever,4703579.0,Derin Erdogan,,,,,-214748340,-214748365
2026-04-25,401866150481,Anneli Maley enters the game for Rebekah Gardner,Substitution,584,False,3,2:19,64,72,New York Liberty,Indiana Fever,4281930.0,Anneli Maley,2327695.0,Rebekah Gardner,,,-214748340,-214748365
2026-04-25,401866150482,Ashley Owusu enters the game for Alex Fowler,Substitution,584,False,3,2:19,64,72,New York Liberty,Indiana Fever,4433632.0,Ashley Owusu,4595823.0,Alex Fowler,,,-214748340,-214748365
2026-04-25,401866150485,Derin Erdogan makes free throw 2 of 2,Free Throw - 2 of 2,99,True,3,2:19,65,72,New York Liberty,Indiana Fever,4703579.0,Derin Erdogan,,,,,-214748340,-214748365
2026-04-25,401866150486,Jessica Timmons out of bounds lost ball turnover,Out of Bounds - Lost Ball Turnover,87,False,3,2:04,65,72,New York Liberty,Indiana Fever,4433811.0,Jessica Timmons,,,,,37,3
2026-04-25,401866150487,Han Xu misses alley oop layup,Alley Oop Layup Shot,111,False,3,1:52,65,72,New York Liberty,Indiana Fever,4337216.0,Han Xu,,,,,21,3
2026-04-25,401866150488,Han Xu offensive rebound,Offensive Rebound,156,False,3,1:51,65,72,New York Liberty,Indiana Fever,4337216.0,Han Xu,,,,,21,3
2026-04-25,401866150489,Han Xu makes two point shot,Layup Shot Putback,125,True,3,1:50,67,72,New York Liberty,Indiana Fever,4337216.0,Han Xu,,,,,23,2
2026-04-25,401866150490,"Kayana Traylor bad pass
turnover (Derin Erdogan steals)","Bad Pass
Turnover",62,False,3,1:39,67,72,New York Liberty,Indiana Fever,4398947.0,Kayana Traylor,4703579.0,Derin Erdogan,,,38,8
2026-04-25,401866150492,Han Xu misses 24-foot three point jumper,Jump Shot,92,False,3,1:30,67,72,New York Liberty,Indiana Fever,4337216.0,Han Xu,,,,,25,24
2026-04-25,401866150493,Justine Pissott defensive rebound,Defensive Rebound,155,False,3,1:28,67,72,New York Liberty,Indiana Fever,4682855.0,Justine Pissott,,,,,25,24
2026-04-25,401866150494,Kayana Traylor makes 3-foot two point shot,Driving Finger Roll Layup,128,True,3,1:17,67,74,New York Liberty,Indiana Fever,4398947.0,Kayana Traylor,,,,,23,2
2026-04-25,401866150496,Anneli Maley misses 24-foot three point jumper,Jump Shot,92,False,3,55.3,67,74,New York Liberty,Indiana Fever,4281930.0,Anneli Maley,,,,,4,12
2026-04-25,401866150497,Ashley Owusu offensive rebound,Offensive Rebound,156,False,3,54.8,67,74,New York Liberty,Indiana Fever,4433632.0,Ashley Owusu,,,,,4,12
2026-04-25,401866150498,Ashley Owusu misses two point shot,Layup Shot Putback,125,False,3,54.1,67,74,New York Liberty,Indiana Fever,4433632.0,Ashley Owusu,,,,,25,0
2026-04-25,401866150499,Monique Billings defensive rebound,Defensive Rebound,155,False,3,52.2,67,74,New York Liberty,Indiana Fever,3142255.0,Monique Billings,,,,,25,0
2026-04-25,401866150500,Monique Billings misses layup,Layup Shot,95,False,3,31.9,67,74,New York Liberty,Indiana Fever,3142255.0,Monique Billings,,,,,22,3
2026-04-25,401866150501,Megan McConnell offensive rebound,Offensive Rebound,156,False,3,30.0,67,74,New York Liberty,Indiana Fever,4433510.0,Megan McConnell,,,,,22,3
2026-04-25,401866150502,Megan McConnell misses 12-foot pullup jump shot,Pullup Jump Shot,131,False,3,28.6,67,74,New York Liberty,Indiana Fever,4433510.0,Megan McConnell,,,,,16,9
2026-04-25,401866150503,Anneli Maley defensive rebound,Defensive Rebound,155,False,3,25.9,67,74,New York Liberty,Indiana Fever,4281930.0,Anneli Maley,,,,,16,9
2026-04-25,401866150504,Derin Erdogan misses driving layup,Driving Layup Shot,110,False,3,6.1,67,74,New York Liberty,Indiana Fever,4703579.0,Derin Erdogan,,,,,29,2
2026-04-25,401866150505,Ny'Ceara Pryor offensive rebound,Offensive Rebound,156,False,3,6.1,67,74,New York Liberty,Indiana Fever,5106084.0,Ny'Ceara Pryor,,,,,29,2
2026-04-25,401866150507,Jessica Timmons flagrant foul type 1,Flagrant Foul Type 1,32,False,3,1.6,67,74,New York Liberty,Indiana Fever,4433811.0,Jessica Timmons,,,,,39,9
2026-04-25,401866150509,(00:01.6) [Fever] REF-INITIATED REVIEW (CALL OVERTURNED),Ref-Initiated Review (Overturned),279,False,3,1.6,67,74,New York Liberty,Indiana Fever,,,,,,,-214748340,-214748365
2026-04-25,401866150510,Ny'Ceara Pryor misses free throw flagrant 1 of 2,Free Throw - Flagrant 1 of 2,104,False,3,1.6,67,74,New York Liberty,Indiana Fever,5106084.0,Ny'Ceara Pryor,,,,,-214748340,-214748365
2026-04-25,401866150511,Liberty offensive team rebound,Offensive Rebound,156,False,3,1.6,67,74,New York Liberty,Indiana Fever,,,,,,,-214748340,-214748365
2026-04-25,401866150512,Ny'Ceara Pryor makes free throw flagrant 2 of 2,Free Throw - Flagrant 2 of 2,105,True,3,1.6,68,74,New York Liberty,Indiana Fever,5106084.0,Ny'Ceara Pryor,,,,,-214748340,-214748365
2026-04-25,401866150513,Liberty Full timeout,Full Timeout,16,False,3,1.6,68,74,New York Liberty,Indiana Fever,,,,,,,-214748340,-214748365
2026-04-25,401866150514,Alex Fowler enters the game for Ashley Owusu,Substitution,584,False,3,1.6,68,74,New York Liberty,Indiana Fever,4595823.0,Alex Fowler,4433632.0,Ashley Owusu,,,-214748340,-214748365
2026-04-25,401866150515,Raven Johnson enters the game for Megan McConnell,Substitution,584,False,3,1.6,68,74,New York Liberty,Indiana Fever,4433797.0,Raven Johnson,4433510.0,Megan McConnell,,,-214748340,-214748365
2026-04-25,401866150516,Shatori Walker-Kimbrough enters the game for Jessica Timmons,Substitution,584,False,3,1.6,68,74,New York Liberty,Indiana Fever,3058893.0,Shatori Walker-Kimbrough,4433811.0,Jessica Timmons,,,-214748340,-214748365
2026-04-25,401866150520,Alex Fowler misses 24-foot three point pullup jump shot,Pullup Jump Shot,131,False,3,0.2,68,74,New York Liberty,Indiana Fever,4595823.0,Alex Fowler,,,,,45,12
2026-04-25,401866150521,Liberty offensive team rebound,Offensive Rebound,156,False,3,0.1,68,74,New York Liberty,Indiana Fever,,,,,,,45,12
2026-04-25,401866150522,End of the 3rd Quarter,End Period,412,False,3,0.0,68,74,New York Liberty,Indiana Fever,,,,,,,-214748340,-214748365
2026-04-25,401866150523,Ashley Owusu enters the game for Ny'Ceara Pryor,Substitution,584,False,4,10:00,68,74,New York Liberty,Indiana Fever,4433632.0,Ashley Owusu,5106084.0,Ny'Ceara Pryor,,,-214748340,-214748365
2026-04-25,401866150524,Makayla Timpson enters the game for Monique Billings,Substitution,584,False,4,10:00,68,74,New York Liberty,Indiana Fever,4433546.0,Makayla Timpson,3142255.0,Monique Billings,,,-214748340,-214748365
2026-04-25,401866150528,Raven Johnson makes 14-foot pullup jump shot,Pullup Jump Shot,131,True,4,9:47,68,76,New York Liberty,Indiana Fever,4433797.0,Raven Johnson,,,,,24,14
2026-04-25,401866150529,Han Xu makes 12-foot jumper (Derin Erdogan assists),Jump Shot,92,True,4,9:20,70,76,New York Liberty,Indiana Fever,4337216.0,Han Xu,4703579.0,Derin Erdogan,,,30,11
2026-04-25,401866150531,Justine Pissott makes 27-foot three point jumper (Shatori Walker-Kimbrough assists),Jump Shot,92,True,4,9:02,70,79,New York Liberty,Indiana Fever,4682855.0,Justine Pissott,3058893.0,Shatori Walker-Kimbrough,,,4,18
2026-04-25,401866150533,Alex Fowler misses 24-foot three point jumper,Jump Shot,92,False,4,8:44,70,79,New York Liberty,Indiana Fever,4595823.0,Alex Fowler,,,,,46,14
2026-04-25,401866150534,Shatori Walker-Kimbrough defensive rebound,Defensive Rebound,155,False,4,8:41,70,79,New York Liberty,Indiana Fever,3058893.0,Shatori Walker-Kimbrough,,,,,46,14
2026-04-25,401866150535,Ashley Owusu shooting foul,Shooting Foul,44,False,4,8:26,70,79,New York Liberty,Indiana Fever,4433632.0,Ashley Owusu,,,,,22,4
2026-04-25,401866150537,Kayana Traylor makes free throw 1 of 2,Free Throw - 1 of 2,98,True,4,8:26,70,80,New York Liberty,Indiana Fever,4398947.0,Kayana Traylor,,,,,-214748340,-214748365
2026-04-25,401866150538,Kayana Traylor makes free throw 2 of 2,Free Throw - 2 of 2,99,True,4,8:26,70,81,New York Liberty,Indiana Fever,4398947.0,Kayana Traylor,,,,,-214748340,-214748365
2026-04-25,401866150539,"Anneli Maley bad pass
turnover (Shatori Walker-Kimbrough steals)","Bad Pass
Turnover",62,False,4,8:23,70,81,New York Liberty,Indiana Fever,4281930.0,Anneli Maley,3058893.0,Shatori Walker-Kimbrough,,,17,8
2026-04-25,401866150541,Kayana Traylor misses 24-foot three point jumper,Jump Shot,92,False,4,8:19,70,81,New York Liberty,Indiana Fever,4398947.0,Kayana Traylor,,,,,40,19
2026-04-25,401866150542,Anneli Maley defensive rebound,Defensive Rebound,155,False,4,8:18,70,81,New York Liberty,Indiana Fever,4281930.0,Anneli Maley,,,,,40,19
2026-04-25,401866150543,Anneli Maley misses running layup,Running Layup Shot,109,False,4,8:14,70,81,New York Liberty,Indiana Fever,4281930.0,Anneli Maley,,,,,28,2
2026-04-25,401866150544,Shatori Walker-Kimbrough defensive rebound,Defensive Rebound,155,False,4,8:13,70,81,New York Liberty,Indiana Fever,3058893.0,Shatori Walker-Kimbrough,,,,,28,2
2026-04-25,401866150545,Shatori Walker-Kimbrough makes driving layup (Kayana Traylor assists),Driving Layup Shot,110,True,4,8:03,70,83,New York Liberty,Indiana Fever,3058893.0,Shatori Walker-Kimbrough,4398947.0,Kayana Traylor,,,28,4
2026-04-25,401866150547,Alex Fowler shooting foul,Shooting Foul,44,False,4,8:03,70,83,New York Liberty,Indiana Fever,4595823.0,Alex Fowler,,,,,28,4
2026-04-25,401866150549,Shatori Walker-Kimbrough makes free throw 1 of 1,Free Throw - 1 of 1,97,True,4,8:03,70,84,New York Liberty,Indiana Fever,3058893.0,Shatori Walker-Kimbrough,,,,,-214748340,-214748365
2026-04-25,401866150550,Derin Erdogan makes driving layup,Driving Layup Shot,110,True,4,7:51,72,84,New York Liberty,Indiana Fever,4703579.0,Derin Erdogan,,,,,27,1
2026-04-25,401866150551,Justine Pissott makes 27-foot three point jumper (Shatori Walker-Kimbrough assists),Jump Shot,92,True,4,7:39,72,87,New York Liberty,Indiana Fever,4682855.0,Justine Pissott,3058893.0,Shatori Walker-Kimbrough,,,6,20
2026-04-25,401866150553,Han Xu misses 24-foot three point jumper,Jump Shot,92,False,4,7:25,72,87,New York Liberty,Indiana Fever,4337216.0,Han Xu,,,,,21,24
2026-04-25,401866150554,Makayla Timpson defensive rebound,Defensive Rebound,155,False,4,7:23,72,87,New York Liberty,Indiana Fever,4433546.0,Makayla Timpson,,,,,21,24
2026-04-25,401866150555,Fever Full timeout,Full Timeout,16,False,4,7:23,72,87,New York Liberty,Indiana Fever,,,,,,,-214748340,-214748365
2026-04-25,401866150556,Ny'Ceara Pryor enters the game for Derin Erdogan,Substitution,584,False,4,7:23,72,87,New York Liberty,Indiana Fever,5106084.0,Ny'Ceara Pryor,4703579.0,Derin Erdogan,,,-214748340,-214748365
2026-04-25,401866150557,Rebekah Gardner enters the game for Han Xu,Substitution,584,False,4,7:23,72,87,New York Liberty,Indiana Fever,2327695.0,Rebekah Gardner,4337216.0,Han Xu,,,-214748340,-214748365
2026-04-25,401866150558,Jessica Timmons enters the game for Kayana Traylor,Substitution,584,False,4,7:23,72,87,New York Liberty,Indiana Fever,4433811.0,Jessica Timmons,4398947.0,Kayana Traylor,,,-214748340,-214748365
2026-04-25,401866150562,Jessica Timmons makes 6-foot driving floating jump shot,Driving Floating Jump Shot,144,True,4,7:05,72,89,New York Liberty,Indiana Fever,4433811.0,Jessica Timmons,,,,,26,6
2026-04-25,401866150563,Rebekah Gardner misses 23-foot three point jumper,Jump Shot,92,False,4,6:49,72,89,New York Liberty,Indiana Fever,2327695.0,Rebekah Gardner,,,,,23,23
2026-04-25,401866150564,Raven Johnson defensive rebound,Defensive Rebound,155,False,4,6:46,72,89,New York Liberty,Indiana Fever,4433797.0,Raven Johnson,,,,,23,23
2026-04-25,401866150565,Shatori Walker-Kimbrough makes running layup (Raven Johnson assists),Running Layup Shot,109,True,4,6:44,72,91,New York Liberty,Indiana Fever,3058893.0,Shatori Walker-Kimbrough,4433797.0,Raven Johnson,,,27,3
2026-04-25,401866150567,Ashley Owusu shooting foul,Shooting Foul,44,False,4,6:44,72,91,New York Liberty,Indiana Fever,4433632.0,Ashley Owusu,,,,,27,3
2026-04-25,401866150569,Shatori Walker-Kimbrough makes free throw 1 of 1,Free Throw - 1 of 1,97,True,4,6:44,72,92,New York Liberty,Indiana Fever,3058893.0,Shatori Walker-Kimbrough,,,,,-214748340,-214748365
2026-04-25,401866150570,Anneli Maley misses 18-foot jumper,Jump Shot,92,False,4,6:29,72,92,New York Liberty,Indiana Fever,4281930.0,Anneli Maley,,,,,6,-1
2026-04-25,401866150571,Shatori Walker-Kimbrough defensive rebound,Defensive Rebound,155,False,4,6:26,72,92,New York Liberty,Indiana Fever,3058893.0,Shatori Walker-Kimbrough,,,,,6,-1
2026-04-25,401866150572,Shatori Walker-Kimbrough makes 28-foot three point jumper (Raven Johnson assists),Jump Shot,92,True,4,6:19,72,95,New York Liberty,Indiana Fever,3058893.0,Shatori Walker-Kimbrough,4433797.0,Raven Johnson,,,8,23
2026-04-25,401866150574,Shatori Walker-Kimbrough blocks Alex Fowler's layup,Layup Shot,95,False,4,5:54,72,95,New York Liberty,Indiana Fever,4595823.0,Alex Fowler,3058893.0,Shatori Walker-Kimbrough,,,29,0
2026-04-25,401866150576,Liberty offensive team rebound,Offensive Rebound,156,False,4,5:52,72,95,New York Liberty,Indiana Fever,,,,,,,29,0
2026-04-25,401866150578,shot clock turnover ,Shot Clock Turnover,70,False,4,5:52,72,95,New York Liberty,Indiana Fever,,,,,,,29,2
2026-04-25,401866150579,Fever Full timeout,Full Timeout,16,False,4,5:52,72,95,New York Liberty,Indiana Fever,,,,,,,-214748340,-214748365
2026-04-25,401866150581,Megan McConnell enters the game for Justine Pissott,Substitution,584,False,4,5:52,72,95,New York Liberty,Indiana Fever,4433510.0,Megan McConnell,4682855.0,Justine Pissott,,,-214748340,-214748365
2026-04-25,401866150584,"Jessica Timmons bad pass
turnover (Ny'Ceara Pryor steals)","Bad Pass
Turnover",62,False,4,5:40,72,95,New York Liberty,Indiana Fever,4433811.0,Jessica Timmons,5106084.0,Ny'Ceara Pryor,,,41,20
2026-04-25,401866150586,Ashley Owusu misses running layup,Running Layup Shot,109,False,4,5:34,72,95,New York Liberty,Indiana Fever,4433632.0,Ashley Owusu,,,,,24,0
2026-04-25,401866150587,Anneli Maley offensive rebound,Offensive Rebound,156,False,4,5:33,72,95,New York Liberty,Indiana Fever,4281930.0,Anneli Maley,,,,,24,0
2026-04-25,401866150588,Anneli Maley makes two point shot,Layup Driving Reverse,126,True,4,5:29,74,95,New York Liberty,Indiana Fever,4281930.0,Anneli Maley,,,,,23,0
2026-04-25,401866150589,"Makayla Timpson bad pass
turnover (Ny'Ceara Pryor steals)","Bad Pass
Turnover",62,False,4,5:25,74,95,New York Liberty,Indiana Fever,4433546.0,Makayla Timpson,5106084.0,Ny'Ceara Pryor,,,16,5
2026-04-25,401866150591,Anneli Maley makes 19-foot jumper (Ny'Ceara Pryor assists),Jump Shot,92,True,4,5:22,76,95,New York Liberty,Indiana Fever,4281930.0,Anneli Maley,5106084.0,Ny'Ceara Pryor,,,17,18
2026-04-25,401866150592,Shatori Walker-Kimbrough misses 16-foot jumper,Jump Shot,92,False,4,4:59,76,95,New York Liberty,Indiana Fever,3058893.0,Shatori Walker-Kimbrough,,,,,32,15
2026-04-25,401866150593,Alex Fowler defensive rebound,Defensive Rebound,155,False,4,4:56,76,95,New York Liberty,Indiana Fever,4595823.0,Alex Fowler,,,,,32,15
2026-04-25,401866150595,Alex Fowler makes two point shot (Ashley Owusu assists),Layup Driving Reverse,126,True,4,4:42,78,95,New York Liberty,Indiana Fever,4595823.0,Alex Fowler,4433632.0,Ashley Owusu,,,27,2
2026-04-25,401866150596,Megan McConnell shooting foul,Shooting Foul,44,False,4,4:42,78,95,New York Liberty,Indiana Fever,4433510.0,Megan McConnell,,,,,24,6
2026-04-25,401866150599,Alex Fowler misses free throw 1 of 1,Free Throw - 1 of 1,97,False,4,4:42,78,95,New York Liberty,Indiana Fever,4595823.0,Alex Fowler,,,,,-214748340,-214748365
2026-04-25,401866150689,Derin Erdogan enters the game for Ashley Owusu,Substitution,584,False,4,4:42,78,95,New York Liberty,Indiana Fever,4703579.0,Derin Erdogan,4433632.0,Ashley Owusu,,,-214748340,-214748365
2026-04-25,401866150600,Makayla Timpson vs. Rebekah Gardner (Ny'Ceara Pryor gains possession),Jumpball,615,False,4,4:39,78,95,New York Liberty,Indiana Fever,2327695.0,Rebekah Gardner,4433546.0,Makayla Timpson,5106084.0,Ny'Ceara Pryor,-214748340,-214748365
2026-04-25,401866150603,Liberty offensive team rebound,Offensive Rebound,156,False,4,4:39,78,95,New York Liberty,Indiana Fever,,,,,,,-214748340,-214748365
2026-04-25,401866150605,"Ny'Ceara Pryor bad pass
turnover (Shatori Walker-Kimbrough steals)","Bad Pass
Turnover",62,False,4,4:31,78,95,New York Liberty,Indiana Fever,5106084.0,Ny'Ceara Pryor,3058893.0,Shatori Walker-Kimbrough,,,34,29
2026-04-25,401866150607,Makayla Timpson makes running layup (Raven Johnson assists),Running Layup Shot,109,True,4,4:23,78,97,New York Liberty,Indiana Fever,4433546.0,Makayla Timpson,4433797.0,Raven Johnson,,,23,3
2026-04-25,401866150609,Raven Johnson personal foul,Personal Foul,45,False,4,4:14,78,97,New York Liberty,Indiana Fever,4433797.0,Raven Johnson,,,,,38,29
2026-04-25,401866150611,Kayana Traylor enters the game for Raven Johnson,Substitution,584,False,4,4:12,78,97,New York Liberty,Indiana Fever,4398947.0,Kayana Traylor,4433797.0,Raven Johnson,,,-214748340,-214748365
2026-04-25,401866150613,Derin Erdogan makes driving layup,Driving Layup Shot,110,True,4,4:02,80,97,New York Liberty,Indiana Fever,4703579.0,Derin Erdogan,,,,,22,1
2026-04-25,401866150616,Kayana Traylor makes 25-foot three point jumper (Jessica Timmons assists),Jump Shot,92,True,4,3:40,80,100,New York Liberty,Indiana Fever,4398947.0,Kayana Traylor,4433811.0,Jessica Timmons,,,8,19
2026-04-25,401866150618,Anneli Maley makes driving layup,Driving Layup Shot,110,True,4,3:21,82,100,New York Liberty,Indiana Fever,4281930.0,Anneli Maley,,,,,26,3
2026-04-25,401866150620,Kayana Traylor lost ball turnover (Rebekah Gardner steals),Lost Ball Turnover,63,False,4,3:17,82,100,New York Liberty,Indiana Fever,4398947.0,Kayana Traylor,2327695.0,Rebekah Gardner,,,25,6
2026-04-25,401866150634,"Anneli Maley bad pass
turnover (Megan McConnell steals)","Bad Pass
Turnover",62,False,4,3:13,82,100,New York Liberty,Indiana Fever,4281930.0,Anneli Maley,4433510.0,Megan McConnell,,,4,16
2026-04-25,401866150622,Anneli Maley personal foul,Personal Foul,45,False,4,3:12,82,100,New York Liberty,Indiana Fever,4281930.0,Anneli Maley,,,,,34,30
2026-04-25,401866150625,Han Xu enters the game for Alex Fowler,Substitution,584,False,4,3:12,82,100,New York Liberty,Indiana Fever,4337216.0,Han Xu,4595823.0,Alex Fowler,,,-214748340,-214748365
2026-04-25,401866150629,Shatori Walker-Kimbrough makes 17-foot jumper (Makayla Timpson assists),Jump Shot,92,True,4,2:53,82,102,New York Liberty,Indiana Fever,3058893.0,Shatori Walker-Kimbrough,4433546.0,Makayla Timpson,,,42,4
2026-04-25,401866150631,Shatori Walker-Kimbrough shooting foul,Shooting Foul,44,False,4,2:41,82,102,New York Liberty,Indiana Fever,3058893.0,Shatori Walker-Kimbrough,,,,,31,11
2026-04-25,401866150633,Han Xu makes free throw 1 of 2,Free Throw - 1 of 2,98,True,4,2:41,83,102,New York Liberty,Indiana Fever,4337216.0,Han Xu,,,,,-214748340,-214748365
2026-04-25,401866150636,Han Xu makes free throw 2 of 2,Free Throw - 2 of 2,99,True,4,2:41,84,102,New York Liberty,Indiana Fever,4337216.0,Han Xu,,,,,-214748340,-214748365
2026-04-25,401866150637,Makayla Timpson makes layup (Megan McConnell assists),Layup Shot,95,True,4,2:28,84,104,New York Liberty,Indiana Fever,4433546.0,Makayla Timpson,4433510.0,Megan McConnell,,,23,2
2026-04-25,401866150640,"Han Xu bad pass
turnover (Megan McConnell steals)","Bad Pass
Turnover",62,False,4,2:15,84,104,New York Liberty,Indiana Fever,4337216.0,Han Xu,4433510.0,Megan McConnell,,,29,23
2026-04-25,401866150642,Megan McConnell lost ball turnover (Ny'Ceara Pryor steals),Lost Ball Turnover,63,False,4,2:09,84,104,New York Liberty,Indiana Fever,4433510.0,Megan McConnell,5106084.0,Ny'Ceara Pryor,,,24,17
2026-04-25,401866150644,Anneli Maley lost ball turnover (Jessica Timmons steals),Lost Ball Turnover,63,False,4,2:05,84,104,New York Liberty,Indiana Fever,4281930.0,Anneli Maley,4433811.0,Jessica Timmons,,,43,34
2026-04-25,401866150648,Jessica Timmons misses free throw 1 of 2,Free Throw - 1 of 2,98,False,4,2:03,84,104,New York Liberty,Indiana Fever,4433811.0,Jessica Timmons,,,,,-214748340,-214748365
2026-04-25,401866150649,Fever offensive team rebound,Offensive Rebound,156,False,4,2:03,84,104,New York Liberty,Indiana Fever,,,,,,,-214748340,-214748365
2026-04-25,401866150650,Ashley Owusu enters the game for Rebekah Gardner,Substitution,584,False,4,2:03,84,104,New York Liberty,Indiana Fever,4433632.0,Ashley Owusu,2327695.0,Rebekah Gardner,,,-214748340,-214748365
2026-04-25,401866150652,Jessica Timmons makes free throw 2 of 2,Free Throw - 2 of 2,99,True,4,2:03,84,105,New York Liberty,Indiana Fever,4433811.0,Jessica Timmons,,,,,-214748340,-214748365
2026-04-25,401866150692,Anneli Maley shooting foul,Shooting Foul,44,False,4,2:03,84,105,New York Liberty,Indiana Fever,4281930.0,Anneli Maley,,,,,33,4
2026-04-25,401866150694,Anneli Maley misses driving layup,Driving Layup Shot,110,False,4,1:50,84,105,New York Liberty,Indiana Fever,4281930.0,Anneli Maley,,,,,30,11
2026-04-25,401866150695,Ashley Owusu offensive rebound,Offensive Rebound,156,False,4,1:43,84,105,New York Liberty,Indiana Fever,4433632.0,Ashley Owusu,,,,,30,11
2026-04-25,401866150655,Megan McConnell personal foul,Personal Foul,45,False,4,1:41,84,105,New York Liberty,Indiana Fever,4433510.0,Megan McConnell,,,,,22,15
2026-04-25,401866150657,Chris DeMarco technical foul,Technical Foul,35,False,4,1:41,84,105,New York Liberty,Indiana Fever,,,,,,,-214748340,-214748365
2026-04-25,401866150658,Shatori Walker-Kimbrough misses technical free throw,Free Throw - Technical,103,False,4,1:41,84,105,New York Liberty,Indiana Fever,3058893.0,Shatori Walker-Kimbrough,,,,,-214748340,-214748365
2026-04-25,401866150659,Liberty defensive team rebound,Defensive Rebound,155,False,4,1:41,84,105,New York Liberty,Indiana Fever,,,,,,,-214748340,-214748365
2026-04-25,401866150660,Makayla Timpson shooting foul,Shooting Foul,44,False,4,1:30,84,105,New York Liberty,Indiana Fever,4433546.0,Makayla Timpson,,,,,28,2
2026-04-25,401866150662,Han Xu makes free throw 1 of 2,Free Throw - 1 of 2,98,True,4,1:30,85,105,New York Liberty,Indiana Fever,4337216.0,Han Xu,,,,,-214748340,-214748365
2026-04-25,401866150663,Han Xu makes free throw 2 of 2,Free Throw - 2 of 2,99,True,4,1:30,86,105,New York Liberty,Indiana Fever,4337216.0,Han Xu,,,,,-214748340,-214748365
2026-04-25,401866150664,Shatori Walker-Kimbrough makes 4-foot layup (Megan McConnell assists),Cutting Layup Shot,141,True,4,1:18,86,107,New York Liberty,Indiana Fever,3058893.0,Shatori Walker-Kimbrough,4433510.0,Megan McConnell,,,27,4
2026-04-25,401866150666,Derin Erdogan makes 25-foot three point jumper (Ny'Ceara Pryor assists),Jump Shot,92,True,4,1:10,89,107,New York Liberty,Indiana Fever,4703579.0,Derin Erdogan,5106084.0,Ny'Ceara Pryor,,,14,23
2026-04-25,401866150668,Jessica Timmons misses 26-foot three point jumper,Jump Shot,92,False,4,52.8,89,107,New York Liberty,Indiana Fever,4433811.0,Jessica Timmons,,,,,42,20
2026-04-25,401866150669,Anneli Maley defensive rebound,Defensive Rebound,155,False,4,50.3,89,107,New York Liberty,Indiana Fever,4281930.0,Anneli Maley,,,,,42,20
2026-04-25,401866150670,Derin Erdogan makes driving layup (Han Xu assists),Driving Layup Shot,110,True,4,36.2,91,107,New York Liberty,Indiana Fever,4703579.0,Derin Erdogan,4337216.0,Han Xu,,,23,1
2026-04-25,401866150672,Makayla Timpson lost ball turnover (Ny'Ceara Pryor steals),Lost Ball Turnover,63,False,4,25.1,91,107,New York Liberty,Indiana Fever,4433546.0,Makayla Timpson,5106084.0,Ny'Ceara Pryor,,,17,10
2026-04-25,401866150674,Derin Erdogan misses running pullup jump shot,Running Pullup Jump Shot,146,False,4,19.4,91,107,New York Liberty,Indiana Fever,4703579.0,Derin Erdogan,,,,,47,9
2026-04-25,401866150675,Fever defensive team rebound,Defensive Rebound,155,False,4,18.9,91,107,New York Liberty,Indiana Fever,,,,,,,47,9
2026-04-25,401866150676,Ashley Owusu loose ball foul,Loose Ball Foul,43,False,4,18.9,91,107,New York Liberty,Indiana Fever,4433632.0,Ashley Owusu,,,,,28,2
2026-04-25,401866150679,Kayana Traylor makes free throw 1 of 2,Free Throw - 1 of 2,98,True,4,18.9,91,108,New York Liberty,Indiana Fever,4398947.0,Kayana Traylor,,,,,-214748340,-214748365
2026-04-25,401866150680,Kayana Traylor makes free throw 2 of 2,Free Throw - 2 of 2,99,True,4,18.9,91,109,New York Liberty,Indiana Fever,4398947.0,Kayana Traylor,,,,,-214748340,-214748365
2026-04-25,401866150681,Anneli Maley misses 13-foot jumper,Jump Shot,92,False,4,2.8,91,109,New York Liberty,Indiana Fever,4281930.0,Anneli Maley,,,,,12,0
2026-04-25,401866150682,Ashley Owusu offensive rebound,Offensive Rebound,156,False,4,0.8,91,109,New York Liberty,Indiana Fever,4433632.0,Ashley Owusu,,,,,12,0
2026-04-25,401866150683,Shatori Walker-Kimbrough blocks Ashley Owusu 's 14-foot two point shot,Layup Shot Putback,125,False,4,0.8,91,109,New York Liberty,Indiana Fever,4433632.0,Ashley Owusu,3058893.0,Shatori Walker-Kimbrough,,,14,9
2026-04-25,401866150684,Fever defensive team rebound,Defensive Rebound,155,False,4,0.8,91,109,New York Liberty,Indiana Fever,,,,,,,14,9
2026-04-25,401866150686,End of the 4th Quarter,End Period,412,False,4,0.0,91,109,New York Liberty,Indiana Fever,,,,,,,-214748340,-214748365
2026-04-25,401866150687,End of Game,End Game,402,False,4,0.0,91,109,New York Liberty,Indiana Fever,,,,,,,-214748340,-214748365
2026-04-25,4018677904,Pallas Kunaiyi vs. Cameron Brink (Kelsey Plum gains possession),Jumpball,615,False,1,10:00,0,0,Los Angeles Sparks,NIGERIA,4433404.0,Cameron Brink,3926411.0,Pallas Kunaiyi,3065570.0,Kelsey Plum,-214748340,-214748365
2026-04-25,4018677907,Ezinne Kalu personal foul,Personal Foul,45,False,1,9:45,0,0,Los Angeles Sparks,NIGERIA,2531437.0,Ezinne Kalu,,,,,13,6
2026-04-25,4018677909,Kelsey Plum makes 25-foot three point jumper (Erica Wheeler assists),Jump Shot,92,True,1,9:39,3,0,Los Angeles Sparks,NIGERIA,3065570.0,Kelsey Plum,2491214.0,Erica Wheeler,,,13,21
2026-04-25,40186779011,Promise Amukamara out of bounds bad pass turnover,Out of Bounds - Bad Pass Turnover,90,False,1,9:25,3,0,Los Angeles Sparks,NIGERIA,2592228.0,Promise Amukamara,,,,,12,-1
2026-04-25,40186779012,Ariel Atkins makes 23-foot three point jumper (Kelsey Plum assists),Jump Shot,92,True,1,9:09,6,0,Los Angeles Sparks,NIGERIA,3146151.0,Ariel Atkins,3065570.0,Kelsey Plum,,,46,11
2026-04-25,40186779014,Erica Wheeler personal foul,Personal Foul,45,False,1,8:59,6,0,Los Angeles Sparks,NIGERIA,2491214.0,Erica Wheeler,,,,,43,22
2026-04-25,40186779016,Promise Amukamara misses 25-foot three point pullup jump shot,Pullup Jump Shot,131,False,1,8:54,6,0,Los Angeles Sparks,NIGERIA,2592228.0,Promise Amukamara,,,,,18,24
2026-04-25,40186779017,Ariel Atkins defensive rebound,Defensive Rebound,155,False,1,8:49,6,0,Los Angeles Sparks,NIGERIA,3146151.0,Ariel Atkins,,,,,18,24
2026-04-25,40186779018,Ariel Atkins makes 17-foot running pullup jump shot,Running Pullup Jump Shot,146,True,1,8:45,8,0,Los Angeles Sparks,NIGERIA,3146151.0,Ariel Atkins,,,,,18,15
2026-04-25,40186779019,Nicole Enabosi steps out of bounds turnover,Out of Bounds - Step Turnover,86,False,1,8:35,8,0,Los Angeles Sparks,NIGERIA,3918557.0,Nicole Enabosi,,,,,48,4
2026-04-25,40186779020,Nigeria Full timeout,Full Timeout,16,False,1,8:35,8,0,Los Angeles Sparks,NIGERIA,,,,,,,-214748340,-214748365
2026-04-25,40186779021,Uche Izoje enters the game for Pallas Kunaiyi,Substitution,584,False,1,8:35,8,0,Los Angeles Sparks,NIGERIA,5312424.0,Uche Izoje,3926411.0,Pallas Kunaiyi,,,-214748340,-214748365
2026-04-25,40186779022,Favour Nwaedozi enters the game for Nicole Enabosi,Substitution,584,False,1,8:35,8,0,Los Angeles Sparks,NIGERIA,5311604.0,Favour Nwaedozi,3918557.0,Nicole Enabosi,,,-214748340,-214748365
2026-04-25,40186779025,Cameron Brink makes 14-foot jumper (Erica Wheeler assists),Jump Shot,92,True,1,8:23,10,0,Los Angeles Sparks,NIGERIA,4433404.0,Cameron Brink,2491214.0,Erica Wheeler,,,39,4
2026-04-25,40186779027,Victoria Macaulay lost ball turnover (Kelsey Plum steals),Lost Ball Turnover,63,False,1,8:06,10,0,Los Angeles Sparks,NIGERIA,2491811.0,Victoria Macaulay,3065570.0,Kelsey Plum,,,34,3
2026-04-25,40186779029,Cameron Brink makes running layup (Erica Wheeler assists),Running Layup Shot,109,True,1,8:01,12,0,Los Angeles Sparks,NIGERIA,4433404.0,Cameron Brink,2491214.0,Erica Wheeler,,,25,1
2026-04-25,40186779031,Erica Wheeler shooting foul,Shooting Foul,44,False,1,7:45,12,0,Los Angeles Sparks,NIGERIA,2491214.0,Erica Wheeler,,,,,21,0
2026-04-25,40186779033,Ezinne Kalu makes free throw 1 of 2,Free Throw - 1 of 2,98,True,1,7:45,12,1,Los Angeles Sparks,NIGERIA,2531437.0,Ezinne Kalu,,,,,-214748340,-214748365
2026-04-25,40186779034,Nora Ezike enters the game for Victoria Macaulay,Substitution,584,False,1,7:45,12,1,Los Angeles Sparks,NIGERIA,5312420.0,Nora Ezike,2491811.0,Victoria Macaulay,,,-214748340,-214748365
2026-04-25,40186779036,Ezinne Kalu makes free throw 2 of 2,Free Throw - 2 of 2,99,True,1,7:45,12,2,Los Angeles Sparks,NIGERIA,2531437.0,Ezinne Kalu,,,,,-214748340,-214748365
2026-04-25,40186779037,Ezinne Kalu personal foul,Personal Foul,45,False,1,7:45,12,2,Los Angeles Sparks,NIGERIA,2531437.0,Ezinne Kalu,,,,,13,2
2026-04-25,40186779039,Gabby White enters the game for Ezinne Kalu,Substitution,584,False,1,7:45,12,2,Los Angeles Sparks,NIGERIA,5312434.0,Gabby White,2531437.0,Ezinne Kalu,,,-214748340,-214748365
2026-04-25,40186779041,Dearica Hamby misses layup,Cutting Layup Shot,141,False,1,7:23,12,2,Los Angeles Sparks,NIGERIA,2566106.0,Dearica Hamby,,,,,26,4
2026-04-25,40186779042,Nigeria defensive team rebound,Defensive Rebound,155,False,1,7:23,12,2,Los Angeles Sparks,NIGERIA,,,,,,,26,4
2026-04-25,40186779044,Uche Izoje misses 25-foot three point jumper,Jump Shot,92,False,1,7:12,12,2,Los Angeles Sparks,NIGERIA,5312424.0,Uche Izoje,,,,,19,24
2026-04-25,40186779045,Nigeria offensive team rebound,Offensive Rebound,156,False,1,7:08,12,2,Los Angeles Sparks,NIGERIA,,,,,,,19,24
2026-04-25,40186779047,Gabby White makes 12-foot turnaround jump shot,Turnaround Jump Shot,114,True,1,7:00,12,4,Los Angeles Sparks,NIGERIA,5312434.0,Gabby White,,,,,32,10
2026-04-25,40186779048,"Kelsey Plum bad pass
turnover (Promise Amukamara steals)","Bad Pass
Turnover",62,False,1,6:42,12,4,Los Angeles Sparks,NIGERIA,3065570.0,Kelsey Plum,2592228.0,Promise Amukamara,,,43,16
2026-04-25,40186779050,Promise Amukamara makes 23-foot running jump shot,Running Jump Shot,113,True,1,6:37,12,7,Los Angeles Sparks,NIGERIA,2592228.0,Promise Amukamara,,,,,3,6
2026-04-25,40186779051,Kelsey Plum misses 24-foot three point jumper,Jump Shot,92,False,1,6:22,12,7,Los Angeles Sparks,NIGERIA,3065570.0,Kelsey Plum,,,,,33,23
2026-04-25,40186779052,Nora Ezike defensive rebound,Defensive Rebound,155,False,1,6:19,12,7,Los Angeles Sparks,NIGERIA,5312420.0,Nora Ezike,,,,,33,23
2026-04-25,40186779053,Uche Izoje misses 13-foot pullup jump shot,Pullup Jump Shot,131,False,1,6:05,12,7,Los Angeles Sparks,NIGERIA,5312424.0,Uche Izoje,,,,,31,12
2026-04-25,40186779054,Ariel Atkins defensive rebound,Defensive Rebound,155,False,1,6:02,12,7,Los Angeles Sparks,NIGERIA,3146151.0,Ariel Atkins,,,,,31,12
2026-04-25,40186779055,Dearica Hamby misses 25-foot three point jumper,Jump Shot,92,False,1,5:54,12,7,Los Angeles Sparks,NIGERIA,2566106.0,Dearica Hamby,,,,,38,22
2026-04-25,40186779056,Gabby White defensive rebound,Defensive Rebound,155,False,1,5:50,12,7,Los Angeles Sparks,NIGERIA,5312434.0,Gabby White,,,,,38,22
2026-04-25,40186779057,Uche Izoje out of bounds lost ball turnover,Out of Bounds - Lost Ball Turnover,87,False,1,5:42,12,7,Los Angeles Sparks,NIGERIA,5312424.0,Uche Izoje,,,,,47,17
2026-04-25,40186779058,Shay Ijiwoye enters the game for Promise Amukamara,Substitution,584,False,1,5:42,12,7,Los Angeles Sparks,NIGERIA,5238309.0,Shay Ijiwoye,2592228.0,Promise Amukamara,,,-214748340,-214748365
2026-04-25,40186779060,Shay Ijiwoye personal foul,Personal Foul,45,False,1,5:32,12,7,Los Angeles Sparks,NIGERIA,5238309.0,Shay Ijiwoye,,,,,29,22
2026-04-25,40186779062,Victoria Macaulay enters the game for Uche Izoje,Substitution,584,False,1,5:32,12,7,Los Angeles Sparks,NIGERIA,2491811.0,Victoria Macaulay,5312424.0,Uche Izoje,,,-214748340,-214748365
2026-04-25,40186779064,Kelsey Plum lost ball turnover (Gabby White steals),Lost Ball Turnover,63,False,1,5:21,12,7,Los Angeles Sparks,NIGERIA,3065570.0,Kelsey Plum,5312434.0,Gabby White,,,30,14
2026-04-25,40186779066,Gabby White vs. Cameron Brink (Favour Nwaedozi gains possession),Jumpball,615,False,1,5:17,12,7,Los Angeles Sparks,NIGERIA,5312434.0,Gabby White,4433404.0,Cameron Brink,5311604.0,Favour Nwaedozi,-214748340,-214748365
2026-04-25,40186779070,Victoria Macaulay misses 26-foot three point jumper,Jump Shot,92,False,1,4:58,12,7,Los Angeles Sparks,NIGERIA,2491811.0,Victoria Macaulay,,,,,16,24
2026-04-25,40186779071,Sparks defensive team rebound,Defensive Rebound,155,False,1,4:56,12,7,Los Angeles Sparks,NIGERIA,,,,,,,16,24
2026-04-25,40186779073,Kelsey Plum makes 25-foot three pointer (Dearica Hamby assists),Pullup Jump Shot,131,True,1,4:46,15,7,Los Angeles Sparks,NIGERIA,3065570.0,Kelsey Plum,2566106.0,Dearica Hamby,,,34,23
2026-04-25,40186779075,Shay Ijiwoye lost ball turnover (Kelsey Plum steals),Lost Ball Turnover,63,False,1,4:26,15,7,Los Angeles Sparks,NIGERIA,5238309.0,Shay Ijiwoye,3065570.0,Kelsey Plum,,,21,19
2026-04-25,40186779077,Ariel Atkins makes 24-foot three point jumper (Erica Wheeler assists),Jump Shot,92,True,1,4:19,18,7,Los Angeles Sparks,NIGERIA,3146151.0,Ariel Atkins,2491214.0,Erica Wheeler,,,7,16
2026-04-25,40186779079,Gabby White out of bounds bad pass turnover,Out of Bounds - Bad Pass Turnover,90,False,1,4:06,18,7,Los Angeles Sparks,NIGERIA,5312434.0,Gabby White,,,,,10,14
2026-04-25,40186779080,Promise Amukamara enters the game for Gabby White,Substitution,584,False,1,4:06,18,7,Los Angeles Sparks,NIGERIA,2592228.0,Promise Amukamara,5312434.0,Gabby White,,,-214748340,-214748365
2026-04-25,40186779082,Shay Ijiwoye shooting foul,Shooting Foul,44,False,1,3:47,18,7,Los Angeles Sparks,NIGERIA,5238309.0,Shay Ijiwoye,,,,,28,2
2026-04-25,40186779084,Dearica Hamby makes free throw 1 of 2,Free Throw - 1 of 2,98,True,1,3:47,19,7,Los Angeles Sparks,NIGERIA,2566106.0,Dearica Hamby,,,,,-214748340,-214748365
2026-04-25,40186779085,Ezinne Kalu enters the game for Shay Ijiwoye,Substitution,584,False,1,3:47,19,7,Los Angeles Sparks,NIGERIA,2531437.0,Ezinne Kalu,5238309.0,Shay Ijiwoye,,,-214748340,-214748365
2026-04-25,40186779087,Dearica Hamby makes free throw 2 of 2,Free Throw - 2 of 2,99,True,1,3:47,20,7,Los Angeles Sparks,NIGERIA,2566106.0,Dearica Hamby,,,,,-214748340,-214748365
2026-04-25,40186779088,"Victoria Macaulay bad pass
turnover (Cameron Brink steals)","Bad Pass
Turnover",62,False,1,3:27,20,7,Los Angeles Sparks,NIGERIA,2491811.0,Victoria Macaulay,4433404.0,Cameron Brink,,,21,6
2026-04-25,40186779090,Dearica Hamby lost ball turnover (Ezinne Kalu steals),Lost Ball Turnover,63,False,1,3:19,20,7,Los Angeles Sparks,NIGERIA,2566106.0,Dearica Hamby,2531437.0,Ezinne Kalu,,,25,13
2026-04-25,40186779092,Cameron Brink personal foul,Personal Foul,45,False,1,3:13,20,7,Los Angeles Sparks,NIGERIA,4433404.0,Cameron Brink,,,,,24,2
2026-04-25,40186779094,Sania Feagin enters the game for Dearica Hamby,Substitution,584,False,1,3:13,20,7,Los Angeles Sparks,NIGERIA,4433795.0,Sania Feagin,2566106.0,Dearica Hamby,,,-214748340,-214748365
2026-04-25,40186779095,Julie Vanloo enters the game for Erica Wheeler,Substitution,584,False,1,3:13,20,7,Los Angeles Sparks,NIGERIA,2566110.0,Julie Vanloo,2491214.0,Erica Wheeler,,,-214748340,-214748365
2026-04-25,40186779096,Uche Izoje enters the game for Nora Ezike,Substitution,584,False,1,3:13,20,7,Los Angeles Sparks,NIGERIA,5312424.0,Uche Izoje,5312420.0,Nora Ezike,,,-214748340,-214748365
2026-04-25,40186779097,Nicole Enabosi enters the game for Victoria Macaulay,Substitution,584,False,1,3:13,20,7,Los Angeles Sparks,NIGERIA,3918557.0,Nicole Enabosi,2491811.0,Victoria Macaulay,,,-214748340,-214748365
2026-04-25,401867790102,Cameron Brink shooting foul,Shooting Foul,44,False,1,3:09,20,7,Los Angeles Sparks,NIGERIA,4433404.0,Cameron Brink,,,,,26,2
2026-04-25,401867790104,Ezinne Kalu makes free throw 1 of 2,Free Throw - 1 of 2,98,True,1,3:09,20,8,Los Angeles Sparks,NIGERIA,2531437.0,Ezinne Kalu,,,,,-214748340,-214748365
2026-04-25,401867790105,Ezinne Kalu misses free throw 2 of 2,Free Throw - 2 of 2,99,False,1,3:09,20,8,Los Angeles Sparks,NIGERIA,2531437.0,Ezinne Kalu,,,,,-214748340,-214748365
2026-04-25,401867790106,Cameron Brink defensive rebound,Defensive Rebound,155,False,1,3:04,20,8,Los Angeles Sparks,NIGERIA,4433404.0,Cameron Brink,,,,,-214748340,-214748365
2026-04-25,401867790107,"Kelsey Plum bad pass
turnover (Promise Amukamara steals)","Bad Pass
Turnover",62,False,1,3:03,20,8,Los Angeles Sparks,NIGERIA,3065570.0,Kelsey Plum,2592228.0,Promise Amukamara,,,40,39
2026-04-25,401867790109,Promise Amukamara makes running layup,Running Layup Shot,109,True,1,3:00,20,10,Los Angeles Sparks,NIGERIA,2592228.0,Promise Amukamara,,,,,27,1
2026-04-25,401867790110,Favour Nwaedozi personal foul,Personal Foul,45,False,1,2:43,20,10,Los Angeles Sparks,NIGERIA,5311604.0,Favour Nwaedozi,,,,,25,8
2026-04-25,401867790112,Cameron Brink makes free throw 1 of 2,Free Throw - 1 of 2,98,True,1,2:43,21,10,Los Angeles Sparks,NIGERIA,4433404.0,Cameron Brink,,,,,-214748340,-214748365
2026-04-25,401867790113,Cameron Brink makes free throw 2 of 2,Free Throw - 2 of 2,99,True,1,2:43,22,10,Los Angeles Sparks,NIGERIA,4433404.0,Cameron Brink,,,,,-214748340,-214748365
2026-04-25,401867790114,Uche Izoje makes 11-foot pullup jump shot (Promise Amukamara assists),Pullup Jump Shot,131,True,1,2:31,22,12,Los Angeles Sparks,NIGERIA,5312424.0,Uche Izoje,2592228.0,Promise Amukamara,,,19,10
2026-04-25,401867790117,Emma Cannon enters the game for Cameron Brink,Substitution,584,False,1,2:17,22,12,Los Angeles Sparks,NIGERIA,2284331.0,Emma Cannon,4433404.0,Cameron Brink,,,-214748340,-214748365
2026-04-25,401867790119,Kelsey Plum makes 2-foot two point shot (Julie Vanloo assists),Driving Finger Roll Layup,128,True,1,2:06,24,12,Los Angeles Sparks,NIGERIA,3065570.0,Kelsey Plum,2566110.0,Julie Vanloo,,,24,2
2026-04-25,401867790122,Ta'Niya Latson enters the game for Kelsey Plum,Substitution,584,False,1,1:41,24,12,Los Angeles Sparks,NIGERIA,4609797.0,Ta'Niya Latson,3065570.0,Kelsey Plum,,,-214748340,-214748365
2026-04-25,401867790124,Ta'Niya Latson personal foul,Personal Foul,45,False,1,1:41,24,12,Los Angeles Sparks,NIGERIA,4609797.0,Ta'Niya Latson,,,,,32,12
2026-04-25,401867790126,Ezinne Kalu misses free throw 1 of 2,Free Throw - 1 of 2,98,False,1,1:41,24,12,Los Angeles Sparks,NIGERIA,2531437.0,Ezinne Kalu,,,,,-214748340,-214748365
2026-04-25,401867790127,Nigeria offensive team rebound,Offensive Rebound,156,False,1,1:41,24,12,Los Angeles Sparks,NIGERIA,,,,,,,-214748340,-214748365
2026-04-25,401867790128,Blessing Ejiofor enters the game for Promise Amukamara,Substitution,584,False,1,1:41,24,12,Los Angeles Sparks,NIGERIA,4280899.0,Blessing Ejiofor,2592228.0,Promise Amukamara,,,-214748340,-214748365
2026-04-25,401867790129,Gabby White enters the game for Favour Nwaedozi,Substitution,584,False,1,1:41,24,12,Los Angeles Sparks,NIGERIA,5312434.0,Gabby White,5311604.0,Favour Nwaedozi,,,-214748340,-214748365
2026-04-25,401867790132,Ezinne Kalu misses free throw 2 of 2,Free Throw - 2 of 2,99,False,1,1:41,24,12,Los Angeles Sparks,NIGERIA,2531437.0,Ezinne Kalu,,,,,-214748340,-214748365
2026-04-25,401867790133,Nigeria offensive team rebound,Offensive Rebound,156,False,1,1:39,24,12,Los Angeles Sparks,NIGERIA,,,,,,,-214748340,-214748365
2026-04-25,401867790135,"Gabby White bad pass
turnover (Ariel Atkins steals)","Bad Pass
Turnover",62,False,1,1:29,24,12,Los Angeles Sparks,NIGERIA,5312434.0,Gabby White,3146151.0,Ariel Atkins,,,23,5
2026-04-25,401867790137,Uche Izoje shooting foul,Shooting Foul,44,False,1,1:19,24,12,Los Angeles Sparks,NIGERIA,5312424.0,Uche Izoje,,,,,25,4
2026-04-25,401867790139,Sania Feagin makes free throw 1 of 2,Free Throw - 1 of 2,98,True,1,1:19,25,12,Los Angeles Sparks,NIGERIA,4433795.0,Sania Feagin,,,,,-214748340,-214748365
2026-04-25,401867790140,Chance Gray enters the game for Ariel Atkins,Substitution,584,False,1,1:19,25,12,Los Angeles Sparks,NIGERIA,5105729.0,Chance Gray,3146151.0,Ariel Atkins,,,-214748340,-214748365
2026-04-25,401867790142,Sania Feagin makes free throw 2 of 2,Free Throw - 2 of 2,99,True,1,1:19,26,12,Los Angeles Sparks,NIGERIA,4433795.0,Sania Feagin,,,,,-214748340,-214748365
2026-04-25,401867790144,Blessing Ejiofor makes 14-foot turnaround jump shot (Uche Izoje assists),Turnaround Jump Shot,114,True,1,1:05,26,14,Los Angeles Sparks,NIGERIA,4280899.0,Blessing Ejiofor,5312424.0,Uche Izoje,,,27,14
2026-04-25,401867790146,Sania Feagin misses 11-foot two point shot,Turnaround Fade Away Jump Shot,137,False,1,46.6,26,14,Los Angeles Sparks,NIGERIA,4433795.0,Sania Feagin,,,,,29,11
2026-04-25,401867790147,Nicole Enabosi defensive rebound,Defensive Rebound,155,False,1,44.6,26,14,Los Angeles Sparks,NIGERIA,3918557.0,Nicole Enabosi,,,,,29,11
2026-04-25,401867790148,Uche Izoje misses 13-foot jumper,Jump Shot,92,False,1,39.4,26,14,Los Angeles Sparks,NIGERIA,5312424.0,Uche Izoje,,,,,14,6
2026-04-25,401867790149,Nigeria offensive team rebound,Offensive Rebound,156,False,1,39.4,26,14,Los Angeles Sparks,NIGERIA,,,,,,,14,6
2026-04-25,401867790150,Sania Feagin loose ball foul,Loose Ball Foul,43,False,1,39.4,26,14,Los Angeles Sparks,NIGERIA,4433795.0,Sania Feagin,,,,,24,2
2026-04-25,401867790152,Blessing Ejiofor misses free throw 1 of 2,Free Throw - 1 of 2,98,False,1,39.4,26,14,Los Angeles Sparks,NIGERIA,4280899.0,Blessing Ejiofor,,,,,-214748340,-214748365
2026-04-25,401867790153,Nigeria offensive team rebound,Offensive Rebound,156,False,1,39.4,26,14,Los Angeles Sparks,NIGERIA,,,,,,,-214748340,-214748365
2026-04-25,401867790154,Nora Ezike enters the game for Ezinne Kalu,Substitution,584,False,1,39.4,26,14,Los Angeles Sparks,NIGERIA,5312420.0,Nora Ezike,2531437.0,Ezinne Kalu,,,-214748340,-214748365
2026-04-25,401867790155,Promise Amukamara enters the game for Uche Izoje,Substitution,584,False,1,39.4,26,14,Los Angeles Sparks,NIGERIA,2592228.0,Promise Amukamara,5312424.0,Uche Izoje,,,-214748340,-214748365
2026-04-25,401867790158,Blessing Ejiofor makes free throw 2 of 2,Free Throw - 2 of 2,99,True,1,39.4,26,15,Los Angeles Sparks,NIGERIA,4280899.0,Blessing Ejiofor,,,,,-214748340,-214748365
2026-04-25,401867790159,Promise Amukamara shooting foul,Shooting Foul,44,False,1,31.1,26,15,Los Angeles Sparks,NIGERIA,2592228.0,Promise Amukamara,,,,,26,4
2026-04-25,401867790161,Sania Feagin misses free throw 1 of 2,Free Throw - 1 of 2,98,False,1,31.1,26,15,Los Angeles Sparks,NIGERIA,4433795.0,Sania Feagin,,,,,-214748340,-214748365
2026-04-25,401867790162,Sparks offensive team rebound,Offensive Rebound,156,False,1,31.1,26,15,Los Angeles Sparks,NIGERIA,,,,,,,-214748340,-214748365
2026-04-25,401867790163,Sania Feagin makes free throw 2 of 2,Free Throw - 2 of 2,99,True,1,31.1,27,15,Los Angeles Sparks,NIGERIA,4433795.0,Sania Feagin,,,,,-214748340,-214748365
2026-04-25,401867790164,Nicole Enabosi misses 26-foot three point jumper,Jump Shot,92,False,1,17.1,27,15,Los Angeles Sparks,NIGERIA,3918557.0,Nicole Enabosi,,,,,23,26
2026-04-25,401867790165,Ta'Niya Latson defensive rebound,Defensive Rebound,155,False,1,12.6,27,15,Los Angeles Sparks,NIGERIA,4609797.0,Ta'Niya Latson,,,,,23,26
2026-04-25,401867790166,"Ta'Niya Latson bad pass
turnover (Promise Amukamara steals)","Bad Pass
Turnover",62,False,1,9.6,27,15,Los Angeles Sparks,NIGERIA,4609797.0,Ta'Niya Latson,2592228.0,Promise Amukamara,,,12,30
2026-04-25,401867790168,Gabby White makes running layup (Promise Amukamara assists),Running Layup Shot,109,True,1,5.7,27,17,Los Angeles Sparks,NIGERIA,5312434.0,Gabby White,2592228.0,Promise Amukamara,,,23,1
2026-04-25,401867790170,Julie Vanloo misses 24-foot three point pullup jump shot,Pullup Jump Shot,131,False,1,1.1,27,17,Los Angeles Sparks,NIGERIA,2566110.0,Julie Vanloo,,,,,9,19
2026-04-25,401867790171,Sparks offensive team rebound,Offensive Rebound,156,False,1,0.1,27,17,Los Angeles Sparks,NIGERIA,,,,,,,9,19
2026-04-25,401867790172,End of the 1st Quarter,End Period,412,False,1,0.0,27,17,Los Angeles Sparks,NIGERIA,,,,,,,-214748340,-214748365
2026-04-25,401867790173,Laura Ziegler enters the game for Sania Feagin,Substitution,584,False,2,10:00,27,17,Los Angeles Sparks,NIGERIA,5107515.0,Laura Ziegler,4433795.0,Sania Feagin,,,-214748340,-214748365
2026-04-25,401867790174,Uche Izoje enters the game for Gabby White,Substitution,584,False,2,10:00,27,17,Los Angeles Sparks,NIGERIA,5312424.0,Uche Izoje,5312434.0,Gabby White,,,-214748340,-214748365
2026-04-25,401867790175,Ezinne Kalu enters the game for Nicole Enabosi,Substitution,584,False,2,10:00,27,17,Los Angeles Sparks,NIGERIA,2531437.0,Ezinne Kalu,3918557.0,Nicole Enabosi,,,-214748340,-214748365
2026-04-25,401867790180,Nora Ezike misses 5-foot two point shot,Driving Hook Shot,119,False,2,9:39,27,17,Los Angeles Sparks,NIGERIA,5312420.0,Nora Ezike,,,,,25,5
2026-04-25,401867790181,Nora Ezike offensive rebound,Offensive Rebound,156,False,2,9:36,27,17,Los Angeles Sparks,NIGERIA,5312420.0,Nora Ezike,,,,,25,5
2026-04-25,401867790182,Nora Ezike misses 4-foot hook shot,Hook Shot,93,False,2,9:35,27,17,Los Angeles Sparks,NIGERIA,5312420.0,Nora Ezike,,,,,25,4
2026-04-25,401867790183,Emma Cannon defensive rebound,Defensive Rebound,155,False,2,9:33,27,17,Los Angeles Sparks,NIGERIA,2284331.0,Emma Cannon,,,,,25,4
2026-04-25,401867790184,Chance Gray makes 25-foot three point jumper (Laura Ziegler assists),Jump Shot,92,True,2,9:12,30,17,Los Angeles Sparks,NIGERIA,5105729.0,Chance Gray,5107515.0,Laura Ziegler,,,41,19
2026-04-25,401867790186,Blessing Ejiofor misses 26-foot three point jumper,Jump Shot,92,False,2,8:50,30,17,Los Angeles Sparks,NIGERIA,4280899.0,Blessing Ejiofor,,,,,14,23
2026-04-25,401867790187,Julie Vanloo defensive rebound,Defensive Rebound,155,False,2,8:48,30,17,Los Angeles Sparks,NIGERIA,2566110.0,Julie Vanloo,,,,,14,23
2026-04-25,401867790188,Emma Cannon misses 7-foot turnaround jump shot,Turnaround Jump Shot,114,False,2,8:41,30,17,Los Angeles Sparks,NIGERIA,2284331.0,Emma Cannon,,,,,32,2
2026-04-25,401867790189,Ezinne Kalu defensive rebound,Defensive Rebound,155,False,2,8:38,30,17,Los Angeles Sparks,NIGERIA,2531437.0,Ezinne Kalu,,,,,32,2
2026-04-25,401867790190,Uche Izoje misses 7-foot pullup jump shot,Pullup Jump Shot,131,False,2,8:30,30,17,Los Angeles Sparks,NIGERIA,5312424.0,Uche Izoje,,,,,30,5
2026-04-25,401867790191,Ta'Niya Latson defensive rebound,Defensive Rebound,155,False,2,8:23,30,17,Los Angeles Sparks,NIGERIA,4609797.0,Ta'Niya Latson,,,,,30,5
2026-04-25,401867790192,Chance Gray misses running layup,Running Layup Shot,109,False,2,8:20,30,17,Los Angeles Sparks,NIGERIA,5105729.0,Chance Gray,,,,,23,1
2026-04-25,401867790193,Promise Amukamara defensive rebound,Defensive Rebound,155,False,2,8:17,30,17,Los Angeles Sparks,NIGERIA,2592228.0,Promise Amukamara,,,,,23,1
2026-04-25,401867790194,Emma Cannon shooting foul,Shooting Foul,44,False,2,8:01,30,17,Los Angeles Sparks,NIGERIA,2284331.0,Emma Cannon,,,,,20,7
2026-04-25,401867790196,Uche Izoje misses free throw 1 of 2,Free Throw - 1 of 2,98,False,2,8:01,30,17,Los Angeles Sparks,NIGERIA,5312424.0,Uche Izoje,,,,,-214748340,-214748365
2026-04-25,401867790197,Nigeria offensive team rebound,Offensive Rebound,156,False,2,8:01,30,17,Los Angeles Sparks,NIGERIA,,,,,,,-214748340,-214748365
2026-04-25,401867790198,Sevgi Uzun enters the game for Emma Cannon,Substitution,584,False,2,8:01,30,17,Los Angeles Sparks,NIGERIA,5209660.0,Sevgi Uzun,2284331.0,Emma Cannon,,,-214748340,-214748365
2026-04-25,401867790199,Amelia Hassett enters the game for Julie Vanloo,Substitution,584,False,2,8:01,30,17,Los Angeles Sparks,NIGERIA,5239080.0,Amelia Hassett,2566110.0,Julie Vanloo,,,-214748340,-214748365
2026-04-25,401867790200,Gabby White enters the game for Nora Ezike,Substitution,584,False,2,8:01,30,17,Los Angeles Sparks,NIGERIA,5312434.0,Gabby White,5312420.0,Nora Ezike,,,-214748340,-214748365
2026-04-25,401867790201,Favour Nwaedozi enters the game for Blessing Ejiofor,Substitution,584,False,2,8:01,30,17,Los Angeles Sparks,NIGERIA,5311604.0,Favour Nwaedozi,4280899.0,Blessing Ejiofor,,,-214748340,-214748365
2026-04-25,401867790202,Nicole Enabosi enters the game for Ezinne Kalu,Substitution,584,False,2,8:01,30,17,Los Angeles Sparks,NIGERIA,3918557.0,Nicole Enabosi,2531437.0,Ezinne Kalu,,,-214748340,-214748365
2026-04-25,401867790208,Uche Izoje makes free throw 2 of 2,Free Throw - 2 of 2,99,True,2,8:01,30,18,Los Angeles Sparks,NIGERIA,5312424.0,Uche Izoje,,,,,-214748340,-214748365
2026-04-25,401867790209,Ta'Niya Latson misses driving layup,Driving Layup Shot,110,False,2,7:48,30,18,Los Angeles Sparks,NIGERIA,4609797.0,Ta'Niya Latson,,,,,22,3
2026-04-25,401867790210,Nicole Enabosi defensive rebound,Defensive Rebound,155,False,2,7:44,30,18,Los Angeles Sparks,NIGERIA,3918557.0,Nicole Enabosi,,,,,22,3
2026-04-25,401867790211,Favour Nwaedozi 3 second turnover,3-Second Turnover,67,False,2,7:32,30,18,Los Angeles Sparks,NIGERIA,5311604.0,Favour Nwaedozi,,,,,27,3
2026-04-25,401867790212,Chance Gray misses 25-foot three point jumper,Jump Shot,92,False,2,7:22,30,18,Los Angeles Sparks,NIGERIA,5105729.0,Chance Gray,,,,,46,13
2026-04-25,401867790213,Uche Izoje defensive rebound,Defensive Rebound,155,False,2,7:17,30,18,Los Angeles Sparks,NIGERIA,5312424.0,Uche Izoje,,,,,46,13
2026-04-25,401867790214,"Gabby White bad pass
turnover (Amelia Hassett steals)","Bad Pass
Turnover",62,False,2,7:10,30,18,Los Angeles Sparks,NIGERIA,5312434.0,Gabby White,5239080.0,Amelia Hassett,,,7,11
2026-04-25,401867790216,Uche Izoje personal foul,Personal Foul,45,False,2,7:10,30,18,Los Angeles Sparks,NIGERIA,5312424.0,Uche Izoje,,,,,24,21
2026-04-25,401867790218,Laura Ziegler misses 25-foot three point jumper,Jump Shot,92,False,2,6:57,30,18,Los Angeles Sparks,NIGERIA,5107515.0,Laura Ziegler,,,,,41,20
2026-04-25,401867790219,Uche Izoje defensive rebound,Defensive Rebound,155,False,2,6:52,30,18,Los Angeles Sparks,NIGERIA,5312424.0,Uche Izoje,,,,,41,20
2026-04-25,401867790220,Nicole Enabosi makes 2-foot layup (Gabby White assists),Cutting Layup Shot,141,True,2,6:46,30,20,Los Angeles Sparks,NIGERIA,3918557.0,Nicole Enabosi,5312434.0,Gabby White,,,27,0
2026-04-25,401867790222,Ta'Niya Latson lost ball turnover (Nicole Enabosi steals),Lost Ball Turnover,63,False,2,6:35,30,20,Los Angeles Sparks,NIGERIA,4609797.0,Ta'Niya Latson,3918557.0,Nicole Enabosi,,,15,40
2026-04-25,401867790224,Favour Nwaedozi makes running layup (Gabby White assists),Running Layup Shot,109,True,2,6:32,30,22,Los Angeles Sparks,NIGERIA,5311604.0,Favour Nwaedozi,5312434.0,Gabby White,,,25,2
2026-04-25,401867790226,Ta'Niya Latson misses 22-foot three point jumper,Jump Shot,92,False,2,6:22,30,22,Los Angeles Sparks,NIGERIA,4609797.0,Ta'Niya Latson,,,,,48,2
2026-04-25,401867790227,Gabby White defensive rebound,Defensive Rebound,155,False,2,6:18,30,22,Los Angeles Sparks,NIGERIA,5312434.0,Gabby White,,,,,48,2
2026-04-25,401867790228,Gabby White makes running layup,Running Layup Shot,109,True,2,6:14,30,24,Los Angeles Sparks,NIGERIA,5312434.0,Gabby White,,,,,22,6
2026-04-25,401867790229,Nicole Enabosi personal foul,Personal Foul,45,False,2,6:03,30,24,Los Angeles Sparks,NIGERIA,3918557.0,Nicole Enabosi,,,,,25,25
2026-04-25,401867790231,Julie Vanloo enters the game for Ta'Niya Latson,Substitution,584,False,2,6:03,30,24,Los Angeles Sparks,NIGERIA,2566110.0,Julie Vanloo,4609797.0,Ta'Niya Latson,,,-214748340,-214748365
2026-04-25,401867790233,Sevgi Uzun out of bounds lost ball turnover,Out of Bounds - Lost Ball Turnover,87,False,2,5:56,30,24,Los Angeles Sparks,NIGERIA,5209660.0,Sevgi Uzun,,,,,39,16
2026-04-25,401867790234,Official timeout,Official Timeout,19,False,2,5:56,30,24,Los Angeles Sparks,NIGERIA,,,,,,,-214748340,-214748365
2026-04-25,401867790235,Promise Amukamara offensive foul,Offensive Foul,42,False,2,5:45,30,24,Los Angeles Sparks,NIGERIA,2592228.0,Promise Amukamara,,,,,11,22
2026-04-25,401867790237,Promise Amukamara offensive foul turnover,Offensive Foul Turnover,84,False,2,5:45,30,24,Los Angeles Sparks,NIGERIA,2592228.0,Promise Amukamara,,,,,11,22
2026-04-25,401867790246,Victoria Macaulay enters the game for Uche Izoje,Substitution,584,False,2,5:45,30,24,Los Angeles Sparks,NIGERIA,2491811.0,Victoria Macaulay,5312424.0,Uche Izoje,,,-214748340,-214748365
2026-04-25,401867790238,Chance Gray misses 22-foot three point jumper,Jump Shot,92,False,2,5:34,30,24,Los Angeles Sparks,NIGERIA,5105729.0,Chance Gray,,,,,3,3
2026-04-25,401867790239,Favour Nwaedozi defensive rebound,Defensive Rebound,155,False,2,5:31,30,24,Los Angeles Sparks,NIGERIA,5311604.0,Favour Nwaedozi,,,,,3,3
2026-04-25,401867790240,"Promise Amukamara bad pass
turnover (Laura Ziegler steals)","Bad Pass
Turnover",62,False,2,5:20,30,24,Los Angeles Sparks,NIGERIA,2592228.0,Promise Amukamara,5107515.0,Laura Ziegler,,,14,9
2026-04-25,401867790242,8 second turnover,8-Second Turnover,69,False,2,5:18,30,24,Los Angeles Sparks,NIGERIA,,,,,,,11,11
2026-04-25,401867790243,Victoria Macaulay misses 25-foot three point jumper,Jump Shot,92,False,2,5:06,30,24,Los Angeles Sparks,NIGERIA,2491811.0,Victoria Macaulay,,,,,18,24
2026-04-25,401867790244,Favour Nwaedozi offensive rebound,Offensive Rebound,156,False,2,5:00,30,24,Los Angeles Sparks,NIGERIA,5311604.0,Favour Nwaedozi,,,,,18,24
2026-04-25,401867790245,Favour Nwaedozi makes two point shot,Layup Shot Putback,125,True,2,5:00,30,26,Los Angeles Sparks,NIGERIA,5311604.0,Favour Nwaedozi,,,,,25,0
2026-04-25,401867790248,Sevgi Uzun out of bounds bad pass turnover,Out of Bounds - Bad Pass Turnover,90,False,2,4:40,30,26,Los Angeles Sparks,NIGERIA,5209660.0,Sevgi Uzun,,,,,40,18
2026-04-25,401867790249,Ariel Atkins enters the game for Laura Ziegler,Substitution,584,False,2,4:40,30,26,Los Angeles Sparks,NIGERIA,3146151.0,Ariel Atkins,5107515.0,Laura Ziegler,,,-214748340,-214748365
2026-04-25,401867790250,Erica Wheeler enters the game for Chance Gray,Substitution,584,False,2,4:40,30,26,Los Angeles Sparks,NIGERIA,2491214.0,Erica Wheeler,5105729.0,Chance Gray,,,-214748340,-214748365
2026-04-25,401867790251,Dearica Hamby enters the game for Amelia Hassett,Substitution,584,False,2,4:40,30,26,Los Angeles Sparks,NIGERIA,2566106.0,Dearica Hamby,5239080.0,Amelia Hassett,,,-214748340,-214748365
2026-04-25,401867790252,Kelsey Plum enters the game for Sevgi Uzun,Substitution,584,False,2,4:40,30,26,Los Angeles Sparks,NIGERIA,3065570.0,Kelsey Plum,5209660.0,Sevgi Uzun,,,-214748340,-214748365
2026-04-25,401867790253,Cameron Brink enters the game for Julie Vanloo,Substitution,584,False,2,4:40,30,26,Los Angeles Sparks,NIGERIA,4433404.0,Cameron Brink,2566110.0,Julie Vanloo,,,-214748340,-214748365
2026-04-25,401867790254,Ezinne Kalu enters the game for Promise Amukamara,Substitution,584,False,2,4:40,30,26,Los Angeles Sparks,NIGERIA,2531437.0,Ezinne Kalu,2592228.0,Promise Amukamara,,,-214748340,-214748365
2026-04-25,401867790261,Gabby White misses driving layup,Driving Layup Shot,110,False,2,4:27,30,26,Los Angeles Sparks,NIGERIA,5312434.0,Gabby White,,,,,23,2
2026-04-25,401867790263,Cameron Brink defensive rebound,Defensive Rebound,155,False,2,4:23,30,26,Los Angeles Sparks,NIGERIA,4433404.0,Cameron Brink,,,,,23,2
2026-04-25,401867790264,Kelsey Plum makes 24-foot three point jumper (Erica Wheeler assists),Jump Shot,92,True,2,4:11,33,26,Los Angeles Sparks,NIGERIA,3065570.0,Kelsey Plum,2491214.0,Erica Wheeler,,,12,20
2026-04-25,401867790266,Victoria Macaulay out of bounds lost ball turnover,Out of Bounds - Lost Ball Turnover,87,False,2,3:42,33,26,Los Angeles Sparks,NIGERIA,2491811.0,Victoria Macaulay,,,,,10,10
2026-04-25,401867790267,Pallas Kunaiyi enters the game for Favour Nwaedozi,Substitution,584,False,2,3:42,33,26,Los Angeles Sparks,NIGERIA,3926411.0,Pallas Kunaiyi,5311604.0,Favour Nwaedozi,,,-214748340,-214748365
2026-04-25,401867790270,Dearica Hamby offensive foul,Offensive Foul,42,False,2,3:33,33,26,Los Angeles Sparks,NIGERIA,2566106.0,Dearica Hamby,,,,,25,4
2026-04-25,401867790272,Dearica Hamby offensive foul turnover,Offensive Foul Turnover,84,False,2,3:33,33,26,Los Angeles Sparks,NIGERIA,2566106.0,Dearica Hamby,,,,,25,4
2026-04-25,401867790273,Promise Amukamara enters the game for Gabby White,Substitution,584,False,2,3:33,33,26,Los Angeles Sparks,NIGERIA,2592228.0,Promise Amukamara,5312434.0,Gabby White,,,-214748340,-214748365
2026-04-25,401867790275,"Ezinne Kalu bad pass
turnover (Ariel Atkins steals)","Bad Pass
Turnover",62,False,2,3:16,33,26,Los Angeles Sparks,NIGERIA,2531437.0,Ezinne Kalu,3146151.0,Ariel Atkins,,,12,17
2026-04-25,401867790277,Kelsey Plum makes 7-foot two point shot,Turnaround Fade Away Jump Shot,137,True,2,2:59,35,26,Los Angeles Sparks,NIGERIA,3065570.0,Kelsey Plum,,,,,21,6
2026-04-25,401867790278,Nigeria Full timeout,Full Timeout,16,False,2,2:51,35,26,Los Angeles Sparks,NIGERIA,,,,,,,-214748340,-214748365
2026-04-25,401867790279,Uche Izoje enters the game for Pallas Kunaiyi,Substitution,584,False,2,2:51,35,26,Los Angeles Sparks,NIGERIA,5312424.0,Uche Izoje,3926411.0,Pallas Kunaiyi,,,-214748340,-214748365
2026-04-25,401867790280,Favour Nwaedozi enters the game for Nicole Enabosi,Substitution,584,False,2,2:51,35,26,Los Angeles Sparks,NIGERIA,5311604.0,Favour Nwaedozi,3918557.0,Nicole Enabosi,,,-214748340,-214748365
2026-04-25,401867790283,Uche Izoje misses 23-foot three point jumper,Jump Shot,92,False,2,2:35,35,26,Los Angeles Sparks,NIGERIA,5312424.0,Uche Izoje,,,,,2,4
2026-04-25,401867790284,Favour Nwaedozi offensive rebound,Offensive Rebound,156,False,2,2:31,35,26,Los Angeles Sparks,NIGERIA,5311604.0,Favour Nwaedozi,,,,,2,4
2026-04-25,401867790285,Ezinne Kalu misses 19-foot pullup jump shot,Pullup Jump Shot,131,False,2,2:22,35,26,Los Angeles Sparks,NIGERIA,2531437.0,Ezinne Kalu,,,,,10,11
2026-04-25,401867790286,Dearica Hamby defensive rebound,Defensive Rebound,155,False,2,2:18,35,26,Los Angeles Sparks,NIGERIA,2566106.0,Dearica Hamby,,,,,10,11
2026-04-25,401867790287,Dearica Hamby makes 1-foot layup (Ariel Atkins assists),Cutting Layup Shot,141,True,2,2:04,37,26,Los Angeles Sparks,NIGERIA,2566106.0,Dearica Hamby,3146151.0,Ariel Atkins,,,25,1
2026-04-25,401867790289,Promise Amukamara makes 24-foot three point jumper (Ezinne Kalu assists),Jump Shot,92,True,2,1:54,37,29,Los Angeles Sparks,NIGERIA,2592228.0,Promise Amukamara,2531437.0,Ezinne Kalu,,,1,4
2026-04-25,401867790291,Kelsey Plum misses 25-foot three point jumper,Jump Shot,92,False,2,1:33,37,29,Los Angeles Sparks,NIGERIA,3065570.0,Kelsey Plum,,,,,25,26
2026-04-25,401867790292,Sparks offensive team rebound,Offensive Rebound,156,False,2,1:32,37,29,Los Angeles Sparks,NIGERIA,,,,,,,25,26
2026-04-25,401867790294,Nicole Enabosi enters the game for Ezinne Kalu,Substitution,584,False,2,1:32,37,29,Los Angeles Sparks,NIGERIA,3918557.0,Nicole Enabosi,2531437.0,Ezinne Kalu,,,-214748340,-214748365
2026-04-25,401867790295,Gabby White enters the game for Victoria Macaulay,Substitution,584,False,2,1:32,37,29,Los Angeles Sparks,NIGERIA,5312434.0,Gabby White,2491811.0,Victoria Macaulay,,,-214748340,-214748365
2026-04-25,401867790298,Kelsey Plum makes 25-foot three point jumper (Erica Wheeler assists),Jump Shot,92,True,2,1:30,40,29,Los Angeles Sparks,NIGERIA,3065570.0,Kelsey Plum,2491214.0,Erica Wheeler,,,11,21
2026-04-25,401867790300,Nicole Enabosi misses 23-foot three point jumper,Jump Shot,92,False,2,1:11,40,29,Los Angeles Sparks,NIGERIA,3918557.0,Nicole Enabosi,,,,,48,2
2026-04-25,401867790301,Ariel Atkins defensive rebound,Defensive Rebound,155,False,2,1:06,40,29,Los Angeles Sparks,NIGERIA,3146151.0,Ariel Atkins,,,,,48,2
2026-04-25,401867790303,Ariel Atkins misses 22-foot three point jumper,Jump Shot,92,False,2,1:04,40,29,Los Angeles Sparks,NIGERIA,3146151.0,Ariel Atkins,,,,,8,15
2026-04-25,401867790304,Favour Nwaedozi defensive rebound,Defensive Rebound,155,False,2,1:00,40,29,Los Angeles Sparks,NIGERIA,5311604.0,Favour Nwaedozi,,,,,8,15
2026-04-25,401867790306,Cameron Brink blocks Nicole Enabosi 's 5-foot layup,Layup Shot,95,False,2,52.2,40,29,Los Angeles Sparks,NIGERIA,3918557.0,Nicole Enabosi,4433404.0,Cameron Brink,,,31,1
2026-04-25,401867790308,Sparks defensive team rebound,Defensive Rebound,155,False,2,52.2,40,29,Los Angeles Sparks,NIGERIA,,,,,,,31,1
2026-04-25,401867790310,Cameron Brink makes 3-foot layup (Erica Wheeler assists),Cutting Layup Shot,141,True,2,40.5,42,29,Los Angeles Sparks,NIGERIA,4433404.0,Cameron Brink,2491214.0,Erica Wheeler,,,28,2
2026-04-25,401867790312,Gabby White misses 23-foot three point jumper,Jump Shot,92,False,2,26.2,42,29,Los Angeles Sparks,NIGERIA,5312434.0,Gabby White,,,,,2,4
2026-04-25,401867790313,Ariel Atkins defensive rebound,Defensive Rebound,155,False,2,21.4,42,29,Los Angeles Sparks,NIGERIA,3146151.0,Ariel Atkins,,,,,2,4
2026-04-25,401867790314,Erica Wheeler makes running layup (Dearica Hamby assists),Running Layup Shot,109,True,2,19.5,44,29,Los Angeles Sparks,NIGERIA,2491214.0,Erica Wheeler,2566106.0,Dearica Hamby,,,23,1
2026-04-25,401867790316,Gabby White misses 22-foot three point jumper,Jump Shot,92,False,2,1.6,44,29,Los Angeles Sparks,NIGERIA,5312434.0,Gabby White,,,,,2,2
2026-04-25,401867790317,Ariel Atkins defensive rebound,Defensive Rebound,155,False,2,0.6,44,29,Los Angeles Sparks,NIGERIA,3146151.0,Ariel Atkins,,,,,2,2
2026-04-25,401867790318,End of the 2nd Quarter,End Period,412,False,2,0.0,44,29,Los Angeles Sparks,NIGERIA,,,,,,,-214748340,-214748365
2026-04-25,401867790319,Ezinne Kalu enters the game for Favour Nwaedozi,Substitution,584,False,3,10:00,44,29,Los Angeles Sparks,NIGERIA,2531437.0,Ezinne Kalu,5311604.0,Favour Nwaedozi,,,-214748340,-214748365
2026-04-25,401867790320,Blessing Ejiofor enters the game for Nicole Enabosi,Substitution,584,False,3,10:00,44,29,Los Angeles Sparks,NIGERIA,4280899.0,Blessing Ejiofor,3918557.0,Nicole Enabosi,,,-214748340,-214748365
2026-04-25,401867790321,Victoria Macaulay enters the game for Gabby White,Substitution,584,False,3,10:00,44,29,Los Angeles Sparks,NIGERIA,2491811.0,Victoria Macaulay,5312434.0,Gabby White,,,-214748340,-214748365
2026-04-25,401867790326,"Victoria Macaulay bad pass
turnover (Ariel Atkins steals)","Bad Pass
Turnover",62,False,3,9:37,44,29,Los Angeles Sparks,NIGERIA,2491811.0,Victoria Macaulay,3146151.0,Ariel Atkins,,,28,25
2026-04-25,401867790328,Victoria Macaulay shooting foul,Shooting Foul,44,False,3,9:34,44,29,Los Angeles Sparks,NIGERIA,2491811.0,Victoria Macaulay,,,,,28,1
2026-04-25,401867790330,Erica Wheeler makes free throw 1 of 2,Free Throw - 1 of 2,98,True,3,9:34,45,29,Los Angeles Sparks,NIGERIA,2491214.0,Erica Wheeler,,,,,-214748340,-214748365
2026-04-25,401867790331,Erica Wheeler makes free throw 2 of 2,Free Throw - 2 of 2,99,True,3,9:34,46,29,Los Angeles Sparks,NIGERIA,2491214.0,Erica Wheeler,,,,,-214748340,-214748365
2026-04-25,401867790332,Promise Amukamara misses driving layup,Driving Layup Shot,110,False,3,9:18,46,29,Los Angeles Sparks,NIGERIA,2592228.0,Promise Amukamara,,,,,24,1
2026-04-25,401867790333,Dearica Hamby defensive rebound,Defensive Rebound,155,False,3,9:16,46,29,Los Angeles Sparks,NIGERIA,2566106.0,Dearica Hamby,,,,,24,1
2026-04-25,401867790334,"Erica Wheeler bad pass
turnover (Ezinne Kalu steals)","Bad Pass
Turnover",62,False,3,9:00,46,29,Los Angeles Sparks,NIGERIA,2491214.0,Erica Wheeler,2531437.0,Ezinne Kalu,,,20,2
2026-04-25,401867790336,Dearica Hamby shooting foul,Shooting Foul,44,False,3,8:48,46,29,Los Angeles Sparks,NIGERIA,2566106.0,Dearica Hamby,,,,,30,2
2026-04-25,401867790338,Ezinne Kalu makes free throw 1 of 2,Free Throw - 1 of 2,98,True,3,8:48,46,30,Los Angeles Sparks,NIGERIA,2531437.0,Ezinne Kalu,,,,,-214748340,-214748365
2026-04-25,401867790339,Ezinne Kalu makes free throw 2 of 2,Free Throw - 2 of 2,99,True,3,8:48,46,31,Los Angeles Sparks,NIGERIA,2531437.0,Ezinne Kalu,,,,,-214748340,-214748365
2026-04-25,401867790340,Kelsey Plum misses 15-foot step back jumpshot,Step Back Jump Shot,132,False,3,8:34,46,31,Los Angeles Sparks,NIGERIA,3065570.0,Kelsey Plum,,,,,40,5
2026-04-25,401867790341,Promise Amukamara defensive rebound,Defensive Rebound,155,False,3,8:30,46,31,Los Angeles Sparks,NIGERIA,2592228.0,Promise Amukamara,,,,,40,5
2026-04-25,401867790342,Victoria Macaulay misses 24-foot three point jumper,Jump Shot,92,False,3,8:21,46,31,Los Angeles Sparks,NIGERIA,2491811.0,Victoria Macaulay,,,,,3,11
2026-04-25,401867790343,Nigeria offensive team rebound,Offensive Rebound,156,False,3,8:19,46,31,Los Angeles Sparks,NIGERIA,,,,,,,3,11
2026-04-25,401867790345,Uche Izoje makes 18-foot turnaround jump shot (Promise Amukamara assists),Turnaround Jump Shot,114,True,3,8:17,46,33,Los Angeles Sparks,NIGERIA,5312424.0,Uche Izoje,2592228.0,Promise Amukamara,,,34,15
2026-04-25,401867790348,Blessing Ejiofor personal foul,Personal Foul,45,False,3,8:13,46,33,Los Angeles Sparks,NIGERIA,4280899.0,Blessing Ejiofor,,,,,30,42
2026-04-25,401867790350,Blessing Ejiofor personal foul,Personal Foul,45,False,3,8:01,46,33,Los Angeles Sparks,NIGERIA,4280899.0,Blessing Ejiofor,,,,,20,4
2026-04-25,401867790352,Maryam Dauda enters the game for Blessing Ejiofor,Substitution,584,False,3,8:01,46,33,Los Angeles Sparks,NIGERIA,4434019.0,Maryam Dauda,4280899.0,Blessing Ejiofor,,,-214748340,-214748365
2026-04-25,401867790354,Maryam Dauda blocks Cameron Brink 's 5-foot driving layup,Driving Layup Shot,110,False,3,7:55,46,33,Los Angeles Sparks,NIGERIA,4433404.0,Cameron Brink,4434019.0,Maryam Dauda,,,30,0
2026-04-25,401867790356,Uche Izoje defensive rebound,Defensive Rebound,155,False,3,7:52,46,33,Los Angeles Sparks,NIGERIA,5312424.0,Uche Izoje,,,,,30,0
2026-04-25,401867790357,Cameron Brink shooting foul,Shooting Foul,44,False,3,7:36,46,33,Los Angeles Sparks,NIGERIA,4433404.0,Cameron Brink,,,,,13,-1
2026-04-25,401867790359,Uche Izoje misses free throw 1 of 2,Free Throw - 1 of 2,98,False,3,7:36,46,33,Los Angeles Sparks,NIGERIA,5312424.0,Uche Izoje,,,,,-214748340,-214748365
2026-04-25,401867790360,Nigeria offensive team rebound,Offensive Rebound,156,False,3,7:36,46,33,Los Angeles Sparks,NIGERIA,,,,,,,-214748340,-214748365
2026-04-25,401867790361,Uche Izoje makes free throw 2 of 2,Free Throw - 2 of 2,99,True,3,7:36,46,34,Los Angeles Sparks,NIGERIA,5312424.0,Uche Izoje,,,,,-214748340,-214748365
2026-04-25,401867790362,Promise Amukamara shooting foul,Shooting Foul,44,False,3,7:18,46,34,Los Angeles Sparks,NIGERIA,2592228.0,Promise Amukamara,,,,,18,12
2026-04-25,401867790364,Kelsey Plum makes free throw 1 of 2,Free Throw - 1 of 2,98,True,3,7:18,47,34,Los Angeles Sparks,NIGERIA,3065570.0,Kelsey Plum,,,,,-214748340,-214748365
2026-04-25,401867790365,Kelsey Plum makes free throw 2 of 2,Free Throw - 2 of 2,99,True,3,7:18,48,34,Los Angeles Sparks,NIGERIA,3065570.0,Kelsey Plum,,,,,-214748340,-214748365
2026-04-25,401867790366,"Promise Amukamara bad pass
turnover (Cameron Brink steals)","Bad Pass
Turnover",62,False,3,7:00,48,34,Los Angeles Sparks,NIGERIA,2592228.0,Promise Amukamara,4433404.0,Cameron Brink,,,31,17
2026-04-25,401867790368,Cameron Brink makes running layup,Running Layup Shot,109,True,3,6:56,50,34,Los Angeles Sparks,NIGERIA,4433404.0,Cameron Brink,,,,,26,1
2026-04-25,401867790369,Nigeria Full timeout,Full Timeout,16,False,3,6:55,50,34,Los Angeles Sparks,NIGERIA,,,,,,,-214748340,-214748365
2026-04-25,401867790370,Ariel Atkins shooting foul,Shooting Foul,44,False,3,6:38,50,34,Los Angeles Sparks,NIGERIA,3146151.0,Ariel Atkins,,,,,17,11
2026-04-25,401867790372,Victoria Macaulay makes free throw 1 of 2,Free Throw - 1 of 2,98,True,3,6:38,50,35,Los Angeles Sparks,NIGERIA,2491811.0,Victoria Macaulay,,,,,-214748340,-214748365
2026-04-25,401867790373,Nicole Enabosi enters the game for Promise Amukamara,Substitution,584,False,3,6:38,50,35,Los Angeles Sparks,NIGERIA,3918557.0,Nicole Enabosi,2592228.0,Promise Amukamara,,,-214748340,-214748365
2026-04-25,401867790374,Gabby White enters the game for Uche Izoje,Substitution,584,False,3,6:38,50,35,Los Angeles Sparks,NIGERIA,5312434.0,Gabby White,5312424.0,Uche Izoje,,,-214748340,-214748365
2026-04-25,401867790377,Victoria Macaulay makes free throw 2 of 2,Free Throw - 2 of 2,99,True,3,6:38,50,36,Los Angeles Sparks,NIGERIA,2491811.0,Victoria Macaulay,,,,,-214748340,-214748365
2026-04-25,401867790378,Ezinne Kalu personal foul,Personal Foul,45,False,3,6:29,50,36,Los Angeles Sparks,NIGERIA,2531437.0,Ezinne Kalu,,,,,26,33
2026-04-25,401867790380,Kelsey Plum makes free throw 1 of 2,Free Throw - 1 of 2,98,True,3,6:29,51,36,Los Angeles Sparks,NIGERIA,3065570.0,Kelsey Plum,,,,,-214748340,-214748365
2026-04-25,401867790381,Kelsey Plum makes free throw 2 of 2,Free Throw - 2 of 2,99,True,3,6:29,52,36,Los Angeles Sparks,NIGERIA,3065570.0,Kelsey Plum,,,,,-214748340,-214748365
2026-04-25,401867790383,Gabby White misses 17-foot pullup jump shot,Pullup Jump Shot,131,False,3,6:06,52,36,Los Angeles Sparks,NIGERIA,5312434.0,Gabby White,,,,,32,16
2026-04-25,401867790384,Cameron Brink defensive rebound,Defensive Rebound,155,False,3,6:02,52,36,Los Angeles Sparks,NIGERIA,4433404.0,Cameron Brink,,,,,32,16
2026-04-25,401867790386,Ta'Niya Latson enters the game for Erica Wheeler,Substitution,584,False,3,6:00,52,36,Los Angeles Sparks,NIGERIA,4609797.0,Ta'Niya Latson,2491214.0,Erica Wheeler,,,-214748340,-214748365
2026-04-25,401867790388,Nora Ezike enters the game for Victoria Macaulay,Substitution,584,False,3,6:00,52,36,Los Angeles Sparks,NIGERIA,5312420.0,Nora Ezike,2491811.0,Victoria Macaulay,,,-214748340,-214748365
2026-04-25,401867790390,Dearica Hamby makes 1-foot layup (Ariel Atkins assists),Cutting Layup Shot,141,True,3,5:57,54,36,Los Angeles Sparks,NIGERIA,2566106.0,Dearica Hamby,3146151.0,Ariel Atkins,,,26,0
2026-04-25,401867790392,Cameron Brink blocks Nora Ezike 's 6-foot driving layup,Driving Layup Shot,110,False,3,5:39,54,36,Los Angeles Sparks,NIGERIA,5312420.0,Nora Ezike,4433404.0,Cameron Brink,,,29,5
2026-04-25,401867790394,Ariel Atkins defensive rebound,Defensive Rebound,155,False,3,5:36,54,36,Los Angeles Sparks,NIGERIA,3146151.0,Ariel Atkins,,,,,29,5
2026-04-25,401867790395,Ta'Niya Latson misses 22-foot three point jumper,Jump Shot,92,False,3,5:33,54,36,Los Angeles Sparks,NIGERIA,4609797.0,Ta'Niya Latson,,,,,48,0
2026-04-25,401867790396,Ezinne Kalu defensive rebound,Defensive Rebound,155,False,3,5:29,54,36,Los Angeles Sparks,NIGERIA,2531437.0,Ezinne Kalu,,,,,48,0
2026-04-25,401867790397,Nora Ezike steps out of bounds turnover,Out of Bounds - Step Turnover,86,False,3,5:19,54,36,Los Angeles Sparks,NIGERIA,5312420.0,Nora Ezike,,,,,1,0
2026-04-25,401867790398,Favour Nwaedozi enters the game for Maryam Dauda,Substitution,584,False,3,5:19,54,36,Los Angeles Sparks,NIGERIA,5311604.0,Favour Nwaedozi,4434019.0,Maryam Dauda,,,-214748340,-214748365
2026-04-25,401867790400,Gabby White personal foul,Personal Foul,45,False,3,5:10,54,36,Los Angeles Sparks,NIGERIA,5312434.0,Gabby White,,,,,29,6
2026-04-25,401867790402,Kelsey Plum makes free throw 1 of 2,Free Throw - 1 of 2,98,True,3,5:10,55,36,Los Angeles Sparks,NIGERIA,3065570.0,Kelsey Plum,,,,,-214748340,-214748365
2026-04-25,401867790403,Sania Feagin enters the game for Dearica Hamby,Substitution,584,False,3,5:10,55,36,Los Angeles Sparks,NIGERIA,4433795.0,Sania Feagin,2566106.0,Dearica Hamby,,,-214748340,-214748365
2026-04-25,401867790404,Promise Amukamara enters the game for Ezinne Kalu,Substitution,584,False,3,5:10,55,36,Los Angeles Sparks,NIGERIA,2592228.0,Promise Amukamara,2531437.0,Ezinne Kalu,,,-214748340,-214748365
2026-04-25,401867790407,Kelsey Plum makes free throw 2 of 2,Free Throw - 2 of 2,99,True,3,5:10,56,36,Los Angeles Sparks,NIGERIA,3065570.0,Kelsey Plum,,,,,-214748340,-214748365
2026-04-25,401867790409,Ariel Atkins shooting foul,Shooting Foul,44,False,3,4:50,56,36,Los Angeles Sparks,NIGERIA,3146151.0,Ariel Atkins,,,,,28,5
2026-04-25,401867790411,Favour Nwaedozi makes free throw 1 of 2,Free Throw - 1 of 2,98,True,3,4:50,56,37,Los Angeles Sparks,NIGERIA,5311604.0,Favour Nwaedozi,,,,,-214748340,-214748365
2026-04-25,401867790412,Favour Nwaedozi makes free throw 2 of 2,Free Throw - 2 of 2,99,True,3,4:50,56,38,Los Angeles Sparks,NIGERIA,5311604.0,Favour Nwaedozi,,,,,-214748340,-214748365
2026-04-25,401867790413,Ta'Niya Latson makes driving layup (Ariel Atkins assists),Driving Layup Shot,110,True,3,4:29,58,38,Los Angeles Sparks,NIGERIA,4609797.0,Ta'Niya Latson,3146151.0,Ariel Atkins,,,21,4
2026-04-25,401867790415,Nicole Enabosi shooting foul,Shooting Foul,44,False,3,4:29,58,38,Los Angeles Sparks,NIGERIA,3918557.0,Nicole Enabosi,,,,,21,5
2026-04-25,401867790423,Ta'Niya Latson makes free throw 1 of 1,Free Throw - 1 of 1,97,True,3,4:29,59,38,Los Angeles Sparks,NIGERIA,4609797.0,Ta'Niya Latson,,,,,-214748340,-214748365
2026-04-25,401867790490,Pallas Kunaiyi enters the game for Nora Ezike,Substitution,584,False,3,4:29,59,38,Los Angeles Sparks,NIGERIA,3926411.0,Pallas Kunaiyi,5312420.0,Nora Ezike,,,-214748340,-214748365
2026-04-25,401867790491,Ezinne Kalu enters the game for Gabby White,Substitution,584,False,3,4:29,59,38,Los Angeles Sparks,NIGERIA,2531437.0,Ezinne Kalu,5312434.0,Gabby White,,,-214748340,-214748365
2026-04-25,401867790492,Shay Ijiwoye enters the game for Nicole Enabosi,Substitution,584,False,3,4:29,59,38,Los Angeles Sparks,NIGERIA,5238309.0,Shay Ijiwoye,3918557.0,Nicole Enabosi,,,-214748340,-214748365
2026-04-25,401867790424,Shay Ijiwoye misses 23-foot three point jumper,Jump Shot,92,False,3,4:20,59,38,Los Angeles Sparks,NIGERIA,5238309.0,Shay Ijiwoye,,,,,2,-1
2026-04-25,401867790425,Kelsey Plum defensive rebound,Defensive Rebound,155,False,3,4:18,59,38,Los Angeles Sparks,NIGERIA,3065570.0,Kelsey Plum,,,,,2,-1
2026-04-25,401867790426,Sania Feagin makes layup (Kelsey Plum assists),Layup Shot,95,True,3,4:14,61,38,Los Angeles Sparks,NIGERIA,4433795.0,Sania Feagin,3065570.0,Kelsey Plum,,,21,1
2026-04-25,401867790429,Cameron Brink shooting foul,Shooting Foul,44,False,3,3:55,61,38,Los Angeles Sparks,NIGERIA,4433404.0,Cameron Brink,,,,,33,4
2026-04-25,401867790433,Pallas Kunaiyi makes free throw 1 of 2,Free Throw - 1 of 2,98,True,3,3:55,61,39,Los Angeles Sparks,NIGERIA,3926411.0,Pallas Kunaiyi,,,,,-214748340,-214748365
2026-04-25,401867790434,Emma Cannon enters the game for Cameron Brink,Substitution,584,False,3,3:55,61,39,Los Angeles Sparks,NIGERIA,2284331.0,Emma Cannon,4433404.0,Cameron Brink,,,-214748340,-214748365
2026-04-25,401867790435,Blessing Ejiofor enters the game for Favour Nwaedozi,Substitution,584,False,3,3:55,61,39,Los Angeles Sparks,NIGERIA,4280899.0,Blessing Ejiofor,5311604.0,Favour Nwaedozi,,,-214748340,-214748365
2026-04-25,401867790438,Pallas Kunaiyi makes free throw 2 of 2,Free Throw - 2 of 2,99,True,3,3:55,61,40,Los Angeles Sparks,NIGERIA,3926411.0,Pallas Kunaiyi,,,,,-214748340,-214748365
2026-04-25,401867790439,Ta'Niya Latson makes driving layup,Driving Layup Shot,110,True,3,3:39,63,40,Los Angeles Sparks,NIGERIA,4609797.0,Ta'Niya Latson,,,,,27,1
2026-04-25,401867790441,Promise Amukamara lost ball turnover (Sania Feagin steals),Lost Ball Turnover,63,False,3,3:25,63,40,Los Angeles Sparks,NIGERIA,2592228.0,Promise Amukamara,4433795.0,Sania Feagin,,,27,14
2026-04-25,401867790443,Kelsey Plum misses 23-foot three point pullup jump shot,Pullup Jump Shot,131,False,3,3:18,63,40,Los Angeles Sparks,NIGERIA,3065570.0,Kelsey Plum,,,,,8,16
2026-04-25,401867790444,Kelsey Plum offensive rebound,Offensive Rebound,156,False,3,3:15,63,40,Los Angeles Sparks,NIGERIA,3065570.0,Kelsey Plum,,,,,8,16
2026-04-25,401867790445,Sania Feagin makes two point shot (Ariel Atkins assists),Layup Driving Reverse,126,True,3,3:05,65,40,Los Angeles Sparks,NIGERIA,4433795.0,Sania Feagin,3146151.0,Ariel Atkins,,,22,2
2026-04-25,401867790447,Ezinne Kalu out of bounds lost ball turnover,Out of Bounds - Lost Ball Turnover,87,False,3,2:50,65,40,Los Angeles Sparks,NIGERIA,2531437.0,Ezinne Kalu,,,,,3,21
2026-04-25,401867790448,Kelsey Plum misses 23-foot three point jumper,Jump Shot,92,False,3,2:40,65,40,Los Angeles Sparks,NIGERIA,3065570.0,Kelsey Plum,,,,,48,1
2026-04-25,401867790449,Ezinne Kalu defensive rebound,Defensive Rebound,155,False,3,2:40,65,40,Los Angeles Sparks,NIGERIA,2531437.0,Ezinne Kalu,,,,,48,1
2026-04-25,401867790450,Pallas Kunaiyi makes layup (Ezinne Kalu assists),Layup Shot,95,True,3,2:30,65,42,Los Angeles Sparks,NIGERIA,3926411.0,Pallas Kunaiyi,2531437.0,Ezinne Kalu,,,28,2
2026-04-25,401867790452,"Kelsey Plum bad pass
turnover (Promise Amukamara steals)","Bad Pass
Turnover",62,False,3,2:18,65,42,Los Angeles Sparks,NIGERIA,3065570.0,Kelsey Plum,2592228.0,Promise Amukamara,,,20,23
2026-04-25,401867790455,Emma Cannon personal foul,Personal Foul,45,False,3,2:15,65,42,Los Angeles Sparks,NIGERIA,2284331.0,Emma Cannon,,,,,36,4
2026-04-25,401867790458,Julie Vanloo enters the game for Kelsey Plum,Substitution,584,False,3,2:15,65,42,Los Angeles Sparks,NIGERIA,2566110.0,Julie Vanloo,3065570.0,Kelsey Plum,,,-214748340,-214748365
2026-04-25,401867790459,Gabby White enters the game for Ezinne Kalu,Substitution,584,False,3,2:15,65,42,Los Angeles Sparks,NIGERIA,5312434.0,Gabby White,2531437.0,Ezinne Kalu,,,-214748340,-214748365
2026-04-25,401867790462,(02:15) [Sparks] COACH'S CHALLENGE (CALL STANDS) [Sparks] charged with a timeout,Coach's Challenge (Stands),216,False,3,2:15,65,42,Los Angeles Sparks,NIGERIA,,,,,,,-214748340,-214748365
2026-04-25,401867790464,Blessing Ejiofor misses free throw 1 of 2,Free Throw - 1 of 2,98,False,3,2:15,65,42,Los Angeles Sparks,NIGERIA,4280899.0,Blessing Ejiofor,,,,,-214748340,-214748365
2026-04-25,401867790465,Nigeria offensive team rebound,Offensive Rebound,156,False,3,2:15,65,42,Los Angeles Sparks,NIGERIA,,,,,,,-214748340,-214748365
2026-04-25,401867790466,Blessing Ejiofor makes free throw 2 of 2,Free Throw - 2 of 2,99,True,3,2:15,65,43,Los Angeles Sparks,NIGERIA,4280899.0,Blessing Ejiofor,,,,,-214748340,-214748365
2026-04-25,401867790478,Sparks Full timeout,Full Timeout,16,False,3,2:15,65,43,Los Angeles Sparks,NIGERIA,,,,,,,-214748340,-214748365
2026-04-25,401867790467,Gabby White personal foul,Personal Foul,45,False,3,1:59,65,43,Los Angeles Sparks,NIGERIA,5312434.0,Gabby White,,,,,26,2
2026-04-25,401867790469,Emma Cannon makes free throw 1 of 2,Free Throw - 1 of 2,98,True,3,1:59,66,43,Los Angeles Sparks,NIGERIA,2284331.0,Emma Cannon,,,,,-214748340,-214748365
2026-04-25,401867790470,Emma Cannon makes free throw 2 of 2,Free Throw - 2 of 2,99,True,3,1:59,67,43,Los Angeles Sparks,NIGERIA,2284331.0,Emma Cannon,,,,,-214748340,-214748365
2026-04-25,401867790471,Blessing Ejiofor makes 21-foot pullup jump shot (Promise Amukamara assists),Pullup Jump Shot,131,True,3,1:44,67,45,Los Angeles Sparks,NIGERIA,4280899.0,Blessing Ejiofor,2592228.0,Promise Amukamara,,,19,20
2026-04-25,401867790473,Sania Feagin offensive foul,Offensive Foul,42,False,3,1:32,67,45,Los Angeles Sparks,NIGERIA,4433795.0,Sania Feagin,,,,,33,2
2026-04-25,401867790475,Sania Feagin offensive foul turnover,Offensive Foul Turnover,84,False,3,1:32,67,45,Los Angeles Sparks,NIGERIA,4433795.0,Sania Feagin,,,,,33,2
2026-04-25,401867790476,Ezinne Kalu enters the game for Shay Ijiwoye,Substitution,584,False,3,1:32,67,45,Los Angeles Sparks,NIGERIA,2531437.0,Ezinne Kalu,5238309.0,Shay Ijiwoye,,,-214748340,-214748365
2026-04-25,401867790479,Pallas Kunaiyi makes 3-foot layup (Gabby White assists),Cutting Layup Shot,141,True,3,1:17,67,47,Los Angeles Sparks,NIGERIA,3926411.0,Pallas Kunaiyi,5312434.0,Gabby White,,,27,2
2026-04-25,401867790482,Blessing Ejiofor personal foul,Personal Foul,45,False,3,1:14,67,47,Los Angeles Sparks,NIGERIA,4280899.0,Blessing Ejiofor,,,,,30,8
2026-04-25,401867790484,Emma Cannon makes free throw 1 of 2,Free Throw - 1 of 2,98,True,3,1:14,68,47,Los Angeles Sparks,NIGERIA,2284331.0,Emma Cannon,,,,,-214748340,-214748365
2026-04-25,401867790485,Emma Cannon makes free throw 2 of 2,Free Throw - 2 of 2,99,True,3,1:14,69,47,Los Angeles Sparks,NIGERIA,2284331.0,Emma Cannon,,,,,-214748340,-214748365
2026-04-25,401867790486,Pallas Kunaiyi makes 3-foot layup (Gabby White assists),Cutting Layup Shot,141,True,3,1:03,69,49,Los Angeles Sparks,NIGERIA,3926411.0,Pallas Kunaiyi,5312434.0,Gabby White,,,26,4
2026-04-25,401867790488,Ariel Atkins shooting foul,Shooting Foul,44,False,3,1:03,69,49,Los Angeles Sparks,NIGERIA,3146151.0,Ariel Atkins,,,,,27,3
2026-04-25,401867790496,Pallas Kunaiyi misses free throw 1 of 1,Free Throw - 1 of 1,97,False,3,1:03,69,49,Los Angeles Sparks,NIGERIA,3926411.0,Pallas Kunaiyi,,,,,-214748340,-214748365
2026-04-25,401867790497,Sparks defensive team rebound,Defensive Rebound,155,False,3,1:02,69,49,Los Angeles Sparks,NIGERIA,,,,,,,-214748340,-214748365
2026-04-25,401867790499,Ta'Niya Latson makes driving layup (Sania Feagin assists),Driving Layup Shot,110,True,3,52.3,71,49,Los Angeles Sparks,NIGERIA,4609797.0,Ta'Niya Latson,4433795.0,Sania Feagin,,,23,1
2026-04-25,401867790501,Pallas Kunaiyi makes driving layup,Driving Layup Shot,110,True,3,34.0,71,51,Los Angeles Sparks,NIGERIA,3926411.0,Pallas Kunaiyi,,,,,25,4
2026-04-25,401867790502,Ariel Atkins misses layup,Layup Shot,95,False,3,28.7,71,51,Los Angeles Sparks,NIGERIA,3146151.0,Ariel Atkins,,,,,18,1
2026-04-25,401867790503,Pallas Kunaiyi defensive rebound,Defensive Rebound,155,False,3,27.0,71,51,Los Angeles Sparks,NIGERIA,3926411.0,Pallas Kunaiyi,,,,,18,1
2026-04-25,401867790507,Nigeria Coach's Challenge,Challenge,213,False,3,27.0,71,51,Los Angeles Sparks,NIGERIA,,,,,,,-214748340,-214748365
2026-04-25,401867790508,(00:27) [Nigeria] COACH'S CHALLENGE (CALL OVERTURNED) [Nigeria] retain their timeout,Coach's Challenge (Overturned),215,False,3,27.0,71,51,Los Angeles Sparks,NIGERIA,,,,,,,-214748340,-214748365
2026-04-25,401867790509,Sania Feagin personal foul,Personal Foul,45,False,3,27.0,71,51,Los Angeles Sparks,NIGERIA,4433795.0,Sania Feagin,,,,,19,8
2026-04-25,401867790512,Pallas Kunaiyi misses free throw 1 of 2,Free Throw - 1 of 2,98,False,3,27.0,71,51,Los Angeles Sparks,NIGERIA,3926411.0,Pallas Kunaiyi,,,,,-214748340,-214748365
2026-04-25,401867790513,Nigeria offensive team rebound,Offensive Rebound,156,False,3,27.0,71,51,Los Angeles Sparks,NIGERIA,,,,,,,-214748340,-214748365
2026-04-25,401867790514,Pallas Kunaiyi misses free throw 2 of 2,Free Throw - 2 of 2,99,False,3,27.0,71,51,Los Angeles Sparks,NIGERIA,3926411.0,Pallas Kunaiyi,,,,,-214748340,-214748365
2026-04-25,401867790515,Emma Cannon defensive rebound,Defensive Rebound,155,False,3,24.3,71,51,Los Angeles Sparks,NIGERIA,2284331.0,Emma Cannon,,,,,-214748340,-214748365
2026-04-25,401867790516,Pallas Kunaiyi blocks Emma Cannon 's 22-foot three point jumper,Jump Shot,92,False,3,8.6,71,51,Los Angeles Sparks,NIGERIA,2284331.0,Emma Cannon,3926411.0,Pallas Kunaiyi,,,2,1
2026-04-25,401867790518,Blessing Ejiofor defensive rebound,Defensive Rebound,155,False,3,3.6,71,51,Los Angeles Sparks,NIGERIA,4280899.0,Blessing Ejiofor,,,,,2,1
2026-04-25,401867790519,Ta'Niya Latson blocks Promise Amukamara 's 24-foot three point pullup jump shot,Pullup Jump Shot,131,False,3,1.6,71,51,Los Angeles Sparks,NIGERIA,2592228.0,Promise Amukamara,4609797.0,Ta'Niya Latson,,,40,19
2026-04-25,401867790521,Ta'Niya Latson defensive rebound,Defensive Rebound,155,False,3,0.6,71,51,Los Angeles Sparks,NIGERIA,4609797.0,Ta'Niya Latson,,,,,40,19
2026-04-25,401867790522,End of the 3rd Quarter,End Period,412,False,3,0.0,71,51,Los Angeles Sparks,NIGERIA,,,,,,,-214748340,-214748365
2026-04-25,401867790523,Chance Gray enters the game for Ariel Atkins,Substitution,584,False,4,10:00,71,51,Los Angeles Sparks,NIGERIA,5105729.0,Chance Gray,3146151.0,Ariel Atkins,,,-214748340,-214748365
2026-04-25,401867790524,Sevgi Uzun enters the game for Julie Vanloo,Substitution,584,False,4,10:00,71,51,Los Angeles Sparks,NIGERIA,5209660.0,Sevgi Uzun,2566110.0,Julie Vanloo,,,-214748340,-214748365
2026-04-25,401867790525,Victoria Macaulay enters the game for Blessing Ejiofor,Substitution,584,False,4,10:00,71,51,Los Angeles Sparks,NIGERIA,2491811.0,Victoria Macaulay,4280899.0,Blessing Ejiofor,,,-214748340,-214748365
2026-04-25,401867790531,Chance Gray makes driving layup (Ta'Niya Latson assists),Driving Layup Shot,110,True,4,9:37,73,51,Los Angeles Sparks,NIGERIA,5105729.0,Chance Gray,4609797.0,Ta'Niya Latson,,,29,1
2026-04-25,401867790533,Promise Amukamara misses driving layup,Driving Layup Shot,110,False,4,9:23,73,51,Los Angeles Sparks,NIGERIA,2592228.0,Promise Amukamara,,,,,20,4
2026-04-25,401867790534,Sania Feagin defensive rebound,Defensive Rebound,155,False,4,9:21,73,51,Los Angeles Sparks,NIGERIA,4433795.0,Sania Feagin,,,,,20,4
2026-04-25,401867790535,Chance Gray makes 22-foot running jump shot (Ta'Niya Latson assists),Running Jump Shot,113,True,4,9:17,76,51,Los Angeles Sparks,NIGERIA,5105729.0,Chance Gray,4609797.0,Ta'Niya Latson,,,2,0
2026-04-25,401867790537,Sania Feagin shooting foul,Shooting Foul,44,False,4,9:00,76,51,Los Angeles Sparks,NIGERIA,4433795.0,Sania Feagin,,,,,22,2
2026-04-25,401867790539,Ezinne Kalu makes free throw 1 of 2,Free Throw - 1 of 2,98,True,4,9:00,76,52,Los Angeles Sparks,NIGERIA,2531437.0,Ezinne Kalu,,,,,-214748340,-214748365
2026-04-25,401867790540,Pallas Kunaiyi lane violation turnover,Lane Violation Turnover,74,False,4,9:00,76,52,Los Angeles Sparks,NIGERIA,3926411.0,Pallas Kunaiyi,,,,,-214748340,-214748365
2026-04-25,401867790541,Chance Gray lost ball turnover (Victoria Macaulay steals),Lost Ball Turnover,63,False,4,8:52,76,52,Los Angeles Sparks,NIGERIA,5105729.0,Chance Gray,2491811.0,Victoria Macaulay,,,18,37
2026-04-25,401867790543,Victoria Macaulay out of bounds lost ball turnover,Out of Bounds - Lost Ball Turnover,87,False,4,8:49,76,52,Los Angeles Sparks,NIGERIA,2491811.0,Victoria Macaulay,,,,,15,-2
2026-04-25,401867790544,Uche Izoje enters the game for Gabby White,Substitution,584,False,4,8:49,76,52,Los Angeles Sparks,NIGERIA,5312424.0,Uche Izoje,5312434.0,Gabby White,,,-214748340,-214748365
2026-04-25,401867790546,Ezinne Kalu personal foul,Personal Foul,45,False,4,8:43,76,52,Los Angeles Sparks,NIGERIA,2531437.0,Ezinne Kalu,,,,,25,36
2026-04-25,401867790548,Emma Cannon lost ball turnover (Pallas Kunaiyi steals),Lost Ball Turnover,63,False,4,8:38,76,52,Los Angeles Sparks,NIGERIA,2284331.0,Emma Cannon,3926411.0,Pallas Kunaiyi,,,30,5
2026-04-25,401867790550,Sevgi Uzun personal foul,Personal Foul,45,False,4,8:26,76,52,Los Angeles Sparks,NIGERIA,5209660.0,Sevgi Uzun,,,,,14,2
2026-04-25,401867790552,Laura Ziegler enters the game for Emma Cannon,Substitution,584,False,4,8:26,76,52,Los Angeles Sparks,NIGERIA,5107515.0,Laura Ziegler,2284331.0,Emma Cannon,,,-214748340,-214748365
2026-04-25,401867790554,Uche Izoje misses 9-foot turnaround jump shot,Turnaround Jump Shot,114,False,4,8:22,76,52,Los Angeles Sparks,NIGERIA,5312424.0,Uche Izoje,,,,,16,1
2026-04-25,401867790555,Pallas Kunaiyi offensive rebound,Offensive Rebound,156,False,4,8:18,76,52,Los Angeles Sparks,NIGERIA,3926411.0,Pallas Kunaiyi,,,,,16,1
2026-04-25,401867790556,Ezinne Kalu misses 23-foot three point pullup jump shot,Pullup Jump Shot,131,False,4,8:12,76,52,Los Angeles Sparks,NIGERIA,2531437.0,Ezinne Kalu,,,,,48,6
2026-04-25,401867790557,Nigeria offensive team rebound,Offensive Rebound,156,False,4,8:09,76,52,Los Angeles Sparks,NIGERIA,,,,,,,48,6
2026-04-25,401867790559,Amelia Hassett enters the game for Sania Feagin,Substitution,584,False,4,8:09,76,52,Los Angeles Sparks,NIGERIA,5239080.0,Amelia Hassett,4433795.0,Sania Feagin,,,-214748340,-214748365
2026-04-25,401867790561,Victoria Macaulay misses 7-foot turnaround jump shot,Turnaround Jump Shot,114,False,4,8:05,76,52,Los Angeles Sparks,NIGERIA,2491811.0,Victoria Macaulay,,,,,28,6
2026-04-25,401867790562,Amelia Hassett defensive rebound,Defensive Rebound,155,False,4,8:03,76,52,Los Angeles Sparks,NIGERIA,5239080.0,Amelia Hassett,,,,,28,6
2026-04-25,401867790563,Chance Gray makes 23-foot three pointer (Ta'Niya Latson assists),Pullup Jump Shot,131,True,4,7:56,79,52,Los Angeles Sparks,NIGERIA,5105729.0,Chance Gray,4609797.0,Ta'Niya Latson,,,2,1
2026-04-25,401867790565,Amelia Hassett personal foul,Personal Foul,45,False,4,7:41,79,52,Los Angeles Sparks,NIGERIA,5239080.0,Amelia Hassett,,,,,32,3
2026-04-25,401867790567,Ezinne Kalu out of bounds bad pass turnover,Out of Bounds - Bad Pass Turnover,90,False,4,7:34,79,52,Los Angeles Sparks,NIGERIA,2531437.0,Ezinne Kalu,,,,,28,2
2026-04-25,401867790568,Nicole Enabosi enters the game for Victoria Macaulay,Substitution,584,False,4,7:34,79,52,Los Angeles Sparks,NIGERIA,3918557.0,Nicole Enabosi,2491811.0,Victoria Macaulay,,,-214748340,-214748365
2026-04-25,401867790570,Chance Gray misses 24-foot three point jumper,Jump Shot,92,False,4,7:17,79,52,Los Angeles Sparks,NIGERIA,5105729.0,Chance Gray,,,,,28,24
2026-04-25,401867790571,Laura Ziegler offensive rebound,Offensive Rebound,156,False,4,7:14,79,52,Los Angeles Sparks,NIGERIA,5107515.0,Laura Ziegler,,,,,28,24
2026-04-25,401867790572,Ta'Niya Latson misses 25-foot three point jumper,Jump Shot,92,False,4,7:12,79,52,Los Angeles Sparks,NIGERIA,4609797.0,Ta'Niya Latson,,,,,23,25
2026-04-25,401867790573,Uche Izoje defensive rebound,Defensive Rebound,155,False,4,7:08,79,52,Los Angeles Sparks,NIGERIA,5312424.0,Uche Izoje,,,,,23,25
2026-04-25,401867790574,Amelia Hassett shooting foul,Shooting Foul,44,False,4,7:01,79,52,Los Angeles Sparks,NIGERIA,5239080.0,Amelia Hassett,,,,,22,4
2026-04-25,401867790576,Pallas Kunaiyi misses free throw 1 of 2,Free Throw - 1 of 2,98,False,4,7:01,79,52,Los Angeles Sparks,NIGERIA,3926411.0,Pallas Kunaiyi,,,,,-214748340,-214748365
2026-04-25,401867790577,Nigeria offensive team rebound,Offensive Rebound,156,False,4,7:01,79,52,Los Angeles Sparks,NIGERIA,,,,,,,-214748340,-214748365
2026-04-25,401867790578,Pallas Kunaiyi makes free throw 2 of 2,Free Throw - 2 of 2,99,True,4,7:01,79,53,Los Angeles Sparks,NIGERIA,3926411.0,Pallas Kunaiyi,,,,,-214748340,-214748365
2026-04-25,401867790579,Amelia Hassett makes 22-foot three point jumper (Ta'Niya Latson assists),Jump Shot,92,True,4,6:52,82,53,Los Angeles Sparks,NIGERIA,5239080.0,Amelia Hassett,4609797.0,Ta'Niya Latson,,,2,1
2026-04-25,401867790581,Nicole Enabosi misses layup,Layup Shot,95,False,4,6:35,82,53,Los Angeles Sparks,NIGERIA,3918557.0,Nicole Enabosi,,,,,21,2
2026-04-25,401867790582,Nicole Enabosi offensive rebound,Offensive Rebound,156,False,4,6:33,82,53,Los Angeles Sparks,NIGERIA,3918557.0,Nicole Enabosi,,,,,21,2
2026-04-25,401867790583,Nicole Enabosi out of bounds lost ball turnover,Out of Bounds - Lost Ball Turnover,87,False,4,6:31,82,53,Los Angeles Sparks,NIGERIA,3918557.0,Nicole Enabosi,,,,,30,1
2026-04-25,401867790584,Favour Nwaedozi enters the game for Pallas Kunaiyi,Substitution,584,False,4,6:31,82,53,Los Angeles Sparks,NIGERIA,5311604.0,Favour Nwaedozi,3926411.0,Pallas Kunaiyi,,,-214748340,-214748365
2026-04-25,401867790586,Laura Ziegler makes 3-foot layup (Ta'Niya Latson assists),Cutting Layup Shot,141,True,4,6:21,84,53,Los Angeles Sparks,NIGERIA,5107515.0,Laura Ziegler,4609797.0,Ta'Niya Latson,,,27,2
2026-04-25,401867790588,Nigeria Full timeout,Full Timeout,16,False,4,6:19,84,53,Los Angeles Sparks,NIGERIA,,,,,,,-214748340,-214748365
2026-04-25,401867790589,Uche Izoje makes 15-foot pullup jump shot (Ezinne Kalu assists),Pullup Jump Shot,131,True,4,6:06,84,55,Los Angeles Sparks,NIGERIA,5312424.0,Uche Izoje,2531437.0,Ezinne Kalu,,,31,14
2026-04-25,401867790591,Sevgi Uzun misses 26-foot three point jumper,Jump Shot,92,False,4,5:51,84,55,Los Angeles Sparks,NIGERIA,5209660.0,Sevgi Uzun,,,,,7,19
2026-04-25,401867790592,Uche Izoje defensive rebound,Defensive Rebound,155,False,4,5:48,84,55,Los Angeles Sparks,NIGERIA,5312424.0,Uche Izoje,,,,,7,19
2026-04-25,401867790593,Favour Nwaedozi misses layup,Layup Shot,95,False,4,5:39,84,55,Los Angeles Sparks,NIGERIA,5311604.0,Favour Nwaedozi,,,,,23,2
2026-04-25,401867790594,Sevgi Uzun defensive rebound,Defensive Rebound,155,False,4,5:36,84,55,Los Angeles Sparks,NIGERIA,5209660.0,Sevgi Uzun,,,,,23,2
2026-04-25,401867790595,Sevgi Uzun out of bounds bad pass turnover,Out of Bounds - Bad Pass Turnover,90,False,4,5:30,84,55,Los Angeles Sparks,NIGERIA,5209660.0,Sevgi Uzun,,,,,43,14
2026-04-25,401867790596,Uche Izoje makes 10-foot pullup jump shot (Ezinne Kalu assists),Pullup Jump Shot,131,True,4,5:10,84,57,Los Angeles Sparks,NIGERIA,5312424.0,Uche Izoje,2531437.0,Ezinne Kalu,,,19,8
2026-04-25,401867790598,Amelia Hassett misses 25-foot three point jumper,Jump Shot,92,False,4,4:46,84,57,Los Angeles Sparks,NIGERIA,5239080.0,Amelia Hassett,,,,,9,20
2026-04-25,401867790599,Favour Nwaedozi defensive rebound,Defensive Rebound,155,False,4,4:41,84,57,Los Angeles Sparks,NIGERIA,5311604.0,Favour Nwaedozi,,,,,9,20
2026-04-25,401867790600,Uche Izoje misses 10-foot turnaround jump shot,Turnaround Jump Shot,114,False,4,4:24,84,57,Los Angeles Sparks,NIGERIA,5312424.0,Uche Izoje,,,,,15,-1
2026-04-25,401867790601,Amelia Hassett defensive rebound,Defensive Rebound,155,False,4,4:22,84,57,Los Angeles Sparks,NIGERIA,5239080.0,Amelia Hassett,,,,,15,-1
2026-04-25,401867790602,Chance Gray makes 27-foot three point jumper (Ta'Niya Latson assists),Jump Shot,92,True,4,4:13,87,57,Los Angeles Sparks,NIGERIA,5105729.0,Chance Gray,4609797.0,Ta'Niya Latson,,,23,28
2026-04-25,401867790604,Favour Nwaedozi offensive foul,Offensive Foul,42,False,4,3:50,87,57,Los Angeles Sparks,NIGERIA,5311604.0,Favour Nwaedozi,,,,,18,28
2026-04-25,401867790606,Favour Nwaedozi offensive foul turnover,Offensive Foul Turnover,84,False,4,3:50,87,57,Los Angeles Sparks,NIGERIA,5311604.0,Favour Nwaedozi,,,,,18,28
2026-04-25,401867790607,Maryam Dauda enters the game for Nicole Enabosi,Substitution,584,False,4,3:50,87,57,Los Angeles Sparks,NIGERIA,4434019.0,Maryam Dauda,3918557.0,Nicole Enabosi,,,-214748340,-214748365
2026-04-25,401867790608,Shay Ijiwoye enters the game for Favour Nwaedozi,Substitution,584,False,4,3:50,87,57,Los Angeles Sparks,NIGERIA,5238309.0,Shay Ijiwoye,5311604.0,Favour Nwaedozi,,,-214748340,-214748365
2026-04-25,401867790611,Ta'Niya Latson misses 12-foot fade away jump shot,Fade Away Jump Shot,121,False,4,3:27,87,57,Los Angeles Sparks,NIGERIA,4609797.0,Ta'Niya Latson,,,,,36,5
2026-04-25,401867790612,Sparks offensive team rebound,Offensive Rebound,156,False,4,3:26,87,57,Los Angeles Sparks,NIGERIA,,,,,,,36,5
2026-04-25,401867790613,shot clock turnover ,Shot Clock Turnover,70,False,4,3:26,87,57,Los Angeles Sparks,NIGERIA,,,,,,,31,6
2026-04-25,401867790614,Promise Amukamara misses driving layup,Driving Layup Shot,110,False,4,3:10,87,57,Los Angeles Sparks,NIGERIA,2592228.0,Promise Amukamara,,,,,21,2
2026-04-25,401867790615,Amelia Hassett defensive rebound,Defensive Rebound,155,False,4,3:07,87,57,Los Angeles Sparks,NIGERIA,5239080.0,Amelia Hassett,,,,,21,2
2026-04-25,401867790616,Sevgi Uzun makes running layup (Chance Gray assists),Running Layup Shot,109,True,4,3:04,89,57,Los Angeles Sparks,NIGERIA,5209660.0,Sevgi Uzun,5105729.0,Chance Gray,,,27,1
2026-04-25,401867790619,Official timeout,Official Timeout,19,False,4,2:48,89,57,Los Angeles Sparks,NIGERIA,,,,,,,-214748340,-214748365
2026-04-25,401867790620,Nicole Enabosi enters the game for Uche Izoje,Substitution,584,False,4,2:48,89,57,Los Angeles Sparks,NIGERIA,3918557.0,Nicole Enabosi,5312424.0,Uche Izoje,,,-214748340,-214748365
2026-04-25,401867790622,Ta'Niya Latson personal foul,Personal Foul,45,False,4,2:47,89,57,Los Angeles Sparks,NIGERIA,4609797.0,Ta'Niya Latson,,,,,27,5
2026-04-25,401867790624,Ezinne Kalu makes free throw 1 of 2,Free Throw - 1 of 2,98,True,4,2:47,89,58,Los Angeles Sparks,NIGERIA,2531437.0,Ezinne Kalu,,,,,-214748340,-214748365
2026-04-25,401867790625,Gabby White enters the game for Promise Amukamara,Substitution,584,False,4,2:47,89,58,Los Angeles Sparks,NIGERIA,5312434.0,Gabby White,2592228.0,Promise Amukamara,,,-214748340,-214748365
2026-04-25,401867790627,Ezinne Kalu makes free throw 2 of 2,Free Throw - 2 of 2,99,True,4,2:47,89,59,Los Angeles Sparks,NIGERIA,2531437.0,Ezinne Kalu,,,,,-214748340,-214748365
2026-04-25,401867790628,Shay Ijiwoye personal foul,Personal Foul,45,False,4,2:31,89,59,Los Angeles Sparks,NIGERIA,5238309.0,Shay Ijiwoye,,,,,31,6
2026-04-25,401867790630,Nora Ezike enters the game for Ezinne Kalu,Substitution,584,False,4,2:31,89,59,Los Angeles Sparks,NIGERIA,5312420.0,Nora Ezike,2531437.0,Ezinne Kalu,,,-214748340,-214748365
2026-04-25,401867790632,Laura Ziegler misses 25-foot three point jumper,Jump Shot,92,False,4,2:18,89,59,Los Angeles Sparks,NIGERIA,5107515.0,Laura Ziegler,,,,,44,18
2026-04-25,401867790633,Sparks offensive team rebound,Offensive Rebound,156,False,4,2:17,89,59,Los Angeles Sparks,NIGERIA,,,,,,,44,18
2026-04-25,401867790634,shot clock turnover ,Shot Clock Turnover,70,False,4,2:17,89,59,Los Angeles Sparks,NIGERIA,,,,,,,26,0
2026-04-25,401867790635,Ta'Niya Latson personal foul,Personal Foul,45,False,4,1:54,89,59,Los Angeles Sparks,NIGERIA,4609797.0,Ta'Niya Latson,,,,,36,25
2026-04-25,401867790637,Gabby White makes free throw 1 of 2,Free Throw - 1 of 2,98,True,4,1:54,89,60,Los Angeles Sparks,NIGERIA,5312434.0,Gabby White,,,,,-214748340,-214748365
2026-04-25,401867790638,Gabby White misses free throw 2 of 2,Free Throw - 2 of 2,99,False,4,1:54,89,60,Los Angeles Sparks,NIGERIA,5312434.0,Gabby White,,,,,-214748340,-214748365
2026-04-25,401867790639,Sevgi Uzun defensive rebound,Defensive Rebound,155,False,4,1:52,89,60,Los Angeles Sparks,NIGERIA,5209660.0,Sevgi Uzun,,,,,-214748340,-214748365
2026-04-25,401867790640,"Sevgi Uzun bad pass
turnover (Gabby White steals)","Bad Pass
Turnover",62,False,4,1:43,89,60,Los Angeles Sparks,NIGERIA,5209660.0,Sevgi Uzun,5312434.0,Gabby White,,,19,2
2026-04-25,401867790643,Nora Ezike misses 23-foot three point jumper,Jump Shot,92,False,4,1:34,89,60,Los Angeles Sparks,NIGERIA,5312420.0,Nora Ezike,,,,,1,0
2026-04-25,401867790644,Chance Gray defensive rebound,Defensive Rebound,155,False,4,1:32,89,60,Los Angeles Sparks,NIGERIA,5105729.0,Chance Gray,,,,,1,0
2026-04-25,401867790645,"Laura Ziegler bad pass
turnover (Nora Ezike steals)","Bad Pass
Turnover",62,False,4,1:20,89,60,Los Angeles Sparks,NIGERIA,5107515.0,Laura Ziegler,5312420.0,Nora Ezike,,,23,8
2026-04-25,401867790647,Sevgi Uzun blocks Nora Ezike 's 1-foot running layup,Running Layup Shot,109,False,4,1:16,89,60,Los Angeles Sparks,NIGERIA,5312420.0,Nora Ezike,5209660.0,Sevgi Uzun,,,24,2
2026-04-25,401867790649,Nigeria offensive team rebound,Offensive Rebound,156,False,4,1:16,89,60,Los Angeles Sparks,NIGERIA,,,,,,,24,2
2026-04-25,401867790651,Nigeria Full timeout,Full Timeout,16,False,4,1:16,89,60,Los Angeles Sparks,NIGERIA,,,,,,,-214748340,-214748365
2026-04-25,401867790652,Nora Ezike makes 24-foot three point jumper (Shay Ijiwoye assists),Jump Shot,92,True,4,1:04,89,63,Los Angeles Sparks,NIGERIA,5312420.0,Nora Ezike,5238309.0,Shay Ijiwoye,,,47,11
2026-04-25,401867790654,Chance Gray misses 25-foot three point jumper,Jump Shot,92,False,4,42.5,89,63,Los Angeles Sparks,NIGERIA,5105729.0,Chance Gray,,,,,18,25
2026-04-25,401867790655,Ta'Niya Latson offensive rebound,Offensive Rebound,156,False,4,38.8,89,63,Los Angeles Sparks,NIGERIA,4609797.0,Ta'Niya Latson,,,,,18,25
2026-04-25,401867790656,Laura Ziegler misses 23-foot three point jumper,Jump Shot,92,False,4,23.9,89,63,Los Angeles Sparks,NIGERIA,5107515.0,Laura Ziegler,,,,,46,11
2026-04-25,401867790657,Ta'Niya Latson offensive rebound,Offensive Rebound,156,False,4,21.8,89,63,Los Angeles Sparks,NIGERIA,4609797.0,Ta'Niya Latson,,,,,46,11
2026-04-25,401867790658,Ta'Niya Latson misses 2-foot tip shot,Tip Shot,94,False,4,20.3,89,63,Los Angeles Sparks,NIGERIA,4609797.0,Ta'Niya Latson,,,,,27,0
2026-04-25,401867790659,Nigeria defensive team rebound,Defensive Rebound,155,False,4,20.3,89,63,Los Angeles Sparks,NIGERIA,,,,,,,27,0
2026-04-25,401867790661,End of the 4th Quarter,End Period,412,False,4,0.0,89,63,Los Angeles Sparks,NIGERIA,,,,,,,-214748340,-214748365
2026-04-25,401867790662,End of Game,End Game,402,False,4,0.0,89,63,Los Angeles Sparks,NIGERIA,,,,,,,-214748340,-214748365
2026-04-25,4018661524,Kamilla Cardoso vs. Natasha Mack (Alyssa Thomas gains possession),Jumpball,615,False,1,10:00,0,0,Phoenix Mercury,Chicago Sky,4068042.0,Natasha Mack,4433405.0,Kamilla Cardoso,2529140.0,Alyssa Thomas,-214748340,-214748365
2026-04-25,4018661527,Kahleah Copper misses driving layup,Driving Layup Shot,110,False,1,9:41,0,0,Phoenix Mercury,Chicago Sky,2998938.0,Kahleah Copper,,,,,27,2
2026-04-25,4018661528,Kamilla Cardoso defensive rebound,Defensive Rebound,155,False,1,9:38,0,0,Phoenix Mercury,Chicago Sky,4433405.0,Kamilla Cardoso,,,,,27,2
2026-04-25,4018661529,Alyssa Thomas shooting foul,Shooting Foul,44,False,1,9:33,0,0,Phoenix Mercury,Chicago Sky,2529140.0,Alyssa Thomas,,,,,25,4
2026-04-25,40186615211,Kamilla Cardoso makes free throw 1 of 2,Free Throw - 1 of 2,98,True,1,9:33,0,1,Phoenix Mercury,Chicago Sky,4433405.0,Kamilla Cardoso,,,,,-214748340,-214748365
2026-04-25,40186615212,Kamilla Cardoso makes free throw 2 of 2,Free Throw - 2 of 2,99,True,1,9:33,0,2,Phoenix Mercury,Chicago Sky,4433405.0,Kamilla Cardoso,,,,,-214748340,-214748365
2026-04-25,40186615213,Natasha Mack makes layup (Sami Whitcomb assists),Layup Shot,95,True,1,9:21,2,2,Phoenix Mercury,Chicago Sky,4068042.0,Natasha Mack,887.0,Sami Whitcomb,,,24,0
2026-04-25,40186615215,"Jacy Sheldon bad pass
turnover (Natasha Mack steals)","Bad Pass
Turnover",62,False,1,9:09,2,2,Phoenix Mercury,Chicago Sky,4432865.0,Jacy Sheldon,4068042.0,Natasha Mack,,,25,20
2026-04-25,40186615217,DeWanna Bonner misses 24-foot three point jumper,Jump Shot,92,False,1,9:02,2,2,Phoenix Mercury,Chicago Sky,869.0,DeWanna Bonner,,,,,36,21
2026-04-25,40186615218,Alyssa Thomas offensive rebound,Offensive Rebound,156,False,1,9:00,2,2,Phoenix Mercury,Chicago Sky,2529140.0,Alyssa Thomas,,,,,36,21
2026-04-25,40186615219,Kamilla Cardoso shooting foul,Shooting Foul,44,False,1,9:00,2,2,Phoenix Mercury,Chicago Sky,4433405.0,Kamilla Cardoso,,,,,29,4
2026-04-25,40186615221,Alyssa Thomas makes free throw 1 of 2,Free Throw - 1 of 2,98,True,1,9:00,3,2,Phoenix Mercury,Chicago Sky,2529140.0,Alyssa Thomas,,,,,-214748340,-214748365
2026-04-25,40186615222,Alyssa Thomas makes free throw 2 of 2,Free Throw - 2 of 2,99,True,1,9:00,4,2,Phoenix Mercury,Chicago Sky,2529140.0,Alyssa Thomas,,,,,-214748340,-214748365
2026-04-25,40186615223,Rickea Jackson out of bounds bad pass turnover,Out of Bounds - Bad Pass Turnover,90,False,1,8:54,4,2,Phoenix Mercury,Chicago Sky,4433630.0,Rickea Jackson,,,,,38,30
2026-04-25,40186615224,Kahleah Copper makes 17-foot pullup jump shot,Pullup Jump Shot,131,True,1,8:40,6,2,Phoenix Mercury,Chicago Sky,2998938.0,Kahleah Copper,,,,,12,12
2026-04-25,40186615226,Rickea Jackson makes 18-foot jumper (Skylar Diggins assists),Jump Shot,92,True,1,8:25,6,4,Phoenix Mercury,Chicago Sky,4433630.0,Rickea Jackson,2491205.0,Skylar Diggins,,,16,15
2026-04-25,40186615228,Sami Whitcomb out of bounds lost ball turnover,Out of Bounds - Lost Ball Turnover,87,False,1,8:17,6,4,Phoenix Mercury,Chicago Sky,887.0,Sami Whitcomb,,,,,22,1
2026-04-25,40186615229,Rickea Jackson misses 14-foot fade away jump shot,Fade Away Jump Shot,121,False,1,8:05,6,4,Phoenix Mercury,Chicago Sky,4433630.0,Rickea Jackson,,,,,39,4
2026-04-25,40186615230,Alyssa Thomas defensive rebound,Defensive Rebound,155,False,1,7:59,6,4,Phoenix Mercury,Chicago Sky,2529140.0,Alyssa Thomas,,,,,39,4
2026-04-25,40186615231,Kahleah Copper makes driving layup (Alyssa Thomas assists),Driving Layup Shot,110,True,1,7:55,8,4,Phoenix Mercury,Chicago Sky,2998938.0,Kahleah Copper,2529140.0,Alyssa Thomas,,,26,1
2026-04-25,40186615233,Kamilla Cardoso makes layup (Jacy Sheldon assists),Layup Shot,95,True,1,7:46,8,6,Phoenix Mercury,Chicago Sky,4433405.0,Kamilla Cardoso,4432865.0,Jacy Sheldon,,,25,2
2026-04-25,40186615235,Jacy Sheldon personal foul,Personal Foul,45,False,1,7:39,8,6,Phoenix Mercury,Chicago Sky,4432865.0,Jacy Sheldon,,,,,18,18
2026-04-25,40186615237,DeWanna Bonner out of bounds bad pass turnover,Out of Bounds - Bad Pass Turnover,90,False,1,7:32,8,6,Phoenix Mercury,Chicago Sky,869.0,DeWanna Bonner,,,,,42,12
2026-04-25,40186615238,Natasha Mack personal foul,Personal Foul,45,False,1,7:16,8,6,Phoenix Mercury,Chicago Sky,4068042.0,Natasha Mack,,,,,35,13
2026-04-25,40186615240,Rickea Jackson misses layup,Layup Shot,95,False,1,7:10,8,6,Phoenix Mercury,Chicago Sky,4433630.0,Rickea Jackson,,,,,25,4
2026-04-25,40186615241,Natasha Mack defensive rebound,Defensive Rebound,155,False,1,7:07,8,6,Phoenix Mercury,Chicago Sky,4068042.0,Natasha Mack,,,,,25,4
2026-04-25,40186615242,DeWanna Bonner lost ball turnover (Aicha Coulibaly steals),Lost Ball Turnover,63,False,1,6:57,8,6,Phoenix Mercury,Chicago Sky,869.0,DeWanna Bonner,4433433.0,Aicha Coulibaly,,,11,21
2026-04-25,40186615244,DeWanna Bonner shooting foul,Shooting Foul,44,False,1,6:54,8,6,Phoenix Mercury,Chicago Sky,869.0,DeWanna Bonner,,,,,28,4
2026-04-25,40186615246,Aicha Coulibaly makes free throw 1 of 2,Free Throw - 1 of 2,98,True,1,6:54,8,7,Phoenix Mercury,Chicago Sky,4433433.0,Aicha Coulibaly,,,,,-214748340,-214748365
2026-04-25,40186615247,Rachel Banham enters the game for Jacy Sheldon,Substitution,584,False,1,6:54,8,7,Phoenix Mercury,Chicago Sky,2566186.0,Rachel Banham,4432865.0,Jacy Sheldon,,,-214748340,-214748365
2026-04-25,40186615249,Aicha Coulibaly makes free throw 2 of 2,Free Throw - 2 of 2,99,True,1,6:54,8,8,Phoenix Mercury,Chicago Sky,4433433.0,Aicha Coulibaly,,,,,-214748340,-214748365
2026-04-25,40186615251,Sami Whitcomb makes 24-foot three point jumper (Alyssa Thomas assists),Jump Shot,92,True,1,6:34,11,8,Phoenix Mercury,Chicago Sky,887.0,Sami Whitcomb,2529140.0,Alyssa Thomas,,,49,2
2026-04-25,40186615253,Kamilla Cardoso makes driving layup (Skylar Diggins assists),Driving Layup Shot,110,True,1,6:14,11,10,Phoenix Mercury,Chicago Sky,4433405.0,Kamilla Cardoso,2491205.0,Skylar Diggins,,,25,2
2026-04-25,40186615255,Sami Whitcomb shooting foul,Shooting Foul,44,False,1,6:14,11,10,Phoenix Mercury,Chicago Sky,887.0,Sami Whitcomb,,,,,25,1
2026-04-25,40186615257,Gabriela Jaquez enters the game for Aicha Coulibaly,Substitution,584,False,1,6:14,11,10,Phoenix Mercury,Chicago Sky,4858656.0,Gabriela Jaquez,4433433.0,Aicha Coulibaly,,,-214748340,-214748365
2026-04-25,40186615259,Kamilla Cardoso misses free throw 1 of 1,Free Throw - 1 of 1,97,False,1,6:14,11,10,Phoenix Mercury,Chicago Sky,4433405.0,Kamilla Cardoso,,,,,-214748340,-214748365
2026-04-25,40186615260,Alyssa Thomas defensive rebound,Defensive Rebound,155,False,1,6:11,11,10,Phoenix Mercury,Chicago Sky,2529140.0,Alyssa Thomas,,,,,-214748340,-214748365
2026-04-25,40186615261,Kahleah Copper makes 24-foot three point jumper (Alyssa Thomas assists),Jump Shot,92,True,1,6:05,14,10,Phoenix Mercury,Chicago Sky,2998938.0,Kahleah Copper,2529140.0,Alyssa Thomas,,,11,19
2026-04-25,40186615263,Rickea Jackson makes 9-foot two point shot,Turnaround Fade Away Jump Shot,137,True,1,5:52,14,12,Phoenix Mercury,Chicago Sky,4433630.0,Rickea Jackson,,,,,22,8
2026-04-25,40186615264,Kahleah Copper makes 24-foot three point jumper (Alyssa Thomas assists),Jump Shot,92,True,1,5:35,17,12,Phoenix Mercury,Chicago Sky,2998938.0,Kahleah Copper,2529140.0,Alyssa Thomas,,,1,6
2026-04-25,40186615266,Kahleah Copper shooting foul,Shooting Foul,44,False,1,5:23,17,12,Phoenix Mercury,Chicago Sky,2998938.0,Kahleah Copper,,,,,25,8
2026-04-25,40186615268,Skylar Diggins misses free throw 1 of 2,Free Throw - 1 of 2,98,False,1,5:23,17,12,Phoenix Mercury,Chicago Sky,2491205.0,Skylar Diggins,,,,,-214748340,-214748365
2026-04-25,40186615269,Sky offensive team rebound,Offensive Rebound,156,False,1,5:23,17,12,Phoenix Mercury,Chicago Sky,,,,,,,-214748340,-214748365
2026-04-25,40186615270,Skylar Diggins misses free throw 2 of 2,Free Throw - 2 of 2,99,False,1,5:23,17,12,Phoenix Mercury,Chicago Sky,2491205.0,Skylar Diggins,,,,,-214748340,-214748365
2026-04-25,40186615271,DeWanna Bonner defensive rebound,Defensive Rebound,155,False,1,5:20,17,12,Phoenix Mercury,Chicago Sky,869.0,DeWanna Bonner,,,,,-214748340,-214748365
2026-04-25,40186615272,Rickea Jackson shooting foul,Shooting Foul,44,False,1,5:09,17,12,Phoenix Mercury,Chicago Sky,4433630.0,Rickea Jackson,,,,,30,1
2026-04-25,40186615274,DeWanna Bonner makes free throw 1 of 2,Free Throw - 1 of 2,98,True,1,5:09,18,12,Phoenix Mercury,Chicago Sky,869.0,DeWanna Bonner,,,,,-214748340,-214748365
2026-04-25,40186615275,DeWanna Bonner makes free throw 2 of 2,Free Throw - 2 of 2,99,True,1,5:09,19,12,Phoenix Mercury,Chicago Sky,869.0,DeWanna Bonner,,,,,-214748340,-214748365
2026-04-25,40186615276,"Rickea Jackson bad pass
turnover (Alyssa Thomas steals)","Bad Pass
Turnover",62,False,1,4:53,19,12,Phoenix Mercury,Chicago Sky,4433630.0,Rickea Jackson,2529140.0,Alyssa Thomas,,,17,17
2026-04-25,40186615278,Kahleah Copper makes 18-foot pullup jump shot (Alyssa Thomas assists),Pullup Jump Shot,131,True,1,4:48,21,12,Phoenix Mercury,Chicago Sky,2998938.0,Kahleah Copper,2529140.0,Alyssa Thomas,,,37,14
2026-04-25,40186615279,Sky Full timeout,Full Timeout,16,False,1,4:48,21,12,Phoenix Mercury,Chicago Sky,,,,,,,-214748340,-214748365
2026-04-25,40186615281,Kiana Williams enters the game for DeWanna Bonner,Substitution,584,False,1,4:48,21,12,Phoenix Mercury,Chicago Sky,4282168.0,Kiana Williams,869.0,DeWanna Bonner,,,-214748340,-214748365
2026-04-25,40186615283,Skylar Diggins makes 11-foot running pullup jump shot,Running Pullup Jump Shot,146,True,1,4:31,21,14,Phoenix Mercury,Chicago Sky,2491205.0,Skylar Diggins,,,,,28,11
2026-04-25,40186615284,Kahleah Copper misses layup,Cutting Layup Shot,141,False,1,4:13,21,14,Phoenix Mercury,Chicago Sky,2998938.0,Kahleah Copper,,,,,24,0
2026-04-25,40186615285,Gabriela Jaquez defensive rebound,Defensive Rebound,155,False,1,4:11,21,14,Phoenix Mercury,Chicago Sky,4858656.0,Gabriela Jaquez,,,,,24,0
2026-04-25,40186615286,Rachel Banham misses 24-foot three point jumper,Jump Shot,92,False,1,4:08,21,14,Phoenix Mercury,Chicago Sky,2566186.0,Rachel Banham,,,,,48,8
2026-04-25,40186615287,Mercury defensive team rebound,Defensive Rebound,155,False,1,4:06,21,14,Phoenix Mercury,Chicago Sky,,,,,,,48,8
2026-04-25,40186615288,Gabriela Jaquez shooting foul,Shooting Foul,44,False,1,3:56,21,14,Phoenix Mercury,Chicago Sky,4858656.0,Gabriela Jaquez,,,,,26,10
2026-04-25,40186615290,Kahleah Copper makes free throw 1 of 2,Free Throw - 1 of 2,98,True,1,3:56,22,14,Phoenix Mercury,Chicago Sky,2998938.0,Kahleah Copper,,,,,-214748340,-214748365
2026-04-25,40186615291,Quionche Carter enters the game for Natasha Mack,Substitution,584,False,1,3:56,22,14,Phoenix Mercury,Chicago Sky,5107404.0,Quionche Carter,4068042.0,Natasha Mack,,,-214748340,-214748365
2026-04-25,40186615292,Ashten Prechtel enters the game for Sami Whitcomb,Substitution,584,False,1,3:56,22,14,Phoenix Mercury,Chicago Sky,4433634.0,Ashten Prechtel,887.0,Sami Whitcomb,,,-214748340,-214748365
2026-04-25,40186615295,Kahleah Copper misses free throw 2 of 2,Free Throw - 2 of 2,99,False,1,3:56,22,14,Phoenix Mercury,Chicago Sky,2998938.0,Kahleah Copper,,,,,-214748340,-214748365
2026-04-25,40186615296,Kamilla Cardoso defensive rebound,Defensive Rebound,155,False,1,3:53,22,14,Phoenix Mercury,Chicago Sky,4433405.0,Kamilla Cardoso,,,,,-214748340,-214748365
2026-04-25,40186615297,Rickea Jackson misses 7-foot turnaround jump shot,Turnaround Jump Shot,114,False,1,3:42,22,14,Phoenix Mercury,Chicago Sky,4433630.0,Rickea Jackson,,,,,29,6
2026-04-25,40186615298,Mercury defensive team rebound,Defensive Rebound,155,False,1,3:42,22,14,Phoenix Mercury,Chicago Sky,,,,,,,29,6
2026-04-25,401866152100,Gabriela Jaquez personal foul,Personal Foul,45,False,1,3:42,22,14,Phoenix Mercury,Chicago Sky,4858656.0,Gabriela Jaquez,,,,,30,10
2026-04-25,401866152102,Alyssa Thomas makes free throw 1 of 2,Free Throw - 1 of 2,98,True,1,3:42,23,14,Phoenix Mercury,Chicago Sky,2529140.0,Alyssa Thomas,,,,,-214748340,-214748365
2026-04-25,401866152103,Jacy Sheldon enters the game for Gabriela Jaquez,Substitution,584,False,1,3:42,23,14,Phoenix Mercury,Chicago Sky,4432865.0,Jacy Sheldon,4858656.0,Gabriela Jaquez,,,-214748340,-214748365
2026-04-25,401866152105,Alyssa Thomas makes free throw 2 of 2,Free Throw - 2 of 2,99,True,1,3:42,24,14,Phoenix Mercury,Chicago Sky,2529140.0,Alyssa Thomas,,,,,-214748340,-214748365
2026-04-25,401866152106,Skylar Diggins makes 16-foot pullup jump shot,Pullup Jump Shot,131,True,1,3:33,24,16,Phoenix Mercury,Chicago Sky,2491205.0,Skylar Diggins,,,,,33,15
2026-04-25,401866152107,Kahleah Copper misses 15-foot pullup jump shot,Pullup Jump Shot,131,False,1,3:22,24,16,Phoenix Mercury,Chicago Sky,2998938.0,Kahleah Copper,,,,,29,15
2026-04-25,401866152108,Rickea Jackson defensive rebound,Defensive Rebound,155,False,1,3:18,24,16,Phoenix Mercury,Chicago Sky,4433630.0,Rickea Jackson,,,,,29,15
2026-04-25,401866152109,Ashten Prechtel shooting foul,Shooting Foul,44,False,1,3:13,24,16,Phoenix Mercury,Chicago Sky,4433634.0,Ashten Prechtel,,,,,24,14
2026-04-25,401866152111,Rickea Jackson makes free throw 1 of 2,Free Throw - 1 of 2,98,True,1,3:13,24,17,Phoenix Mercury,Chicago Sky,4433630.0,Rickea Jackson,,,,,-214748340,-214748365
2026-04-25,401866152112,Aicha Coulibaly enters the game for Skylar Diggins,Substitution,584,False,1,3:13,24,17,Phoenix Mercury,Chicago Sky,4433433.0,Aicha Coulibaly,2491205.0,Skylar Diggins,,,-214748340,-214748365
2026-04-25,401866152114,Rickea Jackson makes free throw 2 of 2,Free Throw - 2 of 2,99,True,1,3:13,24,18,Phoenix Mercury,Chicago Sky,4433630.0,Rickea Jackson,,,,,-214748340,-214748365
2026-04-25,401866152115,Sky delay of game violation,Delay of Game,8,False,1,3:13,24,18,Phoenix Mercury,Chicago Sky,,,,,,,-214748340,-214748365
2026-04-25,401866152116,Kahleah Copper makes 23-foot three point jumper (Alyssa Thomas assists),Jump Shot,92,True,1,2:57,27,18,Phoenix Mercury,Chicago Sky,2998938.0,Kahleah Copper,2529140.0,Alyssa Thomas,,,1,1
2026-04-25,401866152118,"Rickea Jackson bad pass
turnover (Quionche Carter steals)","Bad Pass
Turnover",62,False,1,2:41,27,18,Phoenix Mercury,Chicago Sky,4433630.0,Rickea Jackson,5107404.0,Quionche Carter,,,27,11
2026-04-25,401866152120,Kiana Williams misses layup,Layup Shot,95,False,1,2:30,27,18,Phoenix Mercury,Chicago Sky,4282168.0,Kiana Williams,,,,,21,1
2026-04-25,401866152121,Kamilla Cardoso defensive rebound,Defensive Rebound,155,False,1,2:27,27,18,Phoenix Mercury,Chicago Sky,4433405.0,Kamilla Cardoso,,,,,21,1
2026-04-25,401866152122,Kamilla Cardoso out of bounds bad pass turnover,Out of Bounds - Bad Pass Turnover,90,False,1,2:21,27,18,Phoenix Mercury,Chicago Sky,4433405.0,Kamilla Cardoso,,,,,30,24
2026-04-25,401866152123,Morgan Maly enters the game for Kahleah Copper,Substitution,584,False,1,2:21,27,18,Phoenix Mercury,Chicago Sky,4599199.0,Morgan Maly,2998938.0,Kahleah Copper,,,-214748340,-214748365
2026-04-25,401866152124,Lauren Jensen enters the game for Alyssa Thomas,Substitution,584,False,1,2:21,27,18,Phoenix Mercury,Chicago Sky,4597505.0,Lauren Jensen,2529140.0,Alyssa Thomas,,,-214748340,-214748365
2026-04-25,401866152127,Kamilla Cardoso shooting foul,Shooting Foul,44,False,1,2:10,27,18,Phoenix Mercury,Chicago Sky,4433405.0,Kamilla Cardoso,,,,,30,3
2026-04-25,401866152129,Lauren Jensen makes free throw 1 of 2,Free Throw - 1 of 2,98,True,1,2:10,28,18,Phoenix Mercury,Chicago Sky,4597505.0,Lauren Jensen,,,,,-214748340,-214748365
2026-04-25,401866152130,Latasha Lattimore enters the game for Kamilla Cardoso,Substitution,584,False,1,2:10,28,18,Phoenix Mercury,Chicago Sky,4433517.0,Latasha Lattimore,4433405.0,Kamilla Cardoso,,,-214748340,-214748365
2026-04-25,401866152131,Hailey Van Lith enters the game for Rachel Banham,Substitution,584,False,1,2:10,28,18,Phoenix Mercury,Chicago Sky,4433412.0,Hailey Van Lith,2566186.0,Rachel Banham,,,-214748340,-214748365
2026-04-25,401866152134,Lauren Jensen makes free throw 2 of 2,Free Throw - 2 of 2,99,True,1,2:10,29,18,Phoenix Mercury,Chicago Sky,4597505.0,Lauren Jensen,,,,,-214748340,-214748365
2026-04-25,401866152135,Morgan Maly shooting foul,Shooting Foul,44,False,1,1:51,29,18,Phoenix Mercury,Chicago Sky,4599199.0,Morgan Maly,,,,,20,1
2026-04-25,401866152137,Latasha Lattimore makes free throw 1 of 2,Free Throw - 1 of 2,98,True,1,1:51,29,19,Phoenix Mercury,Chicago Sky,4433517.0,Latasha Lattimore,,,,,-214748340,-214748365
2026-04-25,401866152138,Latasha Lattimore misses free throw 2 of 2,Free Throw - 2 of 2,99,False,1,1:51,29,19,Phoenix Mercury,Chicago Sky,4433517.0,Latasha Lattimore,,,,,-214748340,-214748365
2026-04-25,401866152139,Ashten Prechtel defensive rebound,Defensive Rebound,155,False,1,1:48,29,19,Phoenix Mercury,Chicago Sky,4433634.0,Ashten Prechtel,,,,,-214748340,-214748365
2026-04-25,401866152140,Kiana Williams misses 30-foot three point jumper,Jump Shot,92,False,1,1:26,29,19,Phoenix Mercury,Chicago Sky,4282168.0,Kiana Williams,,,,,32,29
2026-04-25,401866152141,Rickea Jackson defensive rebound,Defensive Rebound,155,False,1,1:20,29,19,Phoenix Mercury,Chicago Sky,4433630.0,Rickea Jackson,,,,,32,29
2026-04-25,401866152142,Jacy Sheldon misses 3-foot turnaround jump shot,Turnaround Jump Shot,114,False,1,1:01,29,19,Phoenix Mercury,Chicago Sky,4432865.0,Jacy Sheldon,,,,,24,3
2026-04-25,401866152143,Quionche Carter defensive rebound,Defensive Rebound,155,False,1,57.1,29,19,Phoenix Mercury,Chicago Sky,5107404.0,Quionche Carter,,,,,24,3
2026-04-25,401866152144,Hailey Van Lith vs. Kiana Williams (Jacy Sheldon gains possession),Jumpball,615,False,1,52.3,29,19,Phoenix Mercury,Chicago Sky,4433412.0,Hailey Van Lith,4282168.0,Kiana Williams,4432865.0,Jacy Sheldon,-214748340,-214748365
2026-04-25,401866152147,Kiana Williams lost ball turnover (Hailey Van Lith steals),Lost Ball Turnover,63,False,1,52.3,29,19,Phoenix Mercury,Chicago Sky,4282168.0,Kiana Williams,4433412.0,Hailey Van Lith,,,-214748340,-214748365
2026-04-25,401866152149,"Lauren Jensen defensive 3-seconds (technical foul)
",Defensive 3-Seconds Technical,29,False,1,42.3,29,19,Phoenix Mercury,Chicago Sky,4597505.0,Lauren Jensen,,,,,25,5
2026-04-25,401866152150,Jacy Sheldon makes technical free throw,Free Throw - Technical,103,True,1,42.3,29,20,Phoenix Mercury,Chicago Sky,4432865.0,Jacy Sheldon,,,,,-214748340,-214748365
2026-04-25,401866152151,Rickea Jackson misses 20-foot jumper,Jump Shot,92,False,1,38.0,29,20,Phoenix Mercury,Chicago Sky,4433630.0,Rickea Jackson,,,,,39,14
2026-04-25,401866152152,Mercury defensive team rebound,Defensive Rebound,155,False,1,34.9,29,20,Phoenix Mercury,Chicago Sky,,,,,,,39,14
2026-04-25,401866152154,Ashten Prechtel offensive foul,Offensive Foul,42,False,1,24.0,29,20,Phoenix Mercury,Chicago Sky,4433634.0,Ashten Prechtel,,,,,36,21
2026-04-25,401866152156,Ashten Prechtel offensive foul turnover,Offensive Foul Turnover,84,False,1,24.0,29,20,Phoenix Mercury,Chicago Sky,4433634.0,Ashten Prechtel,,,,,36,21
2026-04-25,401866152157,Rickea Jackson makes 11-foot floating jump shot,Floating Jump Shot,130,True,1,1.4,29,22,Phoenix Mercury,Chicago Sky,4433630.0,Rickea Jackson,,,,,25,11
2026-04-25,401866152158,End of the 1st Quarter,End Period,412,False,1,0.0,29,22,Phoenix Mercury,Chicago Sky,,,,,,,-214748340,-214748365
2026-04-25,401866152159,Kahleah Copper enters the game for Ashten Prechtel,Substitution,584,False,2,10:00,29,22,Phoenix Mercury,Chicago Sky,2998938.0,Kahleah Copper,4433634.0,Ashten Prechtel,,,-214748340,-214748365
2026-04-25,401866152160,DeWanna Bonner enters the game for Lauren Jensen,Substitution,584,False,2,10:00,29,22,Phoenix Mercury,Chicago Sky,869.0,DeWanna Bonner,4597505.0,Lauren Jensen,,,-214748340,-214748365
2026-04-25,401866152161,Alyssa Thomas enters the game for Quionche Carter,Substitution,584,False,2,10:00,29,22,Phoenix Mercury,Chicago Sky,2529140.0,Alyssa Thomas,5107404.0,Quionche Carter,,,-214748340,-214748365
2026-04-25,401866152162,Natasha Mack enters the game for Kiana Williams,Substitution,584,False,2,10:00,29,22,Phoenix Mercury,Chicago Sky,4068042.0,Natasha Mack,4282168.0,Kiana Williams,,,-214748340,-214748365
2026-04-25,401866152163,Sami Whitcomb enters the game for Morgan Maly,Substitution,584,False,2,10:00,29,22,Phoenix Mercury,Chicago Sky,887.0,Sami Whitcomb,4599199.0,Morgan Maly,,,-214748340,-214748365
2026-04-25,401866152164,Kamilla Cardoso enters the game for Aicha Coulibaly,Substitution,584,False,2,10:00,29,22,Phoenix Mercury,Chicago Sky,4433405.0,Kamilla Cardoso,4433433.0,Aicha Coulibaly,,,-214748340,-214748365
2026-04-25,401866152165,Skylar Diggins enters the game for Rickea Jackson,Substitution,584,False,2,10:00,29,22,Phoenix Mercury,Chicago Sky,2491205.0,Skylar Diggins,4433630.0,Rickea Jackson,,,-214748340,-214748365
2026-04-25,401866152174,Jacy Sheldon misses 28-foot three point jumper,Jump Shot,92,False,2,9:40,29,22,Phoenix Mercury,Chicago Sky,4432865.0,Jacy Sheldon,,,,,41,22
2026-04-25,401866152175,Sami Whitcomb defensive rebound,Defensive Rebound,155,False,2,9:35,29,22,Phoenix Mercury,Chicago Sky,887.0,Sami Whitcomb,,,,,41,22
2026-04-25,401866152176,DeWanna Bonner makes layup (Sami Whitcomb assists),Layup Shot,95,True,2,9:33,31,22,Phoenix Mercury,Chicago Sky,869.0,DeWanna Bonner,887.0,Sami Whitcomb,,,25,0
2026-04-25,401866152178,Skylar Diggins misses 24-foot three point jumper,Jump Shot,92,False,2,9:15,31,22,Phoenix Mercury,Chicago Sky,2491205.0,Skylar Diggins,,,,,1,4
2026-04-25,401866152179,Sami Whitcomb defensive rebound,Defensive Rebound,155,False,2,9:13,31,22,Phoenix Mercury,Chicago Sky,887.0,Sami Whitcomb,,,,,1,4
2026-04-25,401866152180,Sami Whitcomb misses driving layup,Driving Layup Shot,110,False,2,9:08,31,22,Phoenix Mercury,Chicago Sky,887.0,Sami Whitcomb,,,,,24,0
2026-04-25,401866152181,Jacy Sheldon defensive rebound,Defensive Rebound,155,False,2,9:03,31,22,Phoenix Mercury,Chicago Sky,4432865.0,Jacy Sheldon,,,,,24,0
2026-04-25,401866152182,DeWanna Bonner personal foul,Personal Foul,45,False,2,8:58,31,22,Phoenix Mercury,Chicago Sky,869.0,DeWanna Bonner,,,,,44,16
2026-04-25,401866152184,Sami Whitcomb shooting foul,Shooting Foul,44,False,2,8:54,31,22,Phoenix Mercury,Chicago Sky,887.0,Sami Whitcomb,,,,,21,13
2026-04-25,401866152186,Skylar Diggins makes free throw 1 of 2,Free Throw - 1 of 2,98,True,2,8:54,31,23,Phoenix Mercury,Chicago Sky,2491205.0,Skylar Diggins,,,,,-214748340,-214748365
2026-04-25,401866152187,Skylar Diggins makes free throw 2 of 2,Free Throw - 2 of 2,99,True,2,8:54,31,24,Phoenix Mercury,Chicago Sky,2491205.0,Skylar Diggins,,,,,-214748340,-214748365
2026-04-25,401866152188,DeWanna Bonner misses layup,Layup Shot,95,False,2,8:37,31,24,Phoenix Mercury,Chicago Sky,869.0,DeWanna Bonner,,,,,36,4
2026-04-25,401866152189,Natasha Mack offensive rebound,Offensive Rebound,156,False,2,8:31,31,24,Phoenix Mercury,Chicago Sky,4068042.0,Natasha Mack,,,,,36,4
2026-04-25,401866152190,Natasha Mack makes tip shot,Tip Shot,94,True,2,8:31,33,24,Phoenix Mercury,Chicago Sky,4068042.0,Natasha Mack,,,,,25,0
2026-04-25,401866152191,Jacy Sheldon misses 26-foot fade away jump shot,Fade Away Jump Shot,121,False,2,8:22,33,24,Phoenix Mercury,Chicago Sky,4432865.0,Jacy Sheldon,,,,,16,24
2026-04-25,401866152192,Kamilla Cardoso offensive rebound,Offensive Rebound,156,False,2,8:20,33,24,Phoenix Mercury,Chicago Sky,4433405.0,Kamilla Cardoso,,,,,16,24
2026-04-25,401866152193,Natasha Mack shooting foul,Shooting Foul,44,False,2,8:20,33,24,Phoenix Mercury,Chicago Sky,4068042.0,Natasha Mack,,,,,30,8
2026-04-25,401866152195,Kamilla Cardoso misses free throw 1 of 2,Free Throw - 1 of 2,98,False,2,8:20,33,24,Phoenix Mercury,Chicago Sky,4433405.0,Kamilla Cardoso,,,,,-214748340,-214748365
2026-04-25,401866152196,Sky offensive team rebound,Offensive Rebound,156,False,2,8:20,33,24,Phoenix Mercury,Chicago Sky,,,,,,,-214748340,-214748365
2026-04-25,401866152197,Kamilla Cardoso misses free throw 2 of 2,Free Throw - 2 of 2,99,False,2,8:20,33,24,Phoenix Mercury,Chicago Sky,4433405.0,Kamilla Cardoso,,,,,-214748340,-214748365
2026-04-25,401866152198,Natasha Mack defensive rebound,Defensive Rebound,155,False,2,8:17,33,24,Phoenix Mercury,Chicago Sky,4068042.0,Natasha Mack,,,,,-214748340,-214748365
2026-04-25,401866152199,Kahleah Copper misses 24-foot three point jumper,Jump Shot,92,False,2,8:11,33,24,Phoenix Mercury,Chicago Sky,2998938.0,Kahleah Copper,,,,,14,22
2026-04-25,401866152200,Sky defensive team rebound,Defensive Rebound,155,False,2,8:10,33,24,Phoenix Mercury,Chicago Sky,,,,,,,14,22
2026-04-25,401866152202,Skylar Diggins misses 23-foot three point jumper,Jump Shot,92,False,2,8:01,33,24,Phoenix Mercury,Chicago Sky,2491205.0,Skylar Diggins,,,,,27,23
2026-04-25,401866152203,Natasha Mack defensive rebound,Defensive Rebound,155,False,2,7:58,33,24,Phoenix Mercury,Chicago Sky,4068042.0,Natasha Mack,,,,,27,23
2026-04-25,401866152204,DeWanna Bonner misses driving layup,Driving Layup Shot,110,False,2,7:47,33,24,Phoenix Mercury,Chicago Sky,869.0,DeWanna Bonner,,,,,28,2
2026-04-25,401866152205,Mercury offensive team rebound,Offensive Rebound,156,False,2,7:46,33,24,Phoenix Mercury,Chicago Sky,,,,,,,28,2
2026-04-25,401866152206,Kamilla Cardoso loose ball foul,Loose Ball Foul,43,False,2,7:46,33,24,Phoenix Mercury,Chicago Sky,4433405.0,Kamilla Cardoso,,,,,28,2
2026-04-25,401866152208,Aicha Coulibaly enters the game for Latasha Lattimore,Substitution,584,False,2,7:46,33,24,Phoenix Mercury,Chicago Sky,4433433.0,Aicha Coulibaly,4433517.0,Latasha Lattimore,,,-214748340,-214748365
2026-04-25,401866152210,Natasha Mack offensive foul,Offensive Foul,42,False,2,7:46,33,24,Phoenix Mercury,Chicago Sky,4068042.0,Natasha Mack,,,,,36,7
2026-04-25,401866152212,Natasha Mack offensive foul turnover,Offensive Foul Turnover,84,False,2,7:46,33,24,Phoenix Mercury,Chicago Sky,4068042.0,Natasha Mack,,,,,36,7
2026-04-25,401866152213,Aicha Coulibaly misses 19-foot jumper,Jump Shot,92,False,2,7:32,33,24,Phoenix Mercury,Chicago Sky,4433433.0,Aicha Coulibaly,,,,,17,18
2026-04-25,401866152214,Kahleah Copper defensive rebound,Defensive Rebound,155,False,2,7:27,33,24,Phoenix Mercury,Chicago Sky,2998938.0,Kahleah Copper,,,,,17,18
2026-04-25,401866152215,Alyssa Thomas misses 1-foot floating jump shot,Floating Jump Shot,130,False,2,7:09,33,24,Phoenix Mercury,Chicago Sky,2529140.0,Alyssa Thomas,,,,,25,1
2026-04-25,401866152216,Natasha Mack offensive rebound,Offensive Rebound,156,False,2,7:05,33,24,Phoenix Mercury,Chicago Sky,4068042.0,Natasha Mack,,,,,25,1
2026-04-25,401866152231,Aicha Coulibaly blocks Natasha Mack 's 2-foot two point shot,Layup Shot Putback,125,False,2,7:04,33,24,Phoenix Mercury,Chicago Sky,4068042.0,Natasha Mack,4433433.0,Aicha Coulibaly,,,24,1
2026-04-25,401866152233,Skylar Diggins defensive rebound,Defensive Rebound,155,False,2,7:04,33,24,Phoenix Mercury,Chicago Sky,2491205.0,Skylar Diggins,,,,,24,1
2026-04-25,401866152217,"Skylar Diggins bad pass
turnover (Kahleah Copper steals)","Bad Pass
Turnover",62,False,2,6:59,33,24,Phoenix Mercury,Chicago Sky,2491205.0,Skylar Diggins,2998938.0,Kahleah Copper,,,39,26
2026-04-25,401866152219,Kahleah Copper makes 24-foot three pointer,Pullup Jump Shot,131,True,2,6:55,36,24,Phoenix Mercury,Chicago Sky,2998938.0,Kahleah Copper,,,,,38,20
2026-04-25,401866152220,Kahleah Copper personal foul,Personal Foul,45,False,2,6:33,36,24,Phoenix Mercury,Chicago Sky,2998938.0,Kahleah Copper,,,,,20,25
2026-04-25,401866152222,Latasha Lattimore enters the game for Jacy Sheldon,Substitution,584,False,2,6:33,36,24,Phoenix Mercury,Chicago Sky,4433517.0,Latasha Lattimore,4432865.0,Jacy Sheldon,,,-214748340,-214748365
2026-04-25,401866152223,Rachel Banham enters the game for Hailey Van Lith,Substitution,584,False,2,6:33,36,24,Phoenix Mercury,Chicago Sky,2566186.0,Rachel Banham,4433412.0,Hailey Van Lith,,,-214748340,-214748365
2026-04-25,401866152226,Rachel Banham makes 26-foot three point jumper (Skylar Diggins assists),Jump Shot,92,True,2,6:23,36,27,Phoenix Mercury,Chicago Sky,2566186.0,Rachel Banham,2491205.0,Skylar Diggins,,,26,26
2026-04-25,401866152228,Skylar Diggins personal foul,Personal Foul,45,False,2,6:05,36,27,Phoenix Mercury,Chicago Sky,2491205.0,Skylar Diggins,,,,,24,5
2026-04-25,401866152230,Mercury Full timeout,Full Timeout,16,False,2,6:05,36,27,Phoenix Mercury,Chicago Sky,,,,,,,-214748340,-214748365
2026-04-25,401866152234,Rickea Jackson enters the game for Skylar Diggins,Substitution,584,False,2,6:05,36,27,Phoenix Mercury,Chicago Sky,4433630.0,Rickea Jackson,2491205.0,Skylar Diggins,,,-214748340,-214748365
2026-04-25,401866152235,Jacy Sheldon enters the game for Kamilla Cardoso,Substitution,584,False,2,6:05,36,27,Phoenix Mercury,Chicago Sky,4432865.0,Jacy Sheldon,4433405.0,Kamilla Cardoso,,,-214748340,-214748365
2026-04-25,401866152238,Aicha Coulibaly personal foul,Personal Foul,45,False,2,6:01,36,27,Phoenix Mercury,Chicago Sky,4433433.0,Aicha Coulibaly,,,,,24,15
2026-04-25,401866152240,Natasha Mack misses layup,Layup Shot,95,False,2,5:54,36,27,Phoenix Mercury,Chicago Sky,4068042.0,Natasha Mack,,,,,27,3
2026-04-25,401866152241,DeWanna Bonner offensive rebound,Offensive Rebound,156,False,2,5:50,36,27,Phoenix Mercury,Chicago Sky,869.0,DeWanna Bonner,,,,,27,3
2026-04-25,401866152242,Kahleah Copper misses 24-foot three point jumper,Jump Shot,92,False,2,5:46,36,27,Phoenix Mercury,Chicago Sky,2998938.0,Kahleah Copper,,,,,13,20
2026-04-25,401866152243,Aicha Coulibaly defensive rebound,Defensive Rebound,155,False,2,5:41,36,27,Phoenix Mercury,Chicago Sky,4433433.0,Aicha Coulibaly,,,,,13,20
2026-04-25,401866152244,Aicha Coulibaly misses running layup,Running Layup Shot,109,False,2,5:38,36,27,Phoenix Mercury,Chicago Sky,4433433.0,Aicha Coulibaly,,,,,28,4
2026-04-25,401866152245,Sami Whitcomb defensive rebound,Defensive Rebound,155,False,2,5:36,36,27,Phoenix Mercury,Chicago Sky,887.0,Sami Whitcomb,,,,,28,4
2026-04-25,401866152248,Rachel Banham shooting foul,Shooting Foul,44,False,2,5:30,36,27,Phoenix Mercury,Chicago Sky,2566186.0,Rachel Banham,,,,,24,1
2026-04-25,401866152250,Natasha Mack misses free throw 1 of 2,Free Throw - 1 of 2,98,False,2,5:30,36,27,Phoenix Mercury,Chicago Sky,4068042.0,Natasha Mack,,,,,-214748340,-214748365
2026-04-25,401866152251,Mercury offensive team rebound,Offensive Rebound,156,False,2,5:30,36,27,Phoenix Mercury,Chicago Sky,,,,,,,-214748340,-214748365
2026-04-25,401866152252,Natasha Mack makes free throw 2 of 2,Free Throw - 2 of 2,99,True,2,5:30,37,27,Phoenix Mercury,Chicago Sky,4068042.0,Natasha Mack,,,,,-214748340,-214748365
2026-04-25,401866152253,Rachel Banham makes 29-foot three point jumper (Jacy Sheldon assists),Jump Shot,92,True,2,5:16,37,30,Phoenix Mercury,Chicago Sky,2566186.0,Rachel Banham,4432865.0,Jacy Sheldon,,,40,24
2026-04-25,401866152255,DeWanna Bonner makes layup (Alyssa Thomas assists),Layup Shot,95,True,2,5:02,39,30,Phoenix Mercury,Chicago Sky,869.0,DeWanna Bonner,2529140.0,Alyssa Thomas,,,26,0
2026-04-25,401866152257,Rickea Jackson out of bounds bad pass turnover,Out of Bounds - Bad Pass Turnover,90,False,2,4:59,39,30,Phoenix Mercury,Chicago Sky,4433630.0,Rickea Jackson,,,,,21,0
2026-04-25,401866152258,Kamilla Cardoso enters the game for Latasha Lattimore,Substitution,584,False,2,4:59,39,30,Phoenix Mercury,Chicago Sky,4433405.0,Kamilla Cardoso,4433517.0,Latasha Lattimore,,,-214748340,-214748365
2026-04-25,401866152260,Alyssa Thomas out of bounds bad pass turnover,Out of Bounds - Bad Pass Turnover,90,False,2,4:55,39,30,Phoenix Mercury,Chicago Sky,2529140.0,Alyssa Thomas,,,,,15,9
2026-04-25,401866152261,Aicha Coulibaly lost ball turnover (Alyssa Thomas steals),Lost Ball Turnover,63,False,2,4:41,39,30,Phoenix Mercury,Chicago Sky,4433433.0,Aicha Coulibaly,2529140.0,Alyssa Thomas,,,12,8
2026-04-25,401866152263,DeWanna Bonner misses 24-foot three point jumper,Jump Shot,92,False,2,4:32,39,30,Phoenix Mercury,Chicago Sky,869.0,DeWanna Bonner,,,,,36,22
2026-04-25,401866152264,Sky defensive team rebound,Defensive Rebound,155,False,2,4:31,39,30,Phoenix Mercury,Chicago Sky,,,,,,,36,22
2026-04-25,401866152266,Kiana Williams enters the game for Kahleah Copper,Substitution,584,False,2,4:31,39,30,Phoenix Mercury,Chicago Sky,4282168.0,Kiana Williams,2998938.0,Kahleah Copper,,,-214748340,-214748365
2026-04-25,401866152267,Gabriela Jaquez enters the game for Aicha Coulibaly,Substitution,584,False,2,4:31,39,30,Phoenix Mercury,Chicago Sky,4858656.0,Gabriela Jaquez,4433433.0,Aicha Coulibaly,,,-214748340,-214748365
2026-04-25,401866152270,Kiana Williams personal foul,Personal Foul,45,False,2,4:23,39,30,Phoenix Mercury,Chicago Sky,4282168.0,Kiana Williams,,,,,46,18
2026-04-25,401866152272,Rachel Banham makes free throw 1 of 2,Free Throw - 1 of 2,98,True,2,4:23,39,31,Phoenix Mercury,Chicago Sky,2566186.0,Rachel Banham,,,,,-214748340,-214748365
2026-04-25,401866152273,Rachel Banham misses free throw 2 of 2,Free Throw - 2 of 2,99,False,2,4:23,39,31,Phoenix Mercury,Chicago Sky,2566186.0,Rachel Banham,,,,,-214748340,-214748365
2026-04-25,401866152274,Natasha Mack defensive rebound,Defensive Rebound,155,False,2,4:21,39,31,Phoenix Mercury,Chicago Sky,4068042.0,Natasha Mack,,,,,-214748340,-214748365
2026-04-25,401866152275,"DeWanna Bonner bad pass
turnover (Rachel Banham steals)","Bad Pass
Turnover",62,False,2,4:07,39,31,Phoenix Mercury,Chicago Sky,869.0,DeWanna Bonner,2566186.0,Rachel Banham,,,13,11
2026-04-25,401866152277,Jacy Sheldon misses 18-foot jumper,Jump Shot,92,False,2,3:56,39,31,Phoenix Mercury,Chicago Sky,4432865.0,Jacy Sheldon,,,,,39,13
2026-04-25,401866152278,DeWanna Bonner defensive rebound,Defensive Rebound,155,False,2,3:52,39,31,Phoenix Mercury,Chicago Sky,869.0,DeWanna Bonner,,,,,39,13
2026-04-25,401866152279,Kiana Williams makes 23-foot three point jumper (Alyssa Thomas assists),Jump Shot,92,True,2,3:44,42,31,Phoenix Mercury,Chicago Sky,4282168.0,Kiana Williams,2529140.0,Alyssa Thomas,,,2,0
2026-04-25,401866152281,Rachel Banham makes 25-foot three point jumper (Rickea Jackson assists),Jump Shot,92,True,2,3:33,42,34,Phoenix Mercury,Chicago Sky,2566186.0,Rachel Banham,4433630.0,Rickea Jackson,,,7,18
2026-04-25,401866152283,Mercury Full timeout,Full Timeout,16,False,2,3:32,42,34,Phoenix Mercury,Chicago Sky,,,,,,,-214748340,-214748365
2026-04-25,401866152284,Ashten Prechtel enters the game for Natasha Mack,Substitution,584,False,2,3:32,42,34,Phoenix Mercury,Chicago Sky,4433634.0,Ashten Prechtel,4068042.0,Natasha Mack,,,-214748340,-214748365
2026-04-25,401866152285,Lauren Jensen enters the game for DeWanna Bonner,Substitution,584,False,2,3:32,42,34,Phoenix Mercury,Chicago Sky,4597505.0,Lauren Jensen,869.0,DeWanna Bonner,,,-214748340,-214748365
2026-04-25,401866152286,Quionche Carter enters the game for Alyssa Thomas,Substitution,584,False,2,3:32,42,34,Phoenix Mercury,Chicago Sky,5107404.0,Quionche Carter,2529140.0,Alyssa Thomas,,,-214748340,-214748365
2026-04-25,401866152287,Morgan Maly enters the game for Sami Whitcomb,Substitution,584,False,2,3:32,42,34,Phoenix Mercury,Chicago Sky,4599199.0,Morgan Maly,887.0,Sami Whitcomb,,,-214748340,-214748365
2026-04-25,401866152288,Skylar Diggins enters the game for Jacy Sheldon,Substitution,584,False,2,3:32,42,34,Phoenix Mercury,Chicago Sky,2491205.0,Skylar Diggins,4432865.0,Jacy Sheldon,,,-214748340,-214748365
2026-04-25,401866152295,Rachel Banham shooting foul,Shooting Foul,44,False,2,3:18,42,34,Phoenix Mercury,Chicago Sky,2566186.0,Rachel Banham,,,,,26,12
2026-04-25,401866152297,Quionche Carter makes free throw 1 of 2,Free Throw - 1 of 2,98,True,2,3:18,43,34,Phoenix Mercury,Chicago Sky,5107404.0,Quionche Carter,,,,,-214748340,-214748365
2026-04-25,401866152298,Quionche Carter makes free throw 2 of 2,Free Throw - 2 of 2,99,True,2,3:18,44,34,Phoenix Mercury,Chicago Sky,5107404.0,Quionche Carter,,,,,-214748340,-214748365
2026-04-25,401866152299,Kiana Williams kicked ball violation,Kicked Ball,12,False,2,3:05,44,34,Phoenix Mercury,Chicago Sky,4282168.0,Kiana Williams,,,,,-214748340,-214748365
2026-04-25,401866152300,Lauren Jensen personal foul,Personal Foul,45,False,2,3:03,44,34,Phoenix Mercury,Chicago Sky,4597505.0,Lauren Jensen,,,,,9,18
2026-04-25,401866152302,Rachel Banham makes free throw 1 of 2,Free Throw - 1 of 2,98,True,2,3:03,44,35,Phoenix Mercury,Chicago Sky,2566186.0,Rachel Banham,,,,,-214748340,-214748365
2026-04-25,401866152303,Rachel Banham makes free throw 2 of 2,Free Throw - 2 of 2,99,True,2,3:03,44,36,Phoenix Mercury,Chicago Sky,2566186.0,Rachel Banham,,,,,-214748340,-214748365
2026-04-25,401866152304,Kiana Williams misses two point shot,Driving Finger Roll Layup,128,False,2,2:41,44,36,Phoenix Mercury,Chicago Sky,4282168.0,Kiana Williams,,,,,24,4
2026-04-25,401866152305,Ashten Prechtel offensive rebound,Offensive Rebound,156,False,2,2:41,44,36,Phoenix Mercury,Chicago Sky,4433634.0,Ashten Prechtel,,,,,24,4
2026-04-25,401866152306,Kamilla Cardoso shooting foul,Shooting Foul,44,False,2,2:41,44,36,Phoenix Mercury,Chicago Sky,4433405.0,Kamilla Cardoso,,,,,24,3
2026-04-25,401866152308,Ashten Prechtel makes free throw 1 of 2,Free Throw - 1 of 2,98,True,2,2:41,45,36,Phoenix Mercury,Chicago Sky,4433634.0,Ashten Prechtel,,,,,-214748340,-214748365
2026-04-25,401866152309,Latasha Lattimore enters the game for Kamilla Cardoso,Substitution,584,False,2,2:41,45,36,Phoenix Mercury,Chicago Sky,4433517.0,Latasha Lattimore,4433405.0,Kamilla Cardoso,,,-214748340,-214748365
2026-04-25,401866152311,Ashten Prechtel makes free throw 2 of 2,Free Throw - 2 of 2,99,True,2,2:41,46,36,Phoenix Mercury,Chicago Sky,4433634.0,Ashten Prechtel,,,,,-214748340,-214748365
2026-04-25,401866152312,Latasha Lattimore makes 22-foot three point jumper (Skylar Diggins assists),Jump Shot,92,True,2,2:23,46,39,Phoenix Mercury,Chicago Sky,4433517.0,Latasha Lattimore,2491205.0,Skylar Diggins,,,48,1
2026-04-25,401866152314,Ashten Prechtel makes 27-foot fade away jump shot,Fade Away Jump Shot,121,True,2,2:07,49,39,Phoenix Mercury,Chicago Sky,4433634.0,Ashten Prechtel,,,,,10,23
2026-04-25,401866152315,Skylar Diggins misses 7-foot floating jump shot,Floating Jump Shot,130,False,2,1:54,49,39,Phoenix Mercury,Chicago Sky,2491205.0,Skylar Diggins,,,,,21,5
2026-04-25,401866152316,Ashten Prechtel defensive rebound,Defensive Rebound,155,False,2,1:51,49,39,Phoenix Mercury,Chicago Sky,4433634.0,Ashten Prechtel,,,,,21,5
2026-04-25,401866152317,Quionche Carter makes driving layup (Lauren Jensen assists),Driving Layup Shot,110,True,2,1:45,51,39,Phoenix Mercury,Chicago Sky,5107404.0,Quionche Carter,4597505.0,Lauren Jensen,,,26,1
2026-04-25,401866152319,Quionche Carter personal foul,Personal Foul,45,False,2,1:28,51,39,Phoenix Mercury,Chicago Sky,5107404.0,Quionche Carter,,,,,41,21
2026-04-25,401866152321,Rickea Jackson makes free throw 1 of 2,Free Throw - 1 of 2,98,True,2,1:28,51,40,Phoenix Mercury,Chicago Sky,4433630.0,Rickea Jackson,,,,,-214748340,-214748365
2026-04-25,401866152322,Rickea Jackson makes free throw 2 of 2,Free Throw - 2 of 2,99,True,2,1:28,51,41,Phoenix Mercury,Chicago Sky,4433630.0,Rickea Jackson,,,,,-214748340,-214748365
2026-04-25,401866152323,Quionche Carter misses 24-foot three point jumper,Jump Shot,92,False,2,1:14,51,41,Phoenix Mercury,Chicago Sky,5107404.0,Quionche Carter,,,,,7,16
2026-04-25,401866152324,Gabriela Jaquez defensive rebound,Defensive Rebound,155,False,2,1:09,51,41,Phoenix Mercury,Chicago Sky,4858656.0,Gabriela Jaquez,,,,,7,16
2026-04-25,401866152325,Gabriela Jaquez makes driving layup,Driving Layup Shot,110,True,2,59.8,51,43,Phoenix Mercury,Chicago Sky,4858656.0,Gabriela Jaquez,,,,,25,2
2026-04-25,401866152326,Kiana Williams misses 25-foot three point jumper,Jump Shot,92,False,2,51.6,51,43,Phoenix Mercury,Chicago Sky,4282168.0,Kiana Williams,,,,,5,16
2026-04-25,401866152327,Sky defensive team rebound,Defensive Rebound,155,False,2,49.3,51,43,Phoenix Mercury,Chicago Sky,,,,,,,5,16
2026-04-25,401866152329,Lauren Jensen personal foul,Personal Foul,45,False,2,38.4,51,43,Phoenix Mercury,Chicago Sky,4597505.0,Lauren Jensen,,,,,15,23
2026-04-25,401866152331,Skylar Diggins makes free throw 1 of 2,Free Throw - 1 of 2,98,True,2,38.4,51,44,Phoenix Mercury,Chicago Sky,2491205.0,Skylar Diggins,,,,,-214748340,-214748365
2026-04-25,401866152332,Skylar Diggins misses free throw 2 of 2,Free Throw - 2 of 2,99,False,2,38.4,51,44,Phoenix Mercury,Chicago Sky,2491205.0,Skylar Diggins,,,,,-214748340,-214748365
2026-04-25,401866152333,Sky offensive team rebound,Offensive Rebound,156,False,2,37.0,51,44,Phoenix Mercury,Chicago Sky,,,,,,,-214748340,-214748365
2026-04-25,401866152335,Quionche Carter shooting foul,Shooting Foul,44,False,2,29.9,51,44,Phoenix Mercury,Chicago Sky,5107404.0,Quionche Carter,,,,,32,2
2026-04-25,401866152337,Rickea Jackson makes free throw 1 of 2,Free Throw - 1 of 2,98,True,2,29.9,51,45,Phoenix Mercury,Chicago Sky,4433630.0,Rickea Jackson,,,,,-214748340,-214748365
2026-04-25,401866152338,Rickea Jackson makes free throw 2 of 2,Free Throw - 2 of 2,99,True,2,29.9,51,46,Phoenix Mercury,Chicago Sky,4433630.0,Rickea Jackson,,,,,-214748340,-214748365
2026-04-25,401866152339,Ashten Prechtel makes 27-foot three point jumper (Lauren Jensen assists),Jump Shot,92,True,2,15.4,54,46,Phoenix Mercury,Chicago Sky,4433634.0,Ashten Prechtel,4597505.0,Lauren Jensen,,,41,22
2026-04-25,401866152341,Quionche Carter shooting foul,Shooting Foul,44,False,2,2.3,54,46,Phoenix Mercury,Chicago Sky,5107404.0,Quionche Carter,,,,,6,15
2026-04-25,401866152343,(00:02.3) [Sky] REF-INITIATED REVIEW (CALL OVERTURNED),Ref-Initiated Review (Overturned),279,False,2,2.3,54,46,Phoenix Mercury,Chicago Sky,,,,,,,-214748340,-214748365
2026-04-25,401866152344,Rickea Jackson makes free throw 1 of 3,Free Throw - 1 of 3,100,True,2,2.3,54,47,Phoenix Mercury,Chicago Sky,4433630.0,Rickea Jackson,,,,,-214748340,-214748365
2026-04-25,401866152345,Rickea Jackson makes free throw 2 of 3,Free Throw - 2 of 3,101,True,2,2.3,54,48,Phoenix Mercury,Chicago Sky,4433630.0,Rickea Jackson,,,,,-214748340,-214748365
2026-04-25,401866152346,Rickea Jackson makes free throw 3 of 3,Free Throw - 3 of 3,102,True,2,2.3,54,49,Phoenix Mercury,Chicago Sky,4433630.0,Rickea Jackson,,,,,-214748340,-214748365
2026-04-25,401866152347,Kiana Williams misses 50-foot three point jumper,Jump Shot,92,False,2,0.5,54,49,Phoenix Mercury,Chicago Sky,4282168.0,Kiana Williams,,,,,17,50
2026-04-25,401866152348,Mercury offensive team rebound,Offensive Rebound,156,False,2,0.1,54,49,Phoenix Mercury,Chicago Sky,,,,,,,33,34
2026-04-25,401866152349,End of the 2nd Quarter,End Period,412,False,2,0.0,54,49,Phoenix Mercury,Chicago Sky,,,,,,,-214748340,-214748365
2026-04-25,401866152350,Kara Dunn enters the game for Morgan Maly,Substitution,584,False,3,10:00,54,49,Phoenix Mercury,Chicago Sky,4698730.0,Kara Dunn,4599199.0,Morgan Maly,,,-214748340,-214748365
2026-04-25,401866152351,Jacy Sheldon enters the game for Skylar Diggins,Substitution,584,False,3,10:00,54,49,Phoenix Mercury,Chicago Sky,4432865.0,Jacy Sheldon,2491205.0,Skylar Diggins,,,-214748340,-214748365
2026-04-25,401866152352,Kamilla Cardoso enters the game for Gabriela Jaquez,Substitution,584,False,3,10:00,54,49,Phoenix Mercury,Chicago Sky,4433405.0,Kamilla Cardoso,4858656.0,Gabriela Jaquez,,,-214748340,-214748365
2026-04-25,401866152353,Aicha Coulibaly enters the game for Latasha Lattimore,Substitution,584,False,3,10:00,54,49,Phoenix Mercury,Chicago Sky,4433433.0,Aicha Coulibaly,4433517.0,Latasha Lattimore,,,-214748340,-214748365
2026-04-25,401866152359,Kamilla Cardoso makes running layup (Rachel Banham assists),Running Layup Shot,109,True,3,9:46,54,51,Phoenix Mercury,Chicago Sky,4433405.0,Kamilla Cardoso,2566186.0,Rachel Banham,,,25,2
2026-04-25,401866152361,Ashten Prechtel misses 23-foot three point jumper,Jump Shot,92,False,3,9:33,54,51,Phoenix Mercury,Chicago Sky,4433634.0,Ashten Prechtel,,,,,5,13
2026-04-25,401866152362,Rickea Jackson defensive rebound,Defensive Rebound,155,False,3,9:31,54,51,Phoenix Mercury,Chicago Sky,4433630.0,Rickea Jackson,,,,,5,13
2026-04-25,401866152363,Aicha Coulibaly makes driving layup (Kamilla Cardoso assists),Driving Layup Shot,110,True,3,9:21,54,53,Phoenix Mercury,Chicago Sky,4433433.0,Aicha Coulibaly,4433405.0,Kamilla Cardoso,,,23,2
2026-04-25,401866152365,Ashten Prechtel shooting foul,Shooting Foul,44,False,3,9:21,54,53,Phoenix Mercury,Chicago Sky,4433634.0,Ashten Prechtel,,,,,23,0
2026-04-25,401866152367,Aicha Coulibaly makes free throw 1 of 1,Free Throw - 1 of 1,97,True,3,9:21,54,54,Phoenix Mercury,Chicago Sky,4433433.0,Aicha Coulibaly,,,,,-214748340,-214748365
2026-04-25,401866152369,"Kiana Williams bad pass
turnover (Aicha Coulibaly steals)","Bad Pass
Turnover",62,False,3,9:05,54,54,Phoenix Mercury,Chicago Sky,4282168.0,Kiana Williams,4433433.0,Aicha Coulibaly,,,19,2
2026-04-25,401866152371,Ashten Prechtel shooting foul,Shooting Foul,44,False,3,8:54,54,54,Phoenix Mercury,Chicago Sky,4433634.0,Ashten Prechtel,,,,,29,4
2026-04-25,401866152373,Kamilla Cardoso makes free throw 1 of 2,Free Throw - 1 of 2,98,True,3,8:54,54,55,Phoenix Mercury,Chicago Sky,4433405.0,Kamilla Cardoso,,,,,-214748340,-214748365
2026-04-25,401866152374,Kamilla Cardoso makes free throw 2 of 2,Free Throw - 2 of 2,99,True,3,8:54,54,56,Phoenix Mercury,Chicago Sky,4433405.0,Kamilla Cardoso,,,,,-214748340,-214748365
2026-04-25,401866152375,Kiana Williams makes 22-foot three point jumper (Kara Dunn assists),Jump Shot,92,True,3,8:39,57,56,Phoenix Mercury,Chicago Sky,4282168.0,Kiana Williams,4698730.0,Kara Dunn,,,48,1
2026-04-25,401866152393,"Rachel Banham bad pass
turnover (Quionche Carter steals)","Bad Pass
Turnover",62,False,3,8:20,57,56,Phoenix Mercury,Chicago Sky,2566186.0,Rachel Banham,5107404.0,Quionche Carter,,,19,18
2026-04-25,401866152377,Kamilla Cardoso personal foul,Personal Foul,45,False,3,8:19,57,56,Phoenix Mercury,Chicago Sky,4433405.0,Kamilla Cardoso,,,,,19,5
2026-04-25,401866152380,Lauren Jensen makes driving layup (Ashten Prechtel assists),Driving Layup Shot,110,True,3,8:03,59,56,Phoenix Mercury,Chicago Sky,4597505.0,Lauren Jensen,4433634.0,Ashten Prechtel,,,24,1
2026-04-25,401866152382,Ashten Prechtel blocks Kamilla Cardoso 's 6-foot layup,Layup Shot,95,False,3,7:42,59,56,Phoenix Mercury,Chicago Sky,4433405.0,Kamilla Cardoso,4433634.0,Ashten Prechtel,,,27,5
2026-04-25,401866152384,Lauren Jensen defensive rebound,Defensive Rebound,155,False,3,7:39,59,56,Phoenix Mercury,Chicago Sky,4597505.0,Lauren Jensen,,,,,27,5
2026-04-25,401866152385,Kiana Williams makes 27-foot three point jumper (Lauren Jensen assists),Jump Shot,92,True,3,7:35,62,56,Phoenix Mercury,Chicago Sky,4282168.0,Kiana Williams,4597505.0,Lauren Jensen,,,40,23
2026-04-25,401866152387,Jacy Sheldon makes 6-foot floating jump shot (Rickea Jackson assists),Floating Jump Shot,130,True,3,7:12,62,58,Phoenix Mercury,Chicago Sky,4432865.0,Jacy Sheldon,4433630.0,Rickea Jackson,,,21,5
2026-04-25,401866152389,Lauren Jensen double dribble turnover,Double Dribble Turnover,65,False,3,7:05,62,58,Phoenix Mercury,Chicago Sky,4597505.0,Lauren Jensen,,,,,24,24
2026-04-25,401866152390,Rickea Jackson misses 26-foot three point jumper,Jump Shot,92,False,3,6:53,62,58,Phoenix Mercury,Chicago Sky,4433630.0,Rickea Jackson,,,,,2,14
2026-04-25,401866152391,Mercury defensive team rebound,Defensive Rebound,155,False,3,6:52,62,58,Phoenix Mercury,Chicago Sky,,,,,,,2,14
2026-04-25,401866152392,Kamilla Cardoso loose ball foul,Loose Ball Foul,43,False,3,6:52,62,58,Phoenix Mercury,Chicago Sky,4433405.0,Kamilla Cardoso,,,,,24,1
2026-04-25,401866152397,Sidney Cooks enters the game for Kamilla Cardoso,Substitution,584,False,3,6:52,62,58,Phoenix Mercury,Chicago Sky,4281245.0,Sidney Cooks,4433405.0,Kamilla Cardoso,,,-214748340,-214748365
2026-04-25,401866152433,Ashten Prechtel misses 25-foot three point jumper,Jump Shot,92,False,3,6:41,62,58,Phoenix Mercury,Chicago Sky,4433634.0,Ashten Prechtel,,,,,26,26
2026-04-25,401866152434,Kara Dunn offensive rebound,Offensive Rebound,156,False,3,6:38,62,58,Phoenix Mercury,Chicago Sky,4698730.0,Kara Dunn,,,,,26,26
2026-04-25,401866152399,Kiana Williams misses 23-foot three point jumper,Jump Shot,92,False,3,6:30,62,58,Phoenix Mercury,Chicago Sky,4282168.0,Kiana Williams,,,,,2,3
2026-04-25,401866152400,Sidney Cooks defensive rebound,Defensive Rebound,155,False,3,6:28,62,58,Phoenix Mercury,Chicago Sky,4281245.0,Sidney Cooks,,,,,2,3
2026-04-25,401866152401,Rickea Jackson out of bounds bad pass turnover,Out of Bounds - Bad Pass Turnover,90,False,3,6:24,62,58,Phoenix Mercury,Chicago Sky,4433630.0,Rickea Jackson,,,,,44,16
2026-04-25,401866152402,Aicha Coulibaly shooting foul,Shooting Foul,44,False,3,6:16,62,58,Phoenix Mercury,Chicago Sky,4433433.0,Aicha Coulibaly,,,,,23,2
2026-04-25,401866152404,Ashten Prechtel misses free throw 1 of 2,Free Throw - 1 of 2,98,False,3,6:16,62,58,Phoenix Mercury,Chicago Sky,4433634.0,Ashten Prechtel,,,,,-214748340,-214748365
2026-04-25,401866152405,Mercury offensive team rebound,Offensive Rebound,156,False,3,6:16,62,58,Phoenix Mercury,Chicago Sky,,,,,,,-214748340,-214748365
2026-04-25,401866152408,Ashten Prechtel misses free throw 2 of 2,Free Throw - 2 of 2,99,False,3,6:16,62,58,Phoenix Mercury,Chicago Sky,4433634.0,Ashten Prechtel,,,,,-214748340,-214748365
2026-04-25,401866152678,Morgan Maly enters the game for Quionche Carter,Substitution,584,False,3,6:16,62,58,Phoenix Mercury,Chicago Sky,4599199.0,Morgan Maly,5107404.0,Quionche Carter,,,-214748340,-214748365
2026-04-25,401866152409,Kara Dunn offensive rebound,Offensive Rebound,156,False,3,6:15,62,58,Phoenix Mercury,Chicago Sky,4698730.0,Kara Dunn,,,,,-214748340,-214748365
2026-04-25,401866152529,Kara Dunn lost ball turnover (Jacy Sheldon steals),Lost Ball Turnover,63,False,3,6:14,62,58,Phoenix Mercury,Chicago Sky,4698730.0,Kara Dunn,4432865.0,Jacy Sheldon,,,24,3
2026-04-25,401866152410,Ashten Prechtel shooting foul,Shooting Foul,44,False,3,6:09,62,58,Phoenix Mercury,Chicago Sky,4433634.0,Ashten Prechtel,,,,,28,2
2026-04-25,401866152412,Aicha Coulibaly makes free throw 1 of 2,Free Throw - 1 of 2,98,True,3,6:09,62,59,Phoenix Mercury,Chicago Sky,4433433.0,Aicha Coulibaly,,,,,-214748340,-214748365
2026-04-25,401866152413,Jillian Alleyne enters the game for Ashten Prechtel,Substitution,584,False,3,6:09,62,59,Phoenix Mercury,Chicago Sky,2984730.0,Jillian Alleyne,4433634.0,Ashten Prechtel,,,-214748340,-214748365
2026-04-25,401866152414,Hailey Van Lith enters the game for Jacy Sheldon,Substitution,584,False,3,6:09,62,59,Phoenix Mercury,Chicago Sky,4433412.0,Hailey Van Lith,4432865.0,Jacy Sheldon,,,-214748340,-214748365
2026-04-25,401866152417,Aicha Coulibaly makes free throw 2 of 2,Free Throw - 2 of 2,99,True,3,6:09,62,60,Phoenix Mercury,Chicago Sky,4433433.0,Aicha Coulibaly,,,,,-214748340,-214748365
2026-04-25,401866152418,Kara Dunn makes 22-foot three point jumper (Kiana Williams assists),Jump Shot,92,True,3,5:59,65,60,Phoenix Mercury,Chicago Sky,4698730.0,Kara Dunn,4282168.0,Kiana Williams,,,47,3
2026-04-25,401866152420,Sidney Cooks makes 19-foot jumper (Hailey Van Lith assists),Jump Shot,92,True,3,5:39,65,62,Phoenix Mercury,Chicago Sky,4281245.0,Sidney Cooks,4433412.0,Hailey Van Lith,,,24,19
2026-04-25,401866152422,Aicha Coulibaly shooting foul,Shooting Foul,44,False,3,5:13,65,62,Phoenix Mercury,Chicago Sky,4433433.0,Aicha Coulibaly,,,,,38,1
2026-04-25,401866152424,Kara Dunn makes free throw 1 of 2,Free Throw - 1 of 2,98,True,3,5:13,66,62,Phoenix Mercury,Chicago Sky,4698730.0,Kara Dunn,,,,,-214748340,-214748365
2026-04-25,401866152425,Sydney Taylor enters the game for Aicha Coulibaly,Substitution,584,False,3,5:13,66,62,Phoenix Mercury,Chicago Sky,4594786.0,Sydney Taylor,4433433.0,Aicha Coulibaly,,,-214748340,-214748365
2026-04-25,401866152426,Gabriela Jaquez enters the game for Rachel Banham,Substitution,584,False,3,5:13,66,62,Phoenix Mercury,Chicago Sky,4858656.0,Gabriela Jaquez,2566186.0,Rachel Banham,,,-214748340,-214748365
2026-04-25,401866152429,Kara Dunn makes free throw 2 of 2,Free Throw - 2 of 2,99,True,3,5:13,67,62,Phoenix Mercury,Chicago Sky,4698730.0,Kara Dunn,,,,,-214748340,-214748365
2026-04-25,401866152430,Rickea Jackson traveling turnover,Traveling,64,False,3,5:01,67,62,Phoenix Mercury,Chicago Sky,4433630.0,Rickea Jackson,,,,,40,21
2026-04-25,401866152431,Maggie Doogan enters the game for Lauren Jensen,Substitution,584,False,3,5:01,67,62,Phoenix Mercury,Chicago Sky,5107506.0,Maggie Doogan,4597505.0,Lauren Jensen,,,-214748340,-214748365
2026-04-25,401866152436,"Rickea Jackson defensive 3-seconds (technical foul)
",Defensive 3-Seconds Technical,29,False,3,4:45,67,62,Phoenix Mercury,Chicago Sky,4433630.0,Rickea Jackson,,,,,23,7
2026-04-25,401866152437,Mercury Full timeout,Full Timeout,16,False,3,4:45,67,62,Phoenix Mercury,Chicago Sky,,,,,,,-214748340,-214748365
2026-04-25,401866152438,Latasha Lattimore enters the game for Rickea Jackson,Substitution,584,False,3,4:45,67,62,Phoenix Mercury,Chicago Sky,4433517.0,Latasha Lattimore,4433630.0,Rickea Jackson,,,-214748340,-214748365
2026-04-25,401866152440,Kiana Williams makes technical free throw,Free Throw - Technical,103,True,3,4:45,68,62,Phoenix Mercury,Chicago Sky,4282168.0,Kiana Williams,,,,,-214748340,-214748365
2026-04-25,401866152441,Morgan Maly misses 23-foot three point jumper,Jump Shot,92,False,3,4:38,68,62,Phoenix Mercury,Chicago Sky,4599199.0,Morgan Maly,,,,,1,1
2026-04-25,401866152442,Mercury offensive team rebound,Offensive Rebound,156,False,3,4:36,68,62,Phoenix Mercury,Chicago Sky,,,,,,,1,1
2026-04-25,401866152444,Kiana Williams makes 23-foot three point jumper (Morgan Maly assists),Jump Shot,92,True,3,4:26,71,62,Phoenix Mercury,Chicago Sky,4282168.0,Kiana Williams,4599199.0,Morgan Maly,,,2,2
2026-04-25,401866152446,Sidney Cooks misses 26-foot three point jumper,Jump Shot,92,False,3,4:08,71,62,Phoenix Mercury,Chicago Sky,4281245.0,Sidney Cooks,,,,,25,27
2026-04-25,401866152447,Kiana Williams defensive rebound,Defensive Rebound,155,False,3,4:04,71,62,Phoenix Mercury,Chicago Sky,4282168.0,Kiana Williams,,,,,25,27
2026-04-25,401866152448,Kara Dunn makes 25-foot three point step back jumpshot (Jillian Alleyne assists),Step Back Jump Shot,132,True,3,3:50,74,62,Phoenix Mercury,Chicago Sky,4698730.0,Kara Dunn,2984730.0,Jillian Alleyne,,,42,19
2026-04-25,401866152450,Kiana Williams personal foul,Personal Foul,45,False,3,3:35,74,62,Phoenix Mercury,Chicago Sky,4282168.0,Kiana Williams,,,,,44,17
2026-04-25,401866152452,Shay Ciezki enters the game for Kara Dunn,Substitution,584,False,3,3:35,74,62,Phoenix Mercury,Chicago Sky,4688629.0,Shay Ciezki,4698730.0,Kara Dunn,,,-214748340,-214748365
2026-04-25,401866152453,Aisha Sheppard enters the game for Kiana Williams,Substitution,584,False,3,3:35,74,62,Phoenix Mercury,Chicago Sky,4281223.0,Aisha Sheppard,4282168.0,Kiana Williams,,,-214748340,-214748365
2026-04-25,401866152456,Hailey Van Lith makes 10-foot fade away jump shot,Fade Away Jump Shot,121,True,3,3:27,74,64,Phoenix Mercury,Chicago Sky,4433412.0,Hailey Van Lith,,,,,18,8
2026-04-25,401866152457,Aisha Sheppard out of bounds lost ball turnover,Out of Bounds - Lost Ball Turnover,87,False,3,3:19,74,64,Phoenix Mercury,Chicago Sky,4281223.0,Aisha Sheppard,,,,,42,27
2026-04-25,401866152458,Sydney Taylor makes driving layup (Hailey Van Lith assists),Driving Layup Shot,110,True,3,3:12,74,66,Phoenix Mercury,Chicago Sky,4594786.0,Sydney Taylor,4433412.0,Hailey Van Lith,,,27,1
2026-04-25,401866152460,Morgan Maly misses 26-foot three point jumper,Jump Shot,92,False,3,2:58,74,66,Phoenix Mercury,Chicago Sky,4599199.0,Morgan Maly,,,,,43,19
2026-04-25,401866152461,Jillian Alleyne offensive rebound,Offensive Rebound,156,False,3,2:54,74,66,Phoenix Mercury,Chicago Sky,2984730.0,Jillian Alleyne,,,,,43,19
2026-04-25,401866152462,Jillian Alleyne makes two point shot,Layup Shot Putback,125,True,3,2:53,76,66,Phoenix Mercury,Chicago Sky,2984730.0,Jillian Alleyne,,,,,24,0
2026-04-25,401866152463,Hailey Van Lith makes layup (Sydney Taylor assists),Layup Shot,95,True,3,2:39,76,68,Phoenix Mercury,Chicago Sky,4433412.0,Hailey Van Lith,4594786.0,Sydney Taylor,,,14,7
2026-04-25,401866152465,Jillian Alleyne traveling turnover,Traveling,64,False,3,2:15,76,68,Phoenix Mercury,Chicago Sky,2984730.0,Jillian Alleyne,,,,,20,4
2026-04-25,401866152466,Jordan Hobbs enters the game for Latasha Lattimore,Substitution,584,False,3,2:15,76,68,Phoenix Mercury,Chicago Sky,4898392.0,Jordan Hobbs,4433517.0,Latasha Lattimore,,,-214748340,-214748365
2026-04-25,401866152467,Megan Nestor enters the game for Sidney Cooks,Substitution,584,False,3,2:15,76,68,Phoenix Mercury,Chicago Sky,5315047.0,Megan Nestor,4281245.0,Sidney Cooks,,,-214748340,-214748365
2026-04-25,401866152470,Gabriela Jaquez misses 24-foot three point jumper,Jump Shot,92,False,3,2:01,76,68,Phoenix Mercury,Chicago Sky,4858656.0,Gabriela Jaquez,,,,,2,7
2026-04-25,401866152471,Aisha Sheppard defensive rebound,Defensive Rebound,155,False,3,1:57,76,68,Phoenix Mercury,Chicago Sky,4281223.0,Aisha Sheppard,,,,,2,7
2026-04-25,401866152473,Shay Ciezki offensive foul,Offensive Foul,42,False,3,1:48,76,68,Phoenix Mercury,Chicago Sky,4688629.0,Shay Ciezki,,,,,11,21
2026-04-25,401866152475,Shay Ciezki offensive foul turnover,Offensive Foul Turnover,84,False,3,1:48,76,68,Phoenix Mercury,Chicago Sky,4688629.0,Shay Ciezki,,,,,11,21
2026-04-25,401866152476,Sydney Taylor makes 26-foot three point jumper (Hailey Van Lith assists),Jump Shot,92,True,3,1:33,76,71,Phoenix Mercury,Chicago Sky,4594786.0,Sydney Taylor,4433412.0,Hailey Van Lith,,,6,18
2026-04-25,401866152479,Shay Ciezki makes driving layup (Jillian Alleyne assists),Driving Layup Shot,110,True,3,1:09,78,71,Phoenix Mercury,Chicago Sky,4688629.0,Shay Ciezki,2984730.0,Jillian Alleyne,,,24,2
2026-04-25,401866152481,Hailey Van Lith makes 17-foot pullup jump shot,Pullup Jump Shot,131,True,3,48.6,78,73,Phoenix Mercury,Chicago Sky,4433412.0,Hailey Van Lith,,,,,18,16
2026-04-25,401866152482,Morgan Maly misses 10-foot jumper,Jump Shot,92,False,3,36.3,78,73,Phoenix Mercury,Chicago Sky,4599199.0,Morgan Maly,,,,,24,10
2026-04-25,401866152483,Hailey Van Lith defensive rebound,Defensive Rebound,155,False,3,32.2,78,73,Phoenix Mercury,Chicago Sky,4433412.0,Hailey Van Lith,,,,,24,10
2026-04-25,401866152484,Megan Nestor makes layup (Sydney Taylor assists),Layup Shot,95,True,3,30.1,78,75,Phoenix Mercury,Chicago Sky,5315047.0,Megan Nestor,4594786.0,Sydney Taylor,,,24,0
2026-04-25,401866152486,Jillian Alleyne makes driving layup (Shay Ciezki assists),Driving Layup Shot,110,True,3,8.7,80,75,Phoenix Mercury,Chicago Sky,2984730.0,Jillian Alleyne,4688629.0,Shay Ciezki,,,24,1
2026-04-25,401866152488,Sydney Taylor shooting foul,Shooting Foul,44,False,3,8.7,80,75,Phoenix Mercury,Chicago Sky,4594786.0,Sydney Taylor,,,,,23,3
2026-04-25,401866152490,Jillian Alleyne makes free throw 1 of 1,Free Throw - 1 of 1,97,True,3,8.7,81,75,Phoenix Mercury,Chicago Sky,2984730.0,Jillian Alleyne,,,,,-214748340,-214748365
2026-04-25,401866152491,Hailey Van Lith makes 19-foot jumper,Jump Shot,92,True,3,0.3,81,77,Phoenix Mercury,Chicago Sky,4433412.0,Hailey Van Lith,,,,,44,5
2026-04-25,401866152492,(00:00) [Sky] REF-INITIATED REVIEW (CALL OVERTURNED),Ref-Initiated Review (Overturned),279,False,3,0.0,81,77,Phoenix Mercury,Chicago Sky,,,,,,,-214748340,-214748365
2026-04-25,401866152493,End of the 3rd Quarter,End Period,412,False,3,0.0,81,77,Phoenix Mercury,Chicago Sky,,,,,,,-214748340,-214748365
2026-04-25,401866152494,Kara Dunn enters the game for Morgan Maly,Substitution,584,False,4,10:00,81,77,Phoenix Mercury,Chicago Sky,4698730.0,Kara Dunn,4599199.0,Morgan Maly,,,-214748340,-214748365
2026-04-25,401866152495,Quionche Carter enters the game for Maggie Doogan,Substitution,584,False,4,10:00,81,77,Phoenix Mercury,Chicago Sky,5107404.0,Quionche Carter,5107506.0,Maggie Doogan,,,-214748340,-214748365
2026-04-25,401866152496,Tonie Morgan enters the game for Gabriela Jaquez,Substitution,584,False,4,10:00,81,77,Phoenix Mercury,Chicago Sky,4565515.0,Tonie Morgan,4858656.0,Gabriela Jaquez,,,-214748340,-214748365
2026-04-25,401866152501,Shay Ciezki misses 24-foot three point jumper,Jump Shot,92,False,4,9:45,81,77,Phoenix Mercury,Chicago Sky,4688629.0,Shay Ciezki,,,,,14,22
2026-04-25,401866152502,Quionche Carter offensive rebound,Offensive Rebound,156,False,4,9:42,81,77,Phoenix Mercury,Chicago Sky,5107404.0,Quionche Carter,,,,,14,22
2026-04-25,401866152503,Megan Nestor shooting foul,Shooting Foul,44,False,4,9:42,81,77,Phoenix Mercury,Chicago Sky,5315047.0,Megan Nestor,,,,,32,3
2026-04-25,401866152505,Quionche Carter makes free throw 1 of 2,Free Throw - 1 of 2,98,True,4,9:42,82,77,Phoenix Mercury,Chicago Sky,5107404.0,Quionche Carter,,,,,-214748340,-214748365
2026-04-25,401866152506,Quionche Carter makes free throw 2 of 2,Free Throw - 2 of 2,99,True,4,9:42,83,77,Phoenix Mercury,Chicago Sky,5107404.0,Quionche Carter,,,,,-214748340,-214748365
2026-04-25,401866152507,Hailey Van Lith makes 25-foot three point jumper (Sydney Taylor assists),Jump Shot,92,True,4,9:28,83,80,Phoenix Mercury,Chicago Sky,4433412.0,Hailey Van Lith,4594786.0,Sydney Taylor,,,2,11
2026-04-25,401866152509,Aisha Sheppard makes driving layup (Shay Ciezki assists),Driving Layup Shot,110,True,4,9:09,85,80,Phoenix Mercury,Chicago Sky,4281223.0,Aisha Sheppard,4688629.0,Shay Ciezki,,,34,1
2026-04-25,401866152511,Megan Nestor shooting foul,Shooting Foul,44,False,4,9:09,85,80,Phoenix Mercury,Chicago Sky,5315047.0,Megan Nestor,,,,,33,2
2026-04-25,401866152513,Aisha Sheppard makes free throw 1 of 1,Free Throw - 1 of 1,97,True,4,9:09,86,80,Phoenix Mercury,Chicago Sky,4281223.0,Aisha Sheppard,,,,,-214748340,-214748365
2026-04-25,401866152514,Hailey Van Lith makes 13-foot running pullup jump shot (Sydney Taylor assists),Running Pullup Jump Shot,146,True,4,8:59,86,82,Phoenix Mercury,Chicago Sky,4433412.0,Hailey Van Lith,4594786.0,Sydney Taylor,,,12,4
2026-04-25,401866152516,Kara Dunn makes 24-foot jump bank shot (Jillian Alleyne assists),Jump Shot Bank,122,True,4,8:39,89,82,Phoenix Mercury,Chicago Sky,4698730.0,Kara Dunn,2984730.0,Jillian Alleyne,,,11,19
2026-04-25,401866152518,Tonie Morgan out of bounds bad pass turnover,Out of Bounds - Bad Pass Turnover,90,False,4,8:20,89,82,Phoenix Mercury,Chicago Sky,4565515.0,Tonie Morgan,,,,,26,14
2026-04-25,401866152519,Aisha Sheppard misses 26-foot three point jumper,Jump Shot,92,False,4,8:04,89,82,Phoenix Mercury,Chicago Sky,4281223.0,Aisha Sheppard,,,,,32,25
2026-04-25,401866152520,Tonie Morgan defensive rebound,Defensive Rebound,155,False,4,7:59,89,82,Phoenix Mercury,Chicago Sky,4565515.0,Tonie Morgan,,,,,32,25
2026-04-25,401866152521,Aisha Sheppard shooting foul,Shooting Foul,44,False,4,7:57,89,82,Phoenix Mercury,Chicago Sky,4281223.0,Aisha Sheppard,,,,,29,3
2026-04-25,401866152523,Sydney Taylor makes free throw 1 of 2,Free Throw - 1 of 2,98,True,4,7:57,89,83,Phoenix Mercury,Chicago Sky,4594786.0,Sydney Taylor,,,,,-214748340,-214748365
2026-04-25,401866152524,Sydney Taylor misses free throw 2 of 2,Free Throw - 2 of 2,99,False,4,7:57,89,83,Phoenix Mercury,Chicago Sky,4594786.0,Sydney Taylor,,,,,-214748340,-214748365
2026-04-25,401866152525,Sydney Taylor offensive rebound,Offensive Rebound,156,False,4,7:55,89,83,Phoenix Mercury,Chicago Sky,4594786.0,Sydney Taylor,,,,,-214748340,-214748365
2026-04-25,401866152526,Jillian Alleyne shooting foul,Shooting Foul,44,False,4,7:55,89,83,Phoenix Mercury,Chicago Sky,2984730.0,Jillian Alleyne,,,,,16,5
2026-04-25,401866152528,Mercury Full timeout,Full Timeout,16,False,4,7:55,89,83,Phoenix Mercury,Chicago Sky,,,,,,,-214748340,-214748365
2026-04-25,401866152531,Hailey Van Lith makes free throw 1 of 2,Free Throw - 1 of 2,98,True,4,7:55,89,84,Phoenix Mercury,Chicago Sky,4433412.0,Hailey Van Lith,,,,,-214748340,-214748365
2026-04-25,401866152532,Hailey Van Lith makes free throw 2 of 2,Free Throw - 2 of 2,99,True,4,7:55,89,85,Phoenix Mercury,Chicago Sky,4433412.0,Hailey Van Lith,,,,,-214748340,-214748365
2026-04-25,401866152533,Kara Dunn makes 21-foot jumper (Shay Ciezki assists),Jump Shot,92,True,4,7:31,91,85,Phoenix Mercury,Chicago Sky,4698730.0,Kara Dunn,4688629.0,Shay Ciezki,,,16,20
2026-04-25,401866152535,Hailey Van Lith makes layup,Layup Shot,95,True,4,7:12,91,87,Phoenix Mercury,Chicago Sky,4433412.0,Hailey Van Lith,,,,,28,5
2026-04-25,401866152536,Quionche Carter shooting foul,Shooting Foul,44,False,4,7:12,91,87,Phoenix Mercury,Chicago Sky,5107404.0,Quionche Carter,,,,,28,5
2026-04-25,401866152538,Kiana Williams enters the game for Aisha Sheppard,Substitution,584,False,4,7:12,91,87,Phoenix Mercury,Chicago Sky,4282168.0,Kiana Williams,4281223.0,Aisha Sheppard,,,-214748340,-214748365
2026-04-25,401866152540,Hailey Van Lith misses free throw 1 of 1,Free Throw - 1 of 1,97,False,4,7:12,91,87,Phoenix Mercury,Chicago Sky,4433412.0,Hailey Van Lith,,,,,-214748340,-214748365
2026-04-25,401866152541,Quionche Carter defensive rebound,Defensive Rebound,155,False,4,7:08,91,87,Phoenix Mercury,Chicago Sky,5107404.0,Quionche Carter,,,,,-214748340,-214748365
2026-04-25,401866152542,"Jillian Alleyne bad pass
turnover (Megan Nestor steals)","Bad Pass
Turnover",62,False,4,6:52,91,87,Phoenix Mercury,Chicago Sky,2984730.0,Jillian Alleyne,5315047.0,Megan Nestor,,,32,6
2026-04-25,401866152544,Sydney Taylor misses layup,Layup Shot,95,False,4,6:46,91,87,Phoenix Mercury,Chicago Sky,4594786.0,Sydney Taylor,,,,,11,8
2026-04-25,401866152545,Mercury defensive team rebound,Defensive Rebound,155,False,4,6:45,91,87,Phoenix Mercury,Chicago Sky,,,,,,,11,8
2026-04-25,401866152546,Jordan Hobbs loose ball foul,Loose Ball Foul,43,False,4,6:45,91,87,Phoenix Mercury,Chicago Sky,4898392.0,Jordan Hobbs,,,,,38,6
2026-04-25,401866152548,Morgan Maly enters the game for Kara Dunn,Substitution,584,False,4,6:45,91,87,Phoenix Mercury,Chicago Sky,4599199.0,Morgan Maly,4698730.0,Kara Dunn,,,-214748340,-214748365
2026-04-25,401866152549,Gabriela Jaquez enters the game for Sydney Taylor,Substitution,584,False,4,6:45,91,87,Phoenix Mercury,Chicago Sky,4858656.0,Gabriela Jaquez,4594786.0,Sydney Taylor,,,-214748340,-214748365
2026-04-25,401866152552,Jillian Alleyne makes 1-foot jump bank shot,Jump Shot Bank,122,True,4,6:21,93,87,Phoenix Mercury,Chicago Sky,2984730.0,Jillian Alleyne,,,,,25,2
2026-04-25,401866152554,Megan Nestor shooting foul,Shooting Foul,44,False,4,6:21,93,87,Phoenix Mercury,Chicago Sky,5315047.0,Megan Nestor,,,,,25,2
2026-04-25,401866152556,Jillian Alleyne makes free throw 1 of 1,Free Throw - 1 of 1,97,True,4,6:21,94,87,Phoenix Mercury,Chicago Sky,2984730.0,Jillian Alleyne,,,,,-214748340,-214748365
2026-04-25,401866152557,"Jillian Alleyne defensive 3-seconds (technical foul)
",Defensive 3-Seconds Technical,29,False,4,6:13,94,87,Phoenix Mercury,Chicago Sky,2984730.0,Jillian Alleyne,,,,,25,5
2026-04-25,401866152558,Hailey Van Lith makes technical free throw,Free Throw - Technical,103,True,4,6:13,94,88,Phoenix Mercury,Chicago Sky,4433412.0,Hailey Van Lith,,,,,-214748340,-214748365
2026-04-25,401866152559,Ashten Prechtel enters the game for Jillian Alleyne,Substitution,584,False,4,6:13,94,88,Phoenix Mercury,Chicago Sky,4433634.0,Ashten Prechtel,2984730.0,Jillian Alleyne,,,-214748340,-214748365
2026-04-25,401866152561,Megan Nestor misses 8-foot jumper,Jump Shot,92,False,4,6:05,94,88,Phoenix Mercury,Chicago Sky,5315047.0,Megan Nestor,,,,,18,4
2026-04-25,401866152562,Ashten Prechtel defensive rebound,Defensive Rebound,155,False,4,6:02,94,88,Phoenix Mercury,Chicago Sky,4433634.0,Ashten Prechtel,,,,,18,4
2026-04-25,401866152563,Quionche Carter makes 25-foot three point jumper (Shay Ciezki assists),Jump Shot,92,True,4,5:50,97,88,Phoenix Mercury,Chicago Sky,5107404.0,Quionche Carter,4688629.0,Shay Ciezki,,,38,21
2026-04-25,401866152566,Hailey Van Lith makes 12-foot two point shot,Turnaround Fade Away Jump Shot,137,True,4,5:30,97,90,Phoenix Mercury,Chicago Sky,4433412.0,Hailey Van Lith,,,,,12,2
2026-04-25,401866152567,Megan Nestor shooting foul,Shooting Foul,44,False,4,5:24,97,90,Phoenix Mercury,Chicago Sky,5315047.0,Megan Nestor,,,,,25,1
2026-04-25,401866152569,Ashten Prechtel misses free throw 1 of 2,Free Throw - 1 of 2,98,False,4,5:24,97,90,Phoenix Mercury,Chicago Sky,4433634.0,Ashten Prechtel,,,,,-214748340,-214748365
2026-04-25,401866152570,Mercury offensive team rebound,Offensive Rebound,156,False,4,5:24,97,90,Phoenix Mercury,Chicago Sky,,,,,,,-214748340,-214748365
2026-04-25,401866152571,Maggie Doogan enters the game for Shay Ciezki,Substitution,584,False,4,5:24,97,90,Phoenix Mercury,Chicago Sky,5107506.0,Maggie Doogan,4688629.0,Shay Ciezki,,,-214748340,-214748365
2026-04-25,401866152572,Lauren Jensen enters the game for Quionche Carter,Substitution,584,False,4,5:24,97,90,Phoenix Mercury,Chicago Sky,4597505.0,Lauren Jensen,5107404.0,Quionche Carter,,,-214748340,-214748365
2026-04-25,401866152573,Sidney Cooks enters the game for Megan Nestor,Substitution,584,False,4,5:24,97,90,Phoenix Mercury,Chicago Sky,4281245.0,Sidney Cooks,5315047.0,Megan Nestor,,,-214748340,-214748365
2026-04-25,401866152577,Ashten Prechtel makes free throw 2 of 2,Free Throw - 2 of 2,99,True,4,5:24,98,90,Phoenix Mercury,Chicago Sky,4433634.0,Ashten Prechtel,,,,,-214748340,-214748365
2026-04-25,401866152578,Gabriela Jaquez makes 13-foot turnaround jump shot (Tonie Morgan assists),Turnaround Jump Shot,114,True,4,5:13,98,92,Phoenix Mercury,Chicago Sky,4858656.0,Gabriela Jaquez,4565515.0,Tonie Morgan,,,16,9
2026-04-25,401866152579,Hailey Van Lith personal foul,Personal Foul,45,False,4,5:02,98,92,Phoenix Mercury,Chicago Sky,4433412.0,Hailey Van Lith,,,,,3,17
2026-04-25,401866152581,Maggie Doogan makes free throw 1 of 2,Free Throw - 1 of 2,98,True,4,5:02,99,92,Phoenix Mercury,Chicago Sky,5107506.0,Maggie Doogan,,,,,-214748340,-214748365
2026-04-25,401866152582,Sydney Taylor enters the game for Hailey Van Lith,Substitution,584,False,4,5:02,99,92,Phoenix Mercury,Chicago Sky,4594786.0,Sydney Taylor,4433412.0,Hailey Van Lith,,,-214748340,-214748365
2026-04-25,401866152584,Maggie Doogan makes free throw 2 of 2,Free Throw - 2 of 2,99,True,4,5:02,100,92,Phoenix Mercury,Chicago Sky,5107506.0,Maggie Doogan,,,,,-214748340,-214748365
2026-04-25,401866152586,"Sydney Taylor bad pass
turnover (Morgan Maly steals)","Bad Pass
Turnover",62,False,4,4:51,100,92,Phoenix Mercury,Chicago Sky,4594786.0,Sydney Taylor,4599199.0,Morgan Maly,,,44,33
2026-04-25,401866152588,Kiana Williams misses 23-foot three point jumper,Jump Shot,92,False,4,4:45,100,92,Phoenix Mercury,Chicago Sky,4282168.0,Kiana Williams,,,,,2,4
2026-04-25,401866152589,Sydney Taylor defensive rebound,Defensive Rebound,155,False,4,4:41,100,92,Phoenix Mercury,Chicago Sky,4594786.0,Sydney Taylor,,,,,2,4
2026-04-25,401866152590,Gabriela Jaquez makes layup (Sydney Taylor assists),Layup Shot,95,True,4,4:39,100,94,Phoenix Mercury,Chicago Sky,4858656.0,Gabriela Jaquez,4594786.0,Sydney Taylor,,,25,0
2026-04-25,401866152592,Ashten Prechtel misses 24-foot three point jumper,Jump Shot,92,False,4,4:26,100,94,Phoenix Mercury,Chicago Sky,4433634.0,Ashten Prechtel,,,,,48,8
2026-04-25,401866152593,Sky defensive team rebound,Defensive Rebound,155,False,4,4:26,100,94,Phoenix Mercury,Chicago Sky,,,,,,,48,8
2026-04-25,401866152594,Jordan Hobbs misses 10-foot turnaround jump shot,Turnaround Jump Shot,114,False,4,4:05,100,94,Phoenix Mercury,Chicago Sky,4898392.0,Jordan Hobbs,,,,,28,10
2026-04-25,401866152595,Ashten Prechtel defensive rebound,Defensive Rebound,155,False,4,4:01,100,94,Phoenix Mercury,Chicago Sky,4433634.0,Ashten Prechtel,,,,,28,10
2026-04-25,401866152596,Sidney Cooks blocks Lauren Jensen 's 5-foot driving layup,Driving Layup Shot,110,False,4,3:49,100,94,Phoenix Mercury,Chicago Sky,4597505.0,Lauren Jensen,4281245.0,Sidney Cooks,,,28,5
2026-04-25,401866152598,Gabriela Jaquez defensive rebound,Defensive Rebound,155,False,4,3:45,100,94,Phoenix Mercury,Chicago Sky,4858656.0,Gabriela Jaquez,,,,,28,5
2026-04-25,401866152599,Sydney Taylor misses layup,Layup Shot,95,False,4,3:41,100,94,Phoenix Mercury,Chicago Sky,4594786.0,Sydney Taylor,,,,,26,-1
2026-04-25,401866152600,Jordan Hobbs offensive rebound,Offensive Rebound,156,False,4,3:38,100,94,Phoenix Mercury,Chicago Sky,4898392.0,Jordan Hobbs,,,,,26,-1
2026-04-25,401866152601,Sydney Taylor misses 24-foot three point jumper,Jump Shot,92,False,4,3:36,100,94,Phoenix Mercury,Chicago Sky,4594786.0,Sydney Taylor,,,,,44,15
2026-04-25,401866152602,Jordan Hobbs offensive rebound,Offensive Rebound,156,False,4,3:32,100,94,Phoenix Mercury,Chicago Sky,4898392.0,Jordan Hobbs,,,,,44,15
2026-04-25,401866152603,"Sidney Cooks bad pass
turnover (Kiana Williams steals)","Bad Pass
Turnover",62,False,4,3:25,100,94,Phoenix Mercury,Chicago Sky,4281245.0,Sidney Cooks,4282168.0,Kiana Williams,,,28,16
2026-04-25,401866152605,Kiana Williams makes layup,Layup Shot,95,True,4,3:21,102,94,Phoenix Mercury,Chicago Sky,4282168.0,Kiana Williams,,,,,24,1
2026-04-25,401866152606,Gabriela Jaquez misses layup,Layup Shot,95,False,4,3:02,102,94,Phoenix Mercury,Chicago Sky,4858656.0,Gabriela Jaquez,,,,,34,5
2026-04-25,401866152607,Morgan Maly defensive rebound,Defensive Rebound,155,False,4,2:59,102,94,Phoenix Mercury,Chicago Sky,4599199.0,Morgan Maly,,,,,34,5
2026-04-25,401866152608,Sydney Taylor personal foul,Personal Foul,45,False,4,2:49,102,94,Phoenix Mercury,Chicago Sky,4594786.0,Sydney Taylor,,,,,24,10
2026-04-25,401866152610,Sky Full timeout,Full Timeout,16,False,4,2:49,102,94,Phoenix Mercury,Chicago Sky,,,,,,,-214748340,-214748365
2026-04-25,401866152611,Kara Dunn enters the game for Morgan Maly,Substitution,584,False,4,2:49,102,94,Phoenix Mercury,Chicago Sky,4698730.0,Kara Dunn,4599199.0,Morgan Maly,,,-214748340,-214748365
2026-04-25,401866152612,Quionche Carter enters the game for Maggie Doogan,Substitution,584,False,4,2:49,102,94,Phoenix Mercury,Chicago Sky,5107404.0,Quionche Carter,5107506.0,Maggie Doogan,,,-214748340,-214748365
2026-04-25,401866152613,Megan Nestor enters the game for Sydney Taylor,Substitution,584,False,4,2:49,102,94,Phoenix Mercury,Chicago Sky,5315047.0,Megan Nestor,4594786.0,Sydney Taylor,,,-214748340,-214748365
2026-04-25,401866152617,Lauren Jensen makes free throw 1 of 2,Free Throw - 1 of 2,98,True,4,2:49,103,94,Phoenix Mercury,Chicago Sky,4597505.0,Lauren Jensen,,,,,-214748340,-214748365
2026-04-25,401866152618,Lauren Jensen makes free throw 2 of 2,Free Throw - 2 of 2,99,True,4,2:49,104,94,Phoenix Mercury,Chicago Sky,4597505.0,Lauren Jensen,,,,,-214748340,-214748365
2026-04-25,401866152619,Lauren Jensen shooting foul,Shooting Foul,44,False,4,2:37,104,94,Phoenix Mercury,Chicago Sky,4597505.0,Lauren Jensen,,,,,21,3
2026-04-25,401866152621,Gabriela Jaquez makes free throw 1 of 2,Free Throw - 1 of 2,98,True,4,2:37,104,95,Phoenix Mercury,Chicago Sky,4858656.0,Gabriela Jaquez,,,,,-214748340,-214748365
2026-04-25,401866152622,Gabriela Jaquez makes free throw 2 of 2,Free Throw - 2 of 2,99,True,4,2:37,104,96,Phoenix Mercury,Chicago Sky,4858656.0,Gabriela Jaquez,,,,,-214748340,-214748365
2026-04-25,401866152623,Lauren Jensen misses 26-foot three point jumper,Jump Shot,92,False,4,2:23,104,96,Phoenix Mercury,Chicago Sky,4597505.0,Lauren Jensen,,,,,27,26
2026-04-25,401866152624,Sky defensive team rebound,Defensive Rebound,155,False,4,2:21,104,96,Phoenix Mercury,Chicago Sky,,,,,,,27,26
2026-04-25,401866152625,Tonie Morgan misses layup,Layup Shot,95,False,4,2:03,104,96,Phoenix Mercury,Chicago Sky,4565515.0,Tonie Morgan,,,,,27,6
2026-04-25,401866152626,Jordan Hobbs offensive rebound,Offensive Rebound,156,False,4,1:59,104,96,Phoenix Mercury,Chicago Sky,4898392.0,Jordan Hobbs,,,,,27,6
2026-04-25,401866152627,Kara Dunn shooting foul,Shooting Foul,44,False,4,1:52,104,96,Phoenix Mercury,Chicago Sky,4698730.0,Kara Dunn,,,,,21,5
2026-04-25,401866152629,Gabriela Jaquez makes free throw 1 of 2,Free Throw - 1 of 2,98,True,4,1:52,104,97,Phoenix Mercury,Chicago Sky,4858656.0,Gabriela Jaquez,,,,,-214748340,-214748365
2026-04-25,401866152630,Gabriela Jaquez makes free throw 2 of 2,Free Throw - 2 of 2,99,True,4,1:52,104,98,Phoenix Mercury,Chicago Sky,4858656.0,Gabriela Jaquez,,,,,-214748340,-214748365
2026-04-25,401866152631,Lauren Jensen misses 24-foot three point jumper,Jump Shot,92,False,4,1:39,104,98,Phoenix Mercury,Chicago Sky,4597505.0,Lauren Jensen,,,,,15,22
2026-04-25,401866152632,Megan Nestor defensive rebound,Defensive Rebound,155,False,4,1:35,104,98,Phoenix Mercury,Chicago Sky,5315047.0,Megan Nestor,,,,,15,22
2026-04-25,401866152633,Gabriela Jaquez misses 25-foot three point jumper,Jump Shot,92,False,4,1:22,104,98,Phoenix Mercury,Chicago Sky,4858656.0,Gabriela Jaquez,,,,,36,23
2026-04-25,401866152634,Sky offensive team rebound,Offensive Rebound,156,False,4,1:18,104,98,Phoenix Mercury,Chicago Sky,,,,,,,36,23
2026-04-25,401866152635,Ashten Prechtel loose ball foul,Loose Ball Foul,43,False,4,1:18,104,98,Phoenix Mercury,Chicago Sky,4433634.0,Ashten Prechtel,,,,,24,6
2026-04-25,401866152638,Jillian Alleyne enters the game for Ashten Prechtel,Substitution,584,False,4,1:18,104,98,Phoenix Mercury,Chicago Sky,2984730.0,Jillian Alleyne,4433634.0,Ashten Prechtel,,,-214748340,-214748365
2026-04-25,401866152640,Megan Nestor makes free throw 1 of 2,Free Throw - 1 of 2,98,True,4,1:18,104,99,Phoenix Mercury,Chicago Sky,5315047.0,Megan Nestor,,,,,-214748340,-214748365
2026-04-25,401866152641,Megan Nestor makes free throw 2 of 2,Free Throw - 2 of 2,99,True,4,1:18,104,100,Phoenix Mercury,Chicago Sky,5315047.0,Megan Nestor,,,,,-214748340,-214748365
2026-04-25,401866152642,Kiana Williams out of bounds lost ball turnover,Out of Bounds - Lost Ball Turnover,87,False,4,1:06,104,100,Phoenix Mercury,Chicago Sky,4282168.0,Kiana Williams,,,,,19,30
2026-04-25,401866152643,Jillian Alleyne blocks Gabriela Jaquez 's 7-foot layup,Layup Shot,95,False,4,54.2,104,100,Phoenix Mercury,Chicago Sky,4858656.0,Gabriela Jaquez,2984730.0,Jillian Alleyne,,,21,6
2026-04-25,401866152645,Jillian Alleyne defensive rebound,Defensive Rebound,155,False,4,48.9,104,100,Phoenix Mercury,Chicago Sky,2984730.0,Jillian Alleyne,,,,,21,6
2026-04-25,401866152646,Jordan Hobbs shooting foul,Shooting Foul,44,False,4,32.6,104,100,Phoenix Mercury,Chicago Sky,4898392.0,Jordan Hobbs,,,,,21,3
2026-04-25,401866152648,Kiana Williams makes free throw 1 of 2,Free Throw - 1 of 2,98,True,4,32.6,105,100,Phoenix Mercury,Chicago Sky,4282168.0,Kiana Williams,,,,,-214748340,-214748365
2026-04-25,401866152649,Kiana Williams misses free throw 2 of 2,Free Throw - 2 of 2,99,False,4,32.6,105,100,Phoenix Mercury,Chicago Sky,4282168.0,Kiana Williams,,,,,-214748340,-214748365
2026-04-25,401866152650,Tonie Morgan defensive rebound,Defensive Rebound,155,False,4,32.0,105,100,Phoenix Mercury,Chicago Sky,4565515.0,Tonie Morgan,,,,,-214748340,-214748365
2026-04-25,401866152651,Sky Full timeout,Full Timeout,16,False,4,32.0,105,100,Phoenix Mercury,Chicago Sky,,,,,,,-214748340,-214748365
2026-04-25,401866152652,Morgan Maly enters the game for Kiana Williams,Substitution,584,False,4,32.0,105,100,Phoenix Mercury,Chicago Sky,4599199.0,Morgan Maly,4282168.0,Kiana Williams,,,-214748340,-214748365
2026-04-25,401866152654,Gabriela Jaquez misses 7-foot jumper,Jump Shot,92,False,4,29.2,105,100,Phoenix Mercury,Chicago Sky,4858656.0,Gabriela Jaquez,,,,,30,5
2026-04-25,401866152655,Megan Nestor offensive rebound,Offensive Rebound,156,False,4,25.3,105,100,Phoenix Mercury,Chicago Sky,5315047.0,Megan Nestor,,,,,30,5
2026-04-25,401866152656,Megan Nestor misses 16-foot jumper,Jump Shot,92,False,4,22.5,105,100,Phoenix Mercury,Chicago Sky,5315047.0,Megan Nestor,,,,,8,-1
2026-04-25,401866152657,Kara Dunn defensive rebound,Defensive Rebound,155,False,4,17.1,105,100,Phoenix Mercury,Chicago Sky,4698730.0,Kara Dunn,,,,,8,-1
2026-04-25,401866152658,Mercury Full timeout,Full Timeout,16,False,4,17.1,105,100,Phoenix Mercury,Chicago Sky,,,,,,,-214748340,-214748365
2026-04-25,401866152659,Mercury timeout,No Timeout,15,False,4,17.1,105,100,Phoenix Mercury,Chicago Sky,,,,,,,-214748340,-214748365
2026-04-25,401866152661,Megan Nestor personal foul,Personal Foul,45,False,4,13.2,105,100,Phoenix Mercury,Chicago Sky,5315047.0,Megan Nestor,,,,,28,30
2026-04-25,401866152663,Quionche Carter makes free throw 1 of 2,Free Throw - 1 of 2,98,True,4,13.2,106,100,Phoenix Mercury,Chicago Sky,5107404.0,Quionche Carter,,,,,-214748340,-214748365
2026-04-25,401866152664,Quionche Carter misses free throw 2 of 2,Free Throw - 2 of 2,99,False,4,13.2,106,100,Phoenix Mercury,Chicago Sky,5107404.0,Quionche Carter,,,,,-214748340,-214748365
2026-04-25,401866152665,Megan Nestor defensive rebound,Defensive Rebound,155,False,4,12.5,106,100,Phoenix Mercury,Chicago Sky,5315047.0,Megan Nestor,,,,,-214748340,-214748365
2026-04-25,401866152666,Sky timeout,No Timeout,15,False,4,12.5,106,100,Phoenix Mercury,Chicago Sky,,,,,,,-214748340,-214748365
2026-04-25,401866152667,Morgan Maly personal foul,Personal Foul,45,False,4,8.1,106,100,Phoenix Mercury,Chicago Sky,4599199.0,Morgan Maly,,,,,35,-2
2026-04-25,401866152669,Gabriela Jaquez makes free throw 1 of 2,Free Throw - 1 of 2,98,True,4,8.1,106,101,Phoenix Mercury,Chicago Sky,4858656.0,Gabriela Jaquez,,,,,-214748340,-214748365
2026-04-25,401866152670,Gabriela Jaquez makes free throw 2 of 2,Free Throw - 2 of 2,99,True,4,8.1,106,102,Phoenix Mercury,Chicago Sky,4858656.0,Gabriela Jaquez,,,,,-214748340,-214748365
2026-04-25,401866152671,Mercury Full timeout,Full Timeout,16,False,4,8.1,106,102,Phoenix Mercury,Chicago Sky,,,,,,,-214748340,-214748365
2026-04-25,401866152672,Kiana Williams enters the game for Jillian Alleyne,Substitution,584,False,4,8.1,106,102,Phoenix Mercury,Chicago Sky,4282168.0,Kiana Williams,2984730.0,Jillian Alleyne,,,-214748340,-214748365
2026-04-25,401866152674,Gabriela Jaquez personal foul,Personal Foul,45,False,4,8.0,106,102,Phoenix Mercury,Chicago Sky,4858656.0,Gabriela Jaquez,,,,,14,10
2026-04-25,401866152676,Morgan Maly makes free throw 1 of 2,Free Throw - 1 of 2,98,True,4,8.0,107,102,Phoenix Mercury,Chicago Sky,4599199.0,Morgan Maly,,,,,-214748340,-214748365
2026-04-25,401866152677,Morgan Maly makes free throw 2 of 2,Free Throw - 2 of 2,99,True,4,8.0,108,102,Phoenix Mercury,Chicago Sky,4599199.0,Morgan Maly,,,,,-214748340,-214748365
2026-04-25,401866152680,Tonie Morgan makes layup,Layup Shot,95,True,4,1.6,108,104,Phoenix Mercury,Chicago Sky,4565515.0,Tonie Morgan,,,,,25,1
2026-04-25,401866152681,End of the 4th Quarter,End Period,412,False,4,0.0,108,104,Phoenix Mercury,Chicago Sky,,,,,,,-214748340,-214748365
2026-04-25,401866152682,End of Game,End Game,402,False,4,0.0,108,104,Phoenix Mercury,Chicago Sky,,,,,,,-214748340,-214748365
2026-04-25,4018665134,Ra Shaya Kyle vs. Lauren Betts (Georgia Amoore gains possession),Jumpball,615,False,1,10:00,0,0,Washington Mystics,Minnesota Lynx,5105737.0,Lauren Betts,4703766.0,Ra Shaya Kyle,4704180.0,Georgia Amoore,-214748340,-214748365
2026-04-25,4018665137,Lauren Betts misses 16-foot jumper,Jump Shot,92,False,1,9:47,0,0,Washington Mystics,Minnesota Lynx,5105737.0,Lauren Betts,,,,,41,2
2026-04-25,4018665138,Angela Dugalic offensive rebound,Offensive Rebound,156,False,1,9:45,0,0,Washington Mystics,Minnesota Lynx,4433411.0,Angela Dugalic,,,,,41,2
2026-04-25,4018665139,Georgia Amoore misses two point shot,Driving Finger Roll Layup,128,False,1,9:38,0,0,Washington Mystics,Minnesota Lynx,4704180.0,Georgia Amoore,,,,,31,8
2026-04-25,40186651310,Lynx defensive team rebound,Defensive Rebound,155,False,1,9:37,0,0,Washington Mystics,Minnesota Lynx,,,,,,,31,8
2026-04-25,40186651312,Olivia Miles makes driving layup,Driving Layup Shot,110,True,1,9:26,0,2,Washington Mystics,Minnesota Lynx,4433791.0,Olivia Miles,,,,,27,2
2026-04-25,40186651313,"Sonia Citron bad pass
turnover (Ra Shaya Kyle steals)","Bad Pass
Turnover",62,False,1,9:14,0,2,Washington Mystics,Minnesota Lynx,4433524.0,Sonia Citron,4703766.0,Ra Shaya Kyle,,,39,16
2026-04-25,40186651316,Cotie McMahon kicked ball violation,Kicked Ball,12,False,1,9:08,0,2,Washington Mystics,Minnesota Lynx,4583144.0,Cotie McMahon,,,,,-214748340,-214748365
2026-04-25,40186651317,Nia Coffey misses 27-foot three point jumper,Jump Shot,92,False,1,8:58,0,2,Washington Mystics,Minnesota Lynx,3054590.0,Nia Coffey,,,,,25,27
2026-04-25,40186651318,Lynx offensive team rebound,Offensive Rebound,156,False,1,8:58,0,2,Washington Mystics,Minnesota Lynx,,,,,,,25,27
2026-04-25,40186651319,Lauren Betts loose ball foul,Loose Ball Foul,43,False,1,8:58,0,2,Washington Mystics,Minnesota Lynx,5105737.0,Lauren Betts,,,,,25,5
2026-04-25,40186651321,Courtney Williams out of bounds lost ball turnover,Out of Bounds - Lost Ball Turnover,87,False,1,8:50,0,2,Washington Mystics,Minnesota Lynx,2987891.0,Courtney Williams,,,,,4,13
2026-04-25,40186651323,Sonia Citron misses 11-foot fade away jump shot,Fade Away Jump Shot,121,False,1,8:35,0,2,Washington Mystics,Minnesota Lynx,4433524.0,Sonia Citron,,,,,36,4
2026-04-25,40186651324,Nia Coffey defensive rebound,Defensive Rebound,155,False,1,8:33,0,2,Washington Mystics,Minnesota Lynx,3054590.0,Nia Coffey,,,,,36,4
2026-04-25,40186651325,Olivia Miles makes running layup (Nia Coffey assists),Running Layup Shot,109,True,1,8:28,0,4,Washington Mystics,Minnesota Lynx,4433791.0,Olivia Miles,3054590.0,Nia Coffey,,,27,1
2026-04-25,40186651327,Georgia Amoore makes 25-foot three point jumper (Sonia Citron assists),Jump Shot,92,True,1,8:15,3,4,Washington Mystics,Minnesota Lynx,4704180.0,Georgia Amoore,4433524.0,Sonia Citron,,,25,25
2026-04-25,40186651329,Courtney Williams misses 15-foot pullup jump shot,Pullup Jump Shot,131,False,1,8:03,3,4,Washington Mystics,Minnesota Lynx,2987891.0,Courtney Williams,,,,,35,12
2026-04-25,40186651330,Angela Dugalic defensive rebound,Defensive Rebound,155,False,1,8:01,3,4,Washington Mystics,Minnesota Lynx,4433411.0,Angela Dugalic,,,,,35,12
2026-04-25,40186651331,Sonia Citron misses 23-foot three point jumper,Jump Shot,92,False,1,7:53,3,4,Washington Mystics,Minnesota Lynx,4433524.0,Sonia Citron,,,,,9,18
2026-04-25,40186651332,Nia Coffey defensive rebound,Defensive Rebound,155,False,1,7:51,3,4,Washington Mystics,Minnesota Lynx,3054590.0,Nia Coffey,,,,,9,18
2026-04-25,40186651333,Georgia Amoore personal foul,Personal Foul,45,False,1,7:36,3,4,Washington Mystics,Minnesota Lynx,4704180.0,Georgia Amoore,,,,,34,8
2026-04-25,40186651335,Angela Dugalic personal foul,Personal Foul,45,False,1,7:34,3,4,Washington Mystics,Minnesota Lynx,4433411.0,Angela Dugalic,,,,,16,13
2026-04-25,40186651337,Courtney Williams misses 27-foot three point jumper,Jump Shot,92,False,1,7:28,3,4,Washington Mystics,Minnesota Lynx,2987891.0,Courtney Williams,,,,,10,22
2026-04-25,40186651338,Angela Dugalic defensive rebound,Defensive Rebound,155,False,1,7:23,3,4,Washington Mystics,Minnesota Lynx,4433411.0,Angela Dugalic,,,,,10,22
2026-04-25,40186651339,Ra Shaya Kyle personal foul,Personal Foul,45,False,1,7:19,3,4,Washington Mystics,Minnesota Lynx,4703766.0,Ra Shaya Kyle,,,,,19,22
2026-04-25,40186651341,Sonia Citron makes 2-foot layup (Lauren Betts assists),Cutting Layup Shot,141,True,1,7:11,5,4,Washington Mystics,Minnesota Lynx,4433524.0,Sonia Citron,5105737.0,Lauren Betts,,,23,1
2026-04-25,40186651343,Olivia Miles lost ball turnover (Sonia Citron steals),Lost Ball Turnover,63,False,1,7:00,5,4,Washington Mystics,Minnesota Lynx,4433791.0,Olivia Miles,4433524.0,Sonia Citron,,,20,9
2026-04-25,40186651345,Sonia Citron makes 25-foot running pullup jump shot (Georgia Amoore assists),Running Pullup Jump Shot,146,True,1,6:55,8,4,Washington Mystics,Minnesota Lynx,4433524.0,Sonia Citron,4704180.0,Georgia Amoore,,,43,18
2026-04-25,40186651347,Reigan Richardson makes 26-foot three point jumper (Courtney Williams assists),Jump Shot,92,True,1,6:42,8,7,Washington Mystics,Minnesota Lynx,4433543.0,Reigan Richardson,2987891.0,Courtney Williams,,,7,19
2026-04-25,40186651349,"Ra Shaya Kyle defensive 3-seconds (technical foul)
",Defensive 3-Seconds Technical,29,False,1,6:27,8,7,Washington Mystics,Minnesota Lynx,4703766.0,Ra Shaya Kyle,,,,,25,10
2026-04-25,40186651350,Sonia Citron makes technical free throw,Free Throw - Technical,103,True,1,6:27,9,7,Washington Mystics,Minnesota Lynx,4433524.0,Sonia Citron,,,,,-214748340,-214748365
2026-04-25,40186651351,Rori Harmon enters the game for Georgia Amoore,Substitution,584,False,1,6:27,9,7,Washington Mystics,Minnesota Lynx,4433523.0,Rori Harmon,4704180.0,Georgia Amoore,,,-214748340,-214748365
2026-04-25,40186651352,Jade Masogayo enters the game for Ra Shaya Kyle,Substitution,584,False,1,6:27,9,7,Washington Mystics,Minnesota Lynx,5109356.0,Jade Masogayo,4703766.0,Ra Shaya Kyle,,,-214748340,-214748365
2026-04-25,40186651355,Jade Masogayo shooting foul,Shooting Foul,44,False,1,6:19,9,7,Washington Mystics,Minnesota Lynx,5109356.0,Jade Masogayo,,,,,20,2
2026-04-25,40186651357,Cotie McMahon misses free throw 1 of 2,Free Throw - 1 of 2,98,False,1,6:19,9,7,Washington Mystics,Minnesota Lynx,4583144.0,Cotie McMahon,,,,,-214748340,-214748365
2026-04-25,40186651358,Mystics offensive team rebound,Offensive Rebound,156,False,1,6:19,9,7,Washington Mystics,Minnesota Lynx,,,,,,,-214748340,-214748365
2026-04-25,40186651359,Cotie McMahon makes free throw 2 of 2,Free Throw - 2 of 2,99,True,1,6:19,10,7,Washington Mystics,Minnesota Lynx,4583144.0,Cotie McMahon,,,,,-214748340,-214748365
2026-04-25,40186651360,"Reigan Richardson bad pass
turnover (Angela Dugalic steals)","Bad Pass
Turnover",62,False,1,6:07,10,7,Washington Mystics,Minnesota Lynx,4433543.0,Reigan Richardson,4433411.0,Angela Dugalic,,,25,15
2026-04-25,40186651362,Nia Coffey shooting foul,Shooting Foul,44,False,1,5:59,10,7,Washington Mystics,Minnesota Lynx,3054590.0,Nia Coffey,,,,,19,2
2026-04-25,40186651364,Lauren Betts makes free throw 1 of 2,Free Throw - 1 of 2,98,True,1,5:59,11,7,Washington Mystics,Minnesota Lynx,5105737.0,Lauren Betts,,,,,-214748340,-214748365
2026-04-25,40186651365,Antonia Delaere enters the game for Reigan Richardson,Substitution,584,False,1,5:59,11,7,Washington Mystics,Minnesota Lynx,4873358.0,Antonia Delaere,4433543.0,Reigan Richardson,,,-214748340,-214748365
2026-04-25,40186651367,Lauren Betts makes free throw 2 of 2,Free Throw - 2 of 2,99,True,1,5:59,12,7,Washington Mystics,Minnesota Lynx,5105737.0,Lauren Betts,,,,,-214748340,-214748365
2026-04-25,40186651368,"Olivia Miles bad pass
turnover (Lauren Betts steals)","Bad Pass
Turnover",62,False,1,5:43,12,7,Washington Mystics,Minnesota Lynx,4433791.0,Olivia Miles,5105737.0,Lauren Betts,,,30,8
2026-04-25,40186651370,Angela Dugalic misses 22-foot running jump shot,Running Jump Shot,113,False,1,5:35,12,7,Washington Mystics,Minnesota Lynx,4433411.0,Angela Dugalic,,,,,2,2
2026-04-25,40186651371,Olivia Miles defensive rebound,Defensive Rebound,155,False,1,5:33,12,7,Washington Mystics,Minnesota Lynx,4433791.0,Olivia Miles,,,,,2,2
2026-04-25,40186651372,Olivia Miles misses 24-foot three point jumper,Jump Shot,92,False,1,5:26,12,7,Washington Mystics,Minnesota Lynx,4433791.0,Olivia Miles,,,,,43,17
2026-04-25,40186651373,Cotie McMahon defensive rebound,Defensive Rebound,155,False,1,5:24,12,7,Washington Mystics,Minnesota Lynx,4583144.0,Cotie McMahon,,,,,43,17
2026-04-25,40186651374,Nia Coffey blocks Cotie McMahon 's 3-foot running layup,Running Layup Shot,109,False,1,5:20,12,7,Washington Mystics,Minnesota Lynx,4583144.0,Cotie McMahon,3054590.0,Nia Coffey,,,27,2
2026-04-25,40186651376,Lauren Betts offensive rebound,Offensive Rebound,156,False,1,5:17,12,7,Washington Mystics,Minnesota Lynx,5105737.0,Lauren Betts,,,,,27,2
2026-04-25,40186651377,Sonia Citron misses 27-foot three point jumper,Jump Shot,92,False,1,5:15,12,7,Washington Mystics,Minnesota Lynx,4433524.0,Sonia Citron,,,,,45,18
2026-04-25,40186651378,Lynx defensive team rebound,Defensive Rebound,155,False,1,5:12,12,7,Washington Mystics,Minnesota Lynx,,,,,,,45,18
2026-04-25,40186651380,Nia Coffey makes 23-foot three point jumper (Antonia Delaere assists),Jump Shot,92,True,1,4:59,12,10,Washington Mystics,Minnesota Lynx,3054590.0,Nia Coffey,4873358.0,Antonia Delaere,,,2,4
2026-04-25,40186651383,Official timeout,Official Timeout,19,False,1,4:47,12,10,Washington Mystics,Minnesota Lynx,,,,,,,-214748340,-214748365
2026-04-25,40186651384,Lucy Olsen enters the game for Sonia Citron,Substitution,584,False,1,4:47,12,10,Washington Mystics,Minnesota Lynx,4433815.0,Lucy Olsen,4433524.0,Sonia Citron,,,-214748340,-214748365
2026-04-25,40186651385,Cassandre Prosper enters the game for Lauren Betts,Substitution,584,False,1,4:47,12,10,Washington Mystics,Minnesota Lynx,5122345.0,Cassandre Prosper,5105737.0,Lauren Betts,,,-214748340,-214748365
2026-04-25,40186651386,Eliska Hamzova enters the game for Courtney Williams,Substitution,584,False,1,4:47,12,10,Washington Mystics,Minnesota Lynx,5345478.0,Eliska Joklova,2987891.0,Courtney Williams,,,-214748340,-214748365
2026-04-25,40186651390,Angela Dugalic misses 8-foot hook shot,Hook Shot,93,False,1,4:36,12,10,Washington Mystics,Minnesota Lynx,4433411.0,Angela Dugalic,,,,,26,8
2026-04-25,40186651391,Rori Harmon offensive rebound,Offensive Rebound,156,False,1,4:34,12,10,Washington Mystics,Minnesota Lynx,4433523.0,Rori Harmon,,,,,26,8
2026-04-25,40186651392,Cassandre Prosper makes 23-foot three point jumper (Cotie McMahon assists),Jump Shot,92,True,1,4:25,15,10,Washington Mystics,Minnesota Lynx,5122345.0,Cassandre Prosper,4583144.0,Cotie McMahon,,,2,-1
2026-04-25,40186651394,Olivia Miles offensive foul,Offensive Foul,42,False,1,4:07,15,10,Washington Mystics,Minnesota Lynx,4433791.0,Olivia Miles,,,,,33,12
2026-04-25,40186651396,Olivia Miles offensive foul turnover,Offensive Foul Turnover,84,False,1,4:07,15,10,Washington Mystics,Minnesota Lynx,4433791.0,Olivia Miles,,,,,33,12
2026-04-25,40186651397,Nia Coffey blocks Angela Dugalic 's 20-foot pullup jump shot,Pullup Jump Shot,131,False,1,3:43,15,10,Washington Mystics,Minnesota Lynx,4433411.0,Angela Dugalic,3054590.0,Nia Coffey,,,14,17
2026-04-25,40186651399,Lynx defensive team rebound,Defensive Rebound,155,False,1,3:43,15,10,Washington Mystics,Minnesota Lynx,,,,,,,14,17
2026-04-25,401866513102,Jade Masogayo makes 3-foot layup (Olivia Miles assists),Cutting Layup Shot,141,True,1,3:21,15,12,Washington Mystics,Minnesota Lynx,5109356.0,Jade Masogayo,4433791.0,Olivia Miles,,,27,2
2026-04-25,401866513104,Rori Harmon misses driving layup,Driving Layup Shot,110,False,1,3:09,15,12,Washington Mystics,Minnesota Lynx,4433523.0,Rori Harmon,,,,,19,3
2026-04-25,401866513105,Olivia Miles defensive rebound,Defensive Rebound,155,False,1,3:07,15,12,Washington Mystics,Minnesota Lynx,4433791.0,Olivia Miles,,,,,19,3
2026-04-25,401866513106,Angela Dugalic blocks Eliska Hamzova 's 3-foot driving layup,Driving Layup Shot,110,False,1,3:04,15,12,Washington Mystics,Minnesota Lynx,5345478.0,Eliska Joklova,4433411.0,Angela Dugalic,,,29,0
2026-04-25,401866513108,Lynx offensive team rebound,Offensive Rebound,156,False,1,3:04,15,12,Washington Mystics,Minnesota Lynx,,,,,,,29,0
2026-04-25,401866513110,Liatu King enters the game for Olivia Miles,Substitution,584,False,1,3:04,15,12,Washington Mystics,Minnesota Lynx,4596309.0,Liatu King,4433791.0,Olivia Miles,,,-214748340,-214748365
2026-04-25,401866513111,Saylor Poffenbarger enters the game for Nia Coffey,Substitution,584,False,1,3:04,15,12,Washington Mystics,Minnesota Lynx,4433542.0,Saylor Poffenbarger,3054590.0,Nia Coffey,,,-214748340,-214748365
2026-04-25,401866513115,Lauren Betts enters the game for Angela Dugalic,Substitution,584,False,1,3:03,15,12,Washington Mystics,Minnesota Lynx,5105737.0,Lauren Betts,4433411.0,Angela Dugalic,,,-214748340,-214748365
2026-04-25,401866513117,Eliska Hamzova misses driving layup,Driving Layup Shot,110,False,1,2:58,15,12,Washington Mystics,Minnesota Lynx,5345478.0,Eliska Joklova,,,,,22,1
2026-04-25,401866513118,Lauren Betts defensive rebound,Defensive Rebound,155,False,1,2:57,15,12,Washington Mystics,Minnesota Lynx,5105737.0,Lauren Betts,,,,,22,1
2026-04-25,401866513119,Cotie McMahon makes 23-foot running jump shot (Rori Harmon assists),Running Jump Shot,113,True,1,2:52,18,12,Washington Mystics,Minnesota Lynx,4583144.0,Cotie McMahon,4433523.0,Rori Harmon,,,2,-2
2026-04-25,401866513121,Antonia Delaere lost ball turnover (Cotie McMahon steals),Lost Ball Turnover,63,False,1,2:32,18,12,Washington Mystics,Minnesota Lynx,4873358.0,Antonia Delaere,4583144.0,Cotie McMahon,,,32,7
2026-04-25,401866513123,Liatu King blocks Cassandre Prosper 's 3-foot driving layup,Driving Layup Shot,110,False,1,2:27,18,12,Washington Mystics,Minnesota Lynx,5122345.0,Cassandre Prosper,4596309.0,Liatu King,,,21,1
2026-04-25,401866513125,Mystics offensive team rebound,Offensive Rebound,156,False,1,2:27,18,12,Washington Mystics,Minnesota Lynx,,,,,,,21,1
2026-04-25,401866513127,Ra Shaya Kyle enters the game for Jade Masogayo,Substitution,584,False,1,2:27,18,12,Washington Mystics,Minnesota Lynx,4703766.0,Ra Shaya Kyle,5109356.0,Jade Masogayo,,,-214748340,-214748365
2026-04-25,401866513129,Eliska Hamzova personal foul,Personal Foul,45,False,1,2:25,18,12,Washington Mystics,Minnesota Lynx,5345478.0,Eliska Joklova,,,,,13,7
2026-04-25,401866513131,Sonia Citron enters the game for Cotie McMahon,Substitution,584,False,1,2:25,18,12,Washington Mystics,Minnesota Lynx,4433524.0,Sonia Citron,4583144.0,Cotie McMahon,,,-214748340,-214748365
2026-04-25,401866513133,Lauren Betts traveling turnover,Traveling,64,False,1,2:09,18,12,Washington Mystics,Minnesota Lynx,5105737.0,Lauren Betts,,,,,29,4
2026-04-25,401866513134,"Ra Shaya Kyle bad pass
turnover (Rori Harmon steals)","Bad Pass
Turnover",62,False,1,2:05,18,12,Washington Mystics,Minnesota Lynx,4703766.0,Ra Shaya Kyle,4433523.0,Rori Harmon,,,46,9
2026-04-25,401866513136,Ra Shaya Kyle shooting foul,Shooting Foul,44,False,1,2:05,18,12,Washington Mystics,Minnesota Lynx,4703766.0,Ra Shaya Kyle,,,,,20,3
2026-04-25,401866513138,Lauren Betts makes free throw 1 of 2,Free Throw - 1 of 2,98,True,1,2:05,19,12,Washington Mystics,Minnesota Lynx,5105737.0,Lauren Betts,,,,,-214748340,-214748365
2026-04-25,401866513139,Madison Scott enters the game for Rori Harmon,Substitution,584,False,1,2:05,19,12,Washington Mystics,Minnesota Lynx,4433416.0,Madison Scott,4433523.0,Rori Harmon,,,-214748340,-214748365
2026-04-25,401866513140,Georgia Amoore enters the game for Lucy Olsen,Substitution,584,False,1,2:05,19,12,Washington Mystics,Minnesota Lynx,4704180.0,Georgia Amoore,4433815.0,Lucy Olsen,,,-214748340,-214748365
2026-04-25,401866513141,Sakima Walker enters the game for Ra Shaya Kyle,Substitution,584,False,1,2:05,19,12,Washington Mystics,Minnesota Lynx,4433745.0,Sakima Walker,4703766.0,Ra Shaya Kyle,,,-214748340,-214748365
2026-04-25,401866513145,Lauren Betts makes free throw 2 of 2,Free Throw - 2 of 2,99,True,1,2:05,20,12,Washington Mystics,Minnesota Lynx,5105737.0,Lauren Betts,,,,,-214748340,-214748365
2026-04-25,401866513146,"Antonia Delaere bad pass
turnover (Madison Scott steals)","Bad Pass
Turnover",62,False,1,1:46,20,12,Washington Mystics,Minnesota Lynx,4873358.0,Antonia Delaere,4433416.0,Madison Scott,,,21,1
2026-04-25,401866513148,Georgia Amoore misses 24-foot three point jumper,Jump Shot,92,False,1,1:31,20,12,Washington Mystics,Minnesota Lynx,4704180.0,Georgia Amoore,,,,,13,21
2026-04-25,401866513149,Saylor Poffenbarger defensive rebound,Defensive Rebound,155,False,1,1:26,20,12,Washington Mystics,Minnesota Lynx,4433542.0,Saylor Poffenbarger,,,,,13,21
2026-04-25,401866513150,Georgia Amoore personal foul,Personal Foul,45,False,1,1:22,20,12,Washington Mystics,Minnesota Lynx,4704180.0,Georgia Amoore,,,,,37,18
2026-04-25,401866513152,Sonia Citron shooting foul,Shooting Foul,44,False,1,1:17,20,12,Washington Mystics,Minnesota Lynx,4433524.0,Sonia Citron,,,,,36,6
2026-04-25,401866513154,Eliska Hamzova misses free throw 1 of 2,Free Throw - 1 of 2,98,False,1,1:17,20,12,Washington Mystics,Minnesota Lynx,5345478.0,Eliska Joklova,,,,,-214748340,-214748365
2026-04-25,401866513155,Lynx offensive team rebound,Offensive Rebound,156,False,1,1:17,20,12,Washington Mystics,Minnesota Lynx,,,,,,,-214748340,-214748365
2026-04-25,401866513156,Eliska Hamzova misses free throw 2 of 2,Free Throw - 2 of 2,99,False,1,1:17,20,12,Washington Mystics,Minnesota Lynx,5345478.0,Eliska Joklova,,,,,-214748340,-214748365
2026-04-25,401866513157,Cassandre Prosper defensive rebound,Defensive Rebound,155,False,1,1:13,20,12,Washington Mystics,Minnesota Lynx,5122345.0,Cassandre Prosper,,,,,-214748340,-214748365
2026-04-25,401866513158,Liatu King blocks Madison Scott 's 8-foot driving layup,Driving Layup Shot,110,False,1,58.6,20,12,Washington Mystics,Minnesota Lynx,4433416.0,Madison Scott,4596309.0,Liatu King,,,18,4
2026-04-25,401866513160,Cassandre Prosper offensive rebound,Offensive Rebound,156,False,1,54.8,20,12,Washington Mystics,Minnesota Lynx,5122345.0,Cassandre Prosper,,,,,18,4
2026-04-25,401866513161,Cassandre Prosper misses 19-foot pullup jump shot,Pullup Jump Shot,131,False,1,53.5,20,12,Washington Mystics,Minnesota Lynx,5122345.0,Cassandre Prosper,,,,,38,14
2026-04-25,401866513162,Liatu King defensive rebound,Defensive Rebound,155,False,1,50.9,20,12,Washington Mystics,Minnesota Lynx,4596309.0,Liatu King,,,,,38,14
2026-04-25,401866513163,Liatu King misses 26-foot three point jumper,Jump Shot,92,False,1,46.7,20,12,Washington Mystics,Minnesota Lynx,4596309.0,Liatu King,,,,,11,22
2026-04-25,401866513164,Mystics defensive team rebound,Defensive Rebound,155,False,1,46.7,20,12,Washington Mystics,Minnesota Lynx,,,,,,,11,22
2026-04-25,401866513166,Antonia Delaere personal foul,Personal Foul,45,False,1,32.1,20,12,Washington Mystics,Minnesota Lynx,4873358.0,Antonia Delaere,,,,,29,4
2026-04-25,401866513168,Sonia Citron makes free throw 1 of 2,Free Throw - 1 of 2,98,True,1,32.1,21,12,Washington Mystics,Minnesota Lynx,4433524.0,Sonia Citron,,,,,-214748340,-214748365
2026-04-25,401866513169,Sonia Citron misses free throw 2 of 2,Free Throw - 2 of 2,99,False,1,32.1,21,12,Washington Mystics,Minnesota Lynx,4433524.0,Sonia Citron,,,,,-214748340,-214748365
2026-04-25,401866513170,Saylor Poffenbarger defensive rebound,Defensive Rebound,155,False,1,30.5,21,12,Washington Mystics,Minnesota Lynx,4433542.0,Saylor Poffenbarger,,,,,-214748340,-214748365
2026-04-25,401866513171,Eliska Hamzova out of bounds bad pass turnover,Out of Bounds - Bad Pass Turnover,90,False,1,17.5,21,12,Washington Mystics,Minnesota Lynx,5345478.0,Eliska Joklova,,,,,43,12
2026-04-25,401866513173,Cassandre Prosper out of bounds bad pass turnover,Out of Bounds - Bad Pass Turnover,90,False,1,16.4,21,12,Washington Mystics,Minnesota Lynx,5122345.0,Cassandre Prosper,,,,,36,-2
2026-04-25,401866513174,Eliska Hamzova misses two point shot,Driving Floating Bank Jump Shot,145,False,1,3.5,21,12,Washington Mystics,Minnesota Lynx,5345478.0,Eliska Joklova,,,,,36,2
2026-04-25,401866513175,Lynx offensive team rebound,Offensive Rebound,156,False,1,2.6,21,12,Washington Mystics,Minnesota Lynx,,,,,,,36,2
2026-04-25,401866513177,End of the 1st Quarter,End Period,412,False,1,0.0,21,12,Washington Mystics,Minnesota Lynx,,,,,,,-214748340,-214748365
2026-04-25,401866513178,Angela Dugalic enters the game for Cassandre Prosper,Substitution,584,False,2,10:00,21,12,Washington Mystics,Minnesota Lynx,4433411.0,Angela Dugalic,5122345.0,Cassandre Prosper,,,-214748340,-214748365
2026-04-25,401866513179,Courtney Williams enters the game for Antonia Delaere,Substitution,584,False,2,10:00,21,12,Washington Mystics,Minnesota Lynx,2987891.0,Courtney Williams,4873358.0,Antonia Delaere,,,-214748340,-214748365
2026-04-25,401866513180,Olivia Miles enters the game for Eliska Hamzova,Substitution,584,False,2,10:00,21,12,Washington Mystics,Minnesota Lynx,4433791.0,Olivia Miles,5345478.0,Eliska Joklova,,,-214748340,-214748365
2026-04-25,401866513181,Ra Shaya Kyle enters the game for Sakima Walker,Substitution,584,False,2,10:00,21,12,Washington Mystics,Minnesota Lynx,4703766.0,Ra Shaya Kyle,4433745.0,Sakima Walker,,,-214748340,-214748365
2026-04-25,401866513187,Angela Dugalic shooting foul,Shooting Foul,44,False,2,9:47,21,12,Washington Mystics,Minnesota Lynx,4433411.0,Angela Dugalic,,,,,29,2
2026-04-25,401866513189,Saylor Poffenbarger makes free throw 1 of 2,Free Throw - 1 of 2,98,True,2,9:47,21,13,Washington Mystics,Minnesota Lynx,4433542.0,Saylor Poffenbarger,,,,,-214748340,-214748365
2026-04-25,401866513190,Saylor Poffenbarger makes free throw 2 of 2,Free Throw - 2 of 2,99,True,2,9:47,21,14,Washington Mystics,Minnesota Lynx,4433542.0,Saylor Poffenbarger,,,,,-214748340,-214748365
2026-04-25,401866513191,"Sonia Citron bad pass
turnover (Saylor Poffenbarger steals)","Bad Pass
Turnover",62,False,2,9:35,21,14,Washington Mystics,Minnesota Lynx,4433524.0,Sonia Citron,4433542.0,Saylor Poffenbarger,,,9,15
2026-04-25,401866513193,Olivia Miles misses 15-foot pullup jump shot,Pullup Jump Shot,131,False,2,9:27,21,14,Washington Mystics,Minnesota Lynx,4433791.0,Olivia Miles,,,,,33,12
2026-04-25,401866513194,Madison Scott defensive rebound,Defensive Rebound,155,False,2,9:25,21,14,Washington Mystics,Minnesota Lynx,4433416.0,Madison Scott,,,,,33,12
2026-04-25,401866513195,"Georgia Amoore bad pass
turnover (Olivia Miles steals)","Bad Pass
Turnover",62,False,2,9:19,21,14,Washington Mystics,Minnesota Lynx,4704180.0,Georgia Amoore,4433791.0,Olivia Miles,,,43,39
2026-04-25,401866513197,"Olivia Miles bad pass
turnover (Georgia Amoore steals)","Bad Pass
Turnover",62,False,2,9:16,21,14,Washington Mystics,Minnesota Lynx,4433791.0,Olivia Miles,4704180.0,Georgia Amoore,,,29,3
2026-04-25,401866513199,Madison Scott misses layup,Layup Shot,95,False,2,9:09,21,14,Washington Mystics,Minnesota Lynx,4433416.0,Madison Scott,,,,,32,1
2026-04-25,401866513200,Lauren Betts offensive rebound,Offensive Rebound,156,False,2,9:06,21,14,Washington Mystics,Minnesota Lynx,5105737.0,Lauren Betts,,,,,32,1
2026-04-25,401866513201,Lauren Betts misses 17-foot jumper,Jump Shot,92,False,2,9:03,21,14,Washington Mystics,Minnesota Lynx,5105737.0,Lauren Betts,,,,,26,17
2026-04-25,401866513202,Lynx defensive team rebound,Defensive Rebound,155,False,2,9:01,21,14,Washington Mystics,Minnesota Lynx,,,,,,,26,17
2026-04-25,401866513204,Courtney Williams misses 15-foot jumper,Jump Shot,92,False,2,8:52,21,14,Washington Mystics,Minnesota Lynx,2987891.0,Courtney Williams,,,,,29,15
2026-04-25,401866513205,Lynx offensive team rebound,Offensive Rebound,156,False,2,8:51,21,14,Washington Mystics,Minnesota Lynx,,,,,,,29,15
2026-04-25,401866513207,Lucy Olsen enters the game for Madison Scott,Substitution,584,False,2,8:51,21,14,Washington Mystics,Minnesota Lynx,4433815.0,Lucy Olsen,4433416.0,Madison Scott,,,-214748340,-214748365
2026-04-25,401866513209,Saylor Poffenbarger makes 27-foot three point step back jumpshot (Courtney Williams assists),Step Back Jump Shot,132,True,2,8:49,21,17,Washington Mystics,Minnesota Lynx,4433542.0,Saylor Poffenbarger,2987891.0,Courtney Williams,,,3,17
2026-04-25,401866513211,Sonia Citron makes 25-foot three point jumper (Georgia Amoore assists),Jump Shot,92,True,2,8:35,24,17,Washington Mystics,Minnesota Lynx,4433524.0,Sonia Citron,4704180.0,Georgia Amoore,,,46,14
2026-04-25,401866513213,Courtney Williams makes 20-foot pullup jump shot (Liatu King assists),Pullup Jump Shot,131,True,2,8:21,24,19,Washington Mystics,Minnesota Lynx,2987891.0,Courtney Williams,4596309.0,Liatu King,,,30,20
2026-04-25,401866513215,Ra Shaya Kyle personal foul,Personal Foul,45,False,2,8:13,24,19,Washington Mystics,Minnesota Lynx,4703766.0,Ra Shaya Kyle,,,,,27,24
2026-04-25,401866513217,Jade Masogayo enters the game for Ra Shaya Kyle,Substitution,584,False,2,8:13,24,19,Washington Mystics,Minnesota Lynx,5109356.0,Jade Masogayo,4703766.0,Ra Shaya Kyle,,,-214748340,-214748365
2026-04-25,401866513219,Lauren Betts makes driving layup (Sonia Citron assists),Driving Layup Shot,110,True,2,7:59,26,19,Washington Mystics,Minnesota Lynx,5105737.0,Lauren Betts,4433524.0,Sonia Citron,,,23,0
2026-04-25,401866513221,Jade Masogayo makes 1-foot layup (Courtney Williams assists),Cutting Layup Shot,141,True,2,7:45,26,21,Washington Mystics,Minnesota Lynx,5109356.0,Jade Masogayo,2987891.0,Courtney Williams,,,24,1
2026-04-25,401866513223,Saylor Poffenbarger shooting foul,Shooting Foul,44,False,2,7:25,26,21,Washington Mystics,Minnesota Lynx,4433542.0,Saylor Poffenbarger,,,,,29,1
2026-04-25,401866513225,Angela Dugalic makes free throw 1 of 2,Free Throw - 1 of 2,98,True,2,7:25,27,21,Washington Mystics,Minnesota Lynx,4433411.0,Angela Dugalic,,,,,-214748340,-214748365
2026-04-25,401866513226,Angela Dugalic makes free throw 2 of 2,Free Throw - 2 of 2,99,True,2,7:25,28,21,Washington Mystics,Minnesota Lynx,4433411.0,Angela Dugalic,,,,,-214748340,-214748365
2026-04-25,401866513227,Courtney Williams misses 23-foot three point jumper,Jump Shot,92,False,2,7:04,28,21,Washington Mystics,Minnesota Lynx,2987891.0,Courtney Williams,,,,,48,6
2026-04-25,401866513228,Courtney Williams offensive rebound,Offensive Rebound,156,False,2,7:03,28,21,Washington Mystics,Minnesota Lynx,2987891.0,Courtney Williams,,,,,48,6
2026-04-25,401866513229,Courtney Williams makes 18-foot pullup jump shot,Pullup Jump Shot,131,True,2,7:01,28,23,Washington Mystics,Minnesota Lynx,2987891.0,Courtney Williams,,,,,8,7
2026-04-25,401866513230,Jade Masogayo shooting foul,Shooting Foul,44,False,2,6:54,28,23,Washington Mystics,Minnesota Lynx,5109356.0,Jade Masogayo,,,,,21,2
2026-04-25,401866513232,Lauren Betts makes free throw 1 of 2,Free Throw - 1 of 2,98,True,2,6:54,29,23,Washington Mystics,Minnesota Lynx,5105737.0,Lauren Betts,,,,,-214748340,-214748365
2026-04-25,401866513233,Lauren Betts makes free throw 2 of 2,Free Throw - 2 of 2,99,True,2,6:54,30,23,Washington Mystics,Minnesota Lynx,5105737.0,Lauren Betts,,,,,-214748340,-214748365
2026-04-25,401866513234,Jade Masogayo misses layup,Cutting Layup Shot,141,False,2,6:40,30,23,Washington Mystics,Minnesota Lynx,5109356.0,Jade Masogayo,,,,,29,2
2026-04-25,401866513235,Angela Dugalic defensive rebound,Defensive Rebound,155,False,2,6:38,30,23,Washington Mystics,Minnesota Lynx,4433411.0,Angela Dugalic,,,,,29,2
2026-04-25,401866513237,Sonia Citron misses 25-foot three point jumper,Jump Shot,92,False,2,6:28,30,23,Washington Mystics,Minnesota Lynx,4433524.0,Sonia Citron,,,,,29,25
2026-04-25,401866513238,Saylor Poffenbarger defensive rebound,Defensive Rebound,155,False,2,6:25,30,23,Washington Mystics,Minnesota Lynx,4433542.0,Saylor Poffenbarger,,,,,29,25
2026-04-25,401866513239,Liatu King makes 6-foot layup (Olivia Miles assists),Cutting Layup Shot,141,True,2,6:06,30,25,Washington Mystics,Minnesota Lynx,4596309.0,Liatu King,4433791.0,Olivia Miles,,,31,2
2026-04-25,401866513241,Jade Masogayo personal foul,Personal Foul,45,False,2,6:01,30,25,Washington Mystics,Minnesota Lynx,5109356.0,Jade Masogayo,,,,,34,10
2026-04-25,401866513243,Cassandre Prosper enters the game for Georgia Amoore,Substitution,584,False,2,6:01,30,25,Washington Mystics,Minnesota Lynx,5122345.0,Cassandre Prosper,4704180.0,Georgia Amoore,,,-214748340,-214748365
2026-04-25,401866513244,Rori Harmon enters the game for Lauren Betts,Substitution,584,False,2,6:01,30,25,Washington Mystics,Minnesota Lynx,4433523.0,Rori Harmon,5105737.0,Lauren Betts,,,-214748340,-214748365
2026-04-25,401866513245,Nia Coffey enters the game for Jade Masogayo,Substitution,584,False,2,6:01,30,25,Washington Mystics,Minnesota Lynx,3054590.0,Nia Coffey,5109356.0,Jade Masogayo,,,-214748340,-214748365
2026-04-25,401866513249,Sonia Citron makes 6-foot jumper (Lucy Olsen assists),Jump Shot,92,True,2,5:55,32,25,Washington Mystics,Minnesota Lynx,4433524.0,Sonia Citron,4433815.0,Lucy Olsen,,,21,5
2026-04-25,401866513251,Saylor Poffenbarger misses 25-foot three point pullup jump shot,Pullup Jump Shot,131,False,2,5:39,32,25,Washington Mystics,Minnesota Lynx,4433542.0,Saylor Poffenbarger,,,,,44,17
2026-04-25,401866513252,Cassandre Prosper defensive rebound,Defensive Rebound,155,False,2,5:36,32,25,Washington Mystics,Minnesota Lynx,5122345.0,Cassandre Prosper,,,,,44,17
2026-04-25,401866513253,Nia Coffey personal foul,Personal Foul,45,False,2,5:36,32,25,Washington Mystics,Minnesota Lynx,3054590.0,Nia Coffey,,,,,14,4
2026-04-25,401866513255,Mystics Full timeout,Full Timeout,16,False,2,5:36,32,25,Washington Mystics,Minnesota Lynx,,,,,,,-214748340,-214748365
2026-04-25,401866513256,Cassandre Prosper makes free throw 1 of 2,Free Throw - 1 of 2,98,True,2,5:36,33,25,Washington Mystics,Minnesota Lynx,5122345.0,Cassandre Prosper,,,,,-214748340,-214748365
2026-04-25,401866513257,Cassandre Prosper misses free throw 2 of 2,Free Throw - 2 of 2,99,False,2,5:36,33,25,Washington Mystics,Minnesota Lynx,5122345.0,Cassandre Prosper,,,,,-214748340,-214748365
2026-04-25,401866513258,Nia Coffey defensive rebound,Defensive Rebound,155,False,2,5:32,33,25,Washington Mystics,Minnesota Lynx,3054590.0,Nia Coffey,,,,,-214748340,-214748365
2026-04-25,401866513259,Olivia Miles makes 25-foot three point jumper (Saylor Poffenbarger assists),Jump Shot,92,True,2,5:23,33,28,Washington Mystics,Minnesota Lynx,4433791.0,Olivia Miles,4433542.0,Saylor Poffenbarger,,,6,17
2026-04-25,401866513261,Rori Harmon misses 9-foot turnaround jump shot,Turnaround Jump Shot,114,False,2,5:10,33,28,Washington Mystics,Minnesota Lynx,4433523.0,Rori Harmon,,,,,17,5
2026-04-25,401866513262,Olivia Miles defensive rebound,Defensive Rebound,155,False,2,5:09,33,28,Washington Mystics,Minnesota Lynx,4433791.0,Olivia Miles,,,,,17,5
2026-04-25,401866513263,"Liatu King bad pass
turnover (Rori Harmon steals)","Bad Pass
Turnover",62,False,2,4:59,33,28,Washington Mystics,Minnesota Lynx,4596309.0,Liatu King,4433523.0,Rori Harmon,,,32,16
2026-04-25,401866513265,Angela Dugalic misses layup,Layup Shot,95,False,2,4:46,33,28,Washington Mystics,Minnesota Lynx,4433411.0,Angela Dugalic,,,,,20,1
2026-04-25,401866513266,Courtney Williams defensive rebound,Defensive Rebound,155,False,2,4:43,33,28,Washington Mystics,Minnesota Lynx,2987891.0,Courtney Williams,,,,,20,1
2026-04-25,401866513267,Liatu King misses 25-foot three point jumper,Jump Shot,92,False,2,4:38,33,28,Washington Mystics,Minnesota Lynx,4596309.0,Liatu King,,,,,41,19
2026-04-25,401866513268,Lucy Olsen defensive rebound,Defensive Rebound,155,False,2,4:34,33,28,Washington Mystics,Minnesota Lynx,4433815.0,Lucy Olsen,,,,,41,19
2026-04-25,401866513269,Olivia Miles personal foul,Personal Foul,45,False,2,4:25,33,28,Washington Mystics,Minnesota Lynx,4433791.0,Olivia Miles,,,,,18,18
2026-04-25,401866513271,Rori Harmon misses free throw 1 of 2,Free Throw - 1 of 2,98,False,2,4:25,33,28,Washington Mystics,Minnesota Lynx,4433523.0,Rori Harmon,,,,,-214748340,-214748365
2026-04-25,401866513272,Mystics offensive team rebound,Offensive Rebound,156,False,2,4:25,33,28,Washington Mystics,Minnesota Lynx,,,,,,,-214748340,-214748365
2026-04-25,401866513273,Cotie McMahon enters the game for Sonia Citron,Substitution,584,False,2,4:25,33,28,Washington Mystics,Minnesota Lynx,4583144.0,Cotie McMahon,4433524.0,Sonia Citron,,,-214748340,-214748365
2026-04-25,401866513274,Nyla Harris enters the game for Angela Dugalic,Substitution,584,False,2,4:25,33,28,Washington Mystics,Minnesota Lynx,4565510.0,Nyla Harris,4433411.0,Angela Dugalic,,,-214748340,-214748365
2026-04-25,401866513277,Rori Harmon misses free throw 2 of 2,Free Throw - 2 of 2,99,False,2,4:25,33,28,Washington Mystics,Minnesota Lynx,4433523.0,Rori Harmon,,,,,-214748340,-214748365
2026-04-25,401866513278,Saylor Poffenbarger defensive rebound,Defensive Rebound,155,False,2,4:22,33,28,Washington Mystics,Minnesota Lynx,4433542.0,Saylor Poffenbarger,,,,,-214748340,-214748365
2026-04-25,401866513282,Nia Coffey misses 16-foot fade away jump shot,Fade Away Jump Shot,121,False,2,4:10,33,28,Washington Mystics,Minnesota Lynx,3054590.0,Nia Coffey,,,,,15,13
2026-04-25,401866513283,Cotie McMahon defensive rebound,Defensive Rebound,155,False,2,4:10,33,28,Washington Mystics,Minnesota Lynx,4583144.0,Cotie McMahon,,,,,15,13
2026-04-25,401866513284,Cotie McMahon makes running layup,Running Layup Shot,109,True,2,3:57,35,28,Washington Mystics,Minnesota Lynx,4583144.0,Cotie McMahon,,,,,25,1
2026-04-25,401866513285,Nia Coffey misses 15-foot jumper,Jump Shot,92,False,2,3:40,35,28,Washington Mystics,Minnesota Lynx,3054590.0,Nia Coffey,,,,,19,14
2026-04-25,401866513286,Cotie McMahon defensive rebound,Defensive Rebound,155,False,2,3:38,35,28,Washington Mystics,Minnesota Lynx,4583144.0,Cotie McMahon,,,,,19,14
2026-04-25,401866513287,Cotie McMahon makes 9-foot pullup jump shot,Pullup Jump Shot,131,True,2,3:32,37,28,Washington Mystics,Minnesota Lynx,4583144.0,Cotie McMahon,,,,,18,6
2026-04-25,401866513288,Lynx Full timeout,Full Timeout,16,False,2,3:29,37,28,Washington Mystics,Minnesota Lynx,,,,,,,-214748340,-214748365
2026-04-25,401866513289,Eliska Hamzova enters the game for Courtney Williams,Substitution,584,False,2,3:29,37,28,Washington Mystics,Minnesota Lynx,5345478.0,Eliska Joklova,2987891.0,Courtney Williams,,,-214748340,-214748365
2026-04-25,401866513291,Eliska Hamzova traveling turnover,Traveling,64,False,2,3:12,37,28,Washington Mystics,Minnesota Lynx,5345478.0,Eliska Joklova,,,,,31,15
2026-04-25,401866513292,Cotie McMahon makes driving layup,Driving Layup Shot,110,True,2,2:56,39,28,Washington Mystics,Minnesota Lynx,4583144.0,Cotie McMahon,,,,,30,3
2026-04-25,401866513293,Rori Harmon personal foul,Personal Foul,45,False,2,2:36,39,28,Washington Mystics,Minnesota Lynx,4433523.0,Rori Harmon,,,,,18,25
2026-04-25,401866513295,Nyla Harris shooting foul,Shooting Foul,44,False,2,2:28,39,28,Washington Mystics,Minnesota Lynx,4565510.0,Nyla Harris,,,,,32,3
2026-04-25,401866513297,Eliska Hamzova makes free throw 1 of 2,Free Throw - 1 of 2,98,True,2,2:28,39,29,Washington Mystics,Minnesota Lynx,5345478.0,Eliska Joklova,,,,,-214748340,-214748365
2026-04-25,401866513298,Eliska Hamzova makes free throw 2 of 2,Free Throw - 2 of 2,99,True,2,2:28,39,30,Washington Mystics,Minnesota Lynx,5345478.0,Eliska Joklova,,,,,-214748340,-214748365
2026-04-25,401866513299,Cassandre Prosper misses layup,Layup Shot,95,False,2,2:14,39,30,Washington Mystics,Minnesota Lynx,5122345.0,Cassandre Prosper,,,,,24,4
2026-04-25,401866513300,Cassandre Prosper offensive rebound,Offensive Rebound,156,False,2,2:13,39,30,Washington Mystics,Minnesota Lynx,5122345.0,Cassandre Prosper,,,,,24,4
2026-04-25,401866513301,Nia Coffey blocks Cassandre Prosper 's 3-foot layup,Layup Shot,95,False,2,2:11,39,30,Washington Mystics,Minnesota Lynx,5122345.0,Cassandre Prosper,3054590.0,Nia Coffey,,,28,2
2026-04-25,401866513303,Lucy Olsen offensive rebound,Offensive Rebound,156,False,2,2:08,39,30,Washington Mystics,Minnesota Lynx,4433815.0,Lucy Olsen,,,,,28,2
2026-04-25,401866513304,Cotie McMahon misses 25-foot three point jumper,Jump Shot,92,False,2,2:06,39,30,Washington Mystics,Minnesota Lynx,4583144.0,Cotie McMahon,,,,,24,25
2026-04-25,401866513305,Saylor Poffenbarger defensive rebound,Defensive Rebound,155,False,2,2:04,39,30,Washington Mystics,Minnesota Lynx,4433542.0,Saylor Poffenbarger,,,,,24,25
2026-04-25,401866513307,"Nyla Harris defensive 3-seconds (technical foul)
",Defensive 3-Seconds Technical,29,False,2,1:55,39,30,Washington Mystics,Minnesota Lynx,4565510.0,Nyla Harris,,,,,23,6
2026-04-25,401866513308,Olivia Miles makes technical free throw,Free Throw - Technical,103,True,2,1:55,39,31,Washington Mystics,Minnesota Lynx,4433791.0,Olivia Miles,,,,,-214748340,-214748365
2026-04-25,401866513309,Liatu King misses 12-foot two point shot,Turnaround Fade Away Jump Shot,137,False,2,1:44,39,31,Washington Mystics,Minnesota Lynx,4596309.0,Liatu King,,,,,14,4
2026-04-25,401866513310,Lucy Olsen defensive rebound,Defensive Rebound,155,False,2,1:41,39,31,Washington Mystics,Minnesota Lynx,4433815.0,Lucy Olsen,,,,,14,4
2026-04-25,401866513311,Cotie McMahon misses running pullup jump shot,Running Pullup Jump Shot,146,False,2,1:38,39,31,Washington Mystics,Minnesota Lynx,4583144.0,Cotie McMahon,,,,,46,15
2026-04-25,401866513312,Saylor Poffenbarger defensive rebound,Defensive Rebound,155,False,2,1:38,39,31,Washington Mystics,Minnesota Lynx,4433542.0,Saylor Poffenbarger,,,,,46,15
2026-04-25,401866513313,Lucy Olsen shooting foul,Shooting Foul,44,False,2,1:29,39,31,Washington Mystics,Minnesota Lynx,4433815.0,Lucy Olsen,,,,,28,4
2026-04-25,401866513315,Eliska Hamzova misses free throw 1 of 2,Free Throw - 1 of 2,98,False,2,1:29,39,31,Washington Mystics,Minnesota Lynx,5345478.0,Eliska Joklova,,,,,-214748340,-214748365
2026-04-25,401866513316,Lynx offensive team rebound,Offensive Rebound,156,False,2,1:29,39,31,Washington Mystics,Minnesota Lynx,,,,,,,-214748340,-214748365
2026-04-25,401866513317,Eliska Hamzova makes free throw 2 of 2,Free Throw - 2 of 2,99,True,2,1:29,39,32,Washington Mystics,Minnesota Lynx,5345478.0,Eliska Joklova,,,,,-214748340,-214748365
2026-04-25,401866513318,Lucy Olsen misses driving layup,Driving Layup Shot,110,False,2,1:18,39,32,Washington Mystics,Minnesota Lynx,4433815.0,Lucy Olsen,,,,,32,4
2026-04-25,401866513319,Liatu King defensive rebound,Defensive Rebound,155,False,2,1:17,39,32,Washington Mystics,Minnesota Lynx,4596309.0,Liatu King,,,,,32,4
2026-04-25,401866513322,(01:17) [Mystics] COACH'S CHALLENGE (CALL OVERTURNED) [Mystics] retain their timeout,Coach's Challenge (Overturned),215,False,2,1:17,39,32,Washington Mystics,Minnesota Lynx,,,,,,,-214748340,-214748365
2026-04-25,401866513324,Liatu King away from play foul,Away from Play Foul,40,False,2,1:17,39,32,Washington Mystics,Minnesota Lynx,4596309.0,Liatu King,,,,,29,17
2026-04-25,401866513327,Liatu King out of bounds lost ball turnover,Out of Bounds - Lost Ball Turnover,87,False,2,1:17,39,32,Washington Mystics,Minnesota Lynx,4596309.0,Liatu King,,,,,27,-3
2026-04-25,401866513328,Cotie McMahon misses free throw 1 of 1,Free Throw - 1 of 1,97,False,2,1:17,39,32,Washington Mystics,Minnesota Lynx,4583144.0,Cotie McMahon,,,,,-214748340,-214748365
2026-04-25,401866513350,Mystics Coach's Challenge,Challenge,213,False,2,1:17,39,32,Washington Mystics,Minnesota Lynx,,,,,,,-214748340,-214748365
2026-04-25,401866513329,Mystics offensive team rebound,Offensive Rebound,156,False,2,1:14,39,32,Washington Mystics,Minnesota Lynx,,,,,,,-214748340,-214748365
2026-04-25,401866513330,Nia Coffey shooting foul,Shooting Foul,44,False,2,1:11,39,32,Washington Mystics,Minnesota Lynx,3054590.0,Nia Coffey,,,,,30,6
2026-04-25,401866513332,Cotie McMahon misses free throw 1 of 2,Free Throw - 1 of 2,98,False,2,1:11,39,32,Washington Mystics,Minnesota Lynx,4583144.0,Cotie McMahon,,,,,-214748340,-214748365
2026-04-25,401866513333,Mystics offensive team rebound,Offensive Rebound,156,False,2,1:11,39,32,Washington Mystics,Minnesota Lynx,,,,,,,-214748340,-214748365
2026-04-25,401866513334,Cotie McMahon makes free throw 2 of 2,Free Throw - 2 of 2,99,True,2,1:11,40,32,Washington Mystics,Minnesota Lynx,4583144.0,Cotie McMahon,,,,,-214748340,-214748365
2026-04-25,401866513335,Liatu King misses 10-foot pullup jump shot,Pullup Jump Shot,131,False,2,57.0,40,32,Washington Mystics,Minnesota Lynx,4596309.0,Liatu King,,,,,30,9
2026-04-25,401866513336,Lucy Olsen defensive rebound,Defensive Rebound,155,False,2,54.8,40,32,Washington Mystics,Minnesota Lynx,4433815.0,Lucy Olsen,,,,,30,9
2026-04-25,401866513337,Saylor Poffenbarger blocks Cotie McMahon 's 7-foot driving layup,Driving Layup Shot,110,False,2,48.7,40,32,Washington Mystics,Minnesota Lynx,4583144.0,Cotie McMahon,4433542.0,Saylor Poffenbarger,,,32,3
2026-04-25,401866513339,Liatu King defensive rebound,Defensive Rebound,155,False,2,45.8,40,32,Washington Mystics,Minnesota Lynx,4596309.0,Liatu King,,,,,32,3
2026-04-25,401866513341,Nia Coffey misses driving floating jump shot,Driving Floating Jump Shot,144,False,2,27.3,40,32,Washington Mystics,Minnesota Lynx,3054590.0,Nia Coffey,,,,,29,8
2026-04-25,401866513342,Nia Coffey offensive rebound,Offensive Rebound,156,False,2,26.7,40,32,Washington Mystics,Minnesota Lynx,3054590.0,Nia Coffey,,,,,29,8
2026-04-25,401866513343,Cassandre Prosper shooting foul,Shooting Foul,44,False,2,26.7,40,32,Washington Mystics,Minnesota Lynx,5122345.0,Cassandre Prosper,,,,,30,1
2026-04-25,401866513345,Nia Coffey makes free throw 1 of 2,Free Throw - 1 of 2,98,True,2,26.7,40,33,Washington Mystics,Minnesota Lynx,3054590.0,Nia Coffey,,,,,-214748340,-214748365
2026-04-25,401866513346,Nia Coffey makes free throw 2 of 2,Free Throw - 2 of 2,99,True,2,26.7,40,34,Washington Mystics,Minnesota Lynx,3054590.0,Nia Coffey,,,,,-214748340,-214748365
2026-04-25,401866513347,"Cassandre Prosper bad pass
turnover (Liatu King steals)","Bad Pass
Turnover",62,False,2,6.4,40,34,Washington Mystics,Minnesota Lynx,5122345.0,Cassandre Prosper,4596309.0,Liatu King,,,14,21
2026-04-25,401866513349,Eliska Hamzova misses 5-foot running jump shot,Running Jump Shot,113,False,2,1.4,40,34,Washington Mystics,Minnesota Lynx,5345478.0,Eliska Joklova,,,,,31,1
2026-04-25,401866513351,Saylor Poffenbarger offensive rebound,Offensive Rebound,156,False,2,1.4,40,34,Washington Mystics,Minnesota Lynx,4433542.0,Saylor Poffenbarger,,,,,31,1
2026-04-25,401866513352,Saylor Poffenbarger makes tip shot,Tip Shot,94,True,2,0.0,40,36,Washington Mystics,Minnesota Lynx,4433542.0,Saylor Poffenbarger,,,,,25,0
2026-04-25,401866513353,(00:00) [Lynx] REF-INITIATED REVIEW (CALL STANDS),Ref-Initiated Review (Stands),280,False,2,0.0,40,36,Washington Mystics,Minnesota Lynx,,,,,,,-214748340,-214748365
2026-04-25,401866513354,End of the 2nd Quarter,End Period,412,False,2,0.0,40,36,Washington Mystics,Minnesota Lynx,,,,,,,-214748340,-214748365
2026-04-25,401866513355,Sonia Citron enters the game for Nyla Harris,Substitution,584,False,3,10:00,40,36,Washington Mystics,Minnesota Lynx,4433524.0,Sonia Citron,4565510.0,Nyla Harris,,,-214748340,-214748365
2026-04-25,401866513356,Georgia Amoore enters the game for Rori Harmon,Substitution,584,False,3,10:00,40,36,Washington Mystics,Minnesota Lynx,4704180.0,Georgia Amoore,4433523.0,Rori Harmon,,,-214748340,-214748365
2026-04-25,401866513357,Angela Dugalic enters the game for Cassandre Prosper,Substitution,584,False,3,10:00,40,36,Washington Mystics,Minnesota Lynx,4433411.0,Angela Dugalic,5122345.0,Cassandre Prosper,,,-214748340,-214748365
2026-04-25,401866513358,Lauren Betts enters the game for Lucy Olsen,Substitution,584,False,3,10:00,40,36,Washington Mystics,Minnesota Lynx,5105737.0,Lauren Betts,4433815.0,Lucy Olsen,,,-214748340,-214748365
2026-04-25,401866513359,Jaylyn Sherrod enters the game for Liatu King,Substitution,584,False,3,10:00,40,36,Washington Mystics,Minnesota Lynx,4433386.0,Jaylyn Sherrod,4596309.0,Liatu King,,,-214748340,-214748365
2026-04-25,401866513360,Aubrey Griffin enters the game for Olivia Miles,Substitution,584,False,3,10:00,40,36,Washington Mystics,Minnesota Lynx,4432844.0,Aubrey Griffin,4433791.0,Olivia Miles,,,-214748340,-214748365
2026-04-25,401866513361,Ra Shaya Kyle enters the game for Nia Coffey,Substitution,584,False,3,10:00,40,36,Washington Mystics,Minnesota Lynx,4703766.0,Ra Shaya Kyle,3054590.0,Nia Coffey,,,-214748340,-214748365
2026-04-25,401866513362,Antonia Delaere enters the game for Eliska Hamzova,Substitution,584,False,3,10:00,40,36,Washington Mystics,Minnesota Lynx,4873358.0,Antonia Delaere,5345478.0,Eliska Joklova,,,-214748340,-214748365
2026-04-25,401866513372,Aubrey Griffin makes 1-foot layup (Ra Shaya Kyle assists),Cutting Layup Shot,141,True,3,9:49,40,38,Washington Mystics,Minnesota Lynx,4432844.0,Aubrey Griffin,4703766.0,Ra Shaya Kyle,,,23,0
2026-04-25,401866513375,Sonia Citron misses 13-foot two point shot,Turnaround Fade Away Jump Shot,137,False,3,9:25,40,38,Washington Mystics,Minnesota Lynx,4433524.0,Sonia Citron,,,,,21,12
2026-04-25,401866513376,Ra Shaya Kyle defensive rebound,Defensive Rebound,155,False,3,9:22,40,38,Washington Mystics,Minnesota Lynx,4703766.0,Ra Shaya Kyle,,,,,21,12
2026-04-25,401866513377,Antonia Delaere makes 23-foot three point jumper (Jaylyn Sherrod assists),Jump Shot,92,True,3,9:03,40,41,Washington Mystics,Minnesota Lynx,4873358.0,Antonia Delaere,4433386.0,Jaylyn Sherrod,,,48,-3
2026-04-25,401866513379,Angela Dugalic misses 26-foot three point jumper,Jump Shot,92,False,3,8:48,40,41,Washington Mystics,Minnesota Lynx,4433411.0,Angela Dugalic,,,,,8,21
2026-04-25,401866513380,Saylor Poffenbarger defensive rebound,Defensive Rebound,155,False,3,8:45,40,41,Washington Mystics,Minnesota Lynx,4433542.0,Saylor Poffenbarger,,,,,8,21
2026-04-25,401866513381,Saylor Poffenbarger misses 26-foot three point jumper,Jump Shot,92,False,3,8:37,40,41,Washington Mystics,Minnesota Lynx,4433542.0,Saylor Poffenbarger,,,,,45,17
2026-04-25,401866513382,Sonia Citron defensive rebound,Defensive Rebound,155,False,3,8:32,40,41,Washington Mystics,Minnesota Lynx,4433524.0,Sonia Citron,,,,,45,17
2026-04-25,401866513383,Cotie McMahon misses 23-foot three point jumper,Jump Shot,92,False,3,8:27,40,41,Washington Mystics,Minnesota Lynx,4583144.0,Cotie McMahon,,,,,45,12
2026-04-25,401866513384,Aubrey Griffin defensive rebound,Defensive Rebound,155,False,3,8:24,40,41,Washington Mystics,Minnesota Lynx,4432844.0,Aubrey Griffin,,,,,45,12
2026-04-25,401866513385,Aubrey Griffin misses layup,Cutting Layup Shot,141,False,3,8:15,40,41,Washington Mystics,Minnesota Lynx,4432844.0,Aubrey Griffin,,,,,31,1
2026-04-25,401866513386,Georgia Amoore defensive rebound,Defensive Rebound,155,False,3,8:13,40,41,Washington Mystics,Minnesota Lynx,4704180.0,Georgia Amoore,,,,,31,1
2026-04-25,401866513387,Georgia Amoore misses 27-foot three point pullup jump shot,Pullup Jump Shot,131,False,3,8:09,40,41,Washington Mystics,Minnesota Lynx,4704180.0,Georgia Amoore,,,,,16,26
2026-04-25,401866513388,Antonia Delaere defensive rebound,Defensive Rebound,155,False,3,8:04,40,41,Washington Mystics,Minnesota Lynx,4873358.0,Antonia Delaere,,,,,16,26
2026-04-25,401866513389,Lauren Betts blocks Aubrey Griffin 's 5-foot running layup,Running Layup Shot,109,False,3,8:00,40,41,Washington Mystics,Minnesota Lynx,4432844.0,Aubrey Griffin,5105737.0,Lauren Betts,,,21,3
2026-04-25,401866513391,Ra Shaya Kyle offensive rebound,Offensive Rebound,156,False,3,7:59,40,41,Washington Mystics,Minnesota Lynx,4703766.0,Ra Shaya Kyle,,,,,21,3
2026-04-25,401866513392,Ra Shaya Kyle makes two point shot,Layup Shot Putback,125,True,3,7:59,40,43,Washington Mystics,Minnesota Lynx,4703766.0,Ra Shaya Kyle,,,,,25,1
2026-04-25,401866513393,Georgia Amoore shooting foul,Shooting Foul,44,False,3,7:59,40,43,Washington Mystics,Minnesota Lynx,4704180.0,Georgia Amoore,,,,,26,4
2026-04-25,401866513395,Ra Shaya Kyle makes free throw 1 of 1,Free Throw - 1 of 1,97,True,3,7:59,40,44,Washington Mystics,Minnesota Lynx,4703766.0,Ra Shaya Kyle,,,,,-214748340,-214748365
2026-04-25,401866513396,Antonia Delaere personal foul,Personal Foul,45,False,3,7:51,40,44,Washington Mystics,Minnesota Lynx,4873358.0,Antonia Delaere,,,,,19,20
2026-04-25,401866513398,Jaylyn Sherrod personal foul,Personal Foul,45,False,3,7:49,40,44,Washington Mystics,Minnesota Lynx,4433386.0,Jaylyn Sherrod,,,,,11,37
2026-04-25,401866513400,Angela Dugalic misses two point shot,Driving Finger Roll Layup,128,False,3,7:41,40,44,Washington Mystics,Minnesota Lynx,4433411.0,Angela Dugalic,,,,,22,1
2026-04-25,401866513401,Saylor Poffenbarger defensive rebound,Defensive Rebound,155,False,3,7:39,40,44,Washington Mystics,Minnesota Lynx,4433542.0,Saylor Poffenbarger,,,,,22,1
2026-04-25,401866513403,Sonia Citron shooting foul,Shooting Foul,44,False,3,7:26,40,44,Washington Mystics,Minnesota Lynx,4433524.0,Sonia Citron,,,,,28,0
2026-04-25,401866513405,Mystics Full timeout,Full Timeout,16,False,3,7:26,40,44,Washington Mystics,Minnesota Lynx,,,,,,,-214748340,-214748365
2026-04-25,401866513406,Aubrey Griffin makes free throw 1 of 2,Free Throw - 1 of 2,98,True,3,7:26,40,45,Washington Mystics,Minnesota Lynx,4432844.0,Aubrey Griffin,,,,,-214748340,-214748365
2026-04-25,401866513407,Aubrey Griffin makes free throw 2 of 2,Free Throw - 2 of 2,99,True,3,7:26,40,46,Washington Mystics,Minnesota Lynx,4432844.0,Aubrey Griffin,,,,,-214748340,-214748365
2026-04-25,401866513409,Jaylyn Sherrod personal foul,Personal Foul,45,False,3,7:06,40,46,Washington Mystics,Minnesota Lynx,4433386.0,Jaylyn Sherrod,,,,,15,18
2026-04-25,401866513411,Ra Shaya Kyle personal foul,Personal Foul,45,False,3,7:05,40,46,Washington Mystics,Minnesota Lynx,4703766.0,Ra Shaya Kyle,,,,,26,3
2026-04-25,401866513413,Aubrey Griffin blocks Sonia Citron 's 28-foot three point jumper,Jump Shot,92,False,3,6:52,40,46,Washington Mystics,Minnesota Lynx,4433524.0,Sonia Citron,4432844.0,Aubrey Griffin,,,20,28
2026-04-25,401866513415,Mystics offensive team rebound,Offensive Rebound,156,False,3,6:51,40,46,Washington Mystics,Minnesota Lynx,,,,,,,20,28
2026-04-25,401866513416,shot clock turnover ,Shot Clock Turnover,70,False,3,6:51,40,46,Washington Mystics,Minnesota Lynx,,,,,,,14,3
2026-04-25,401866513419,(06:51) [Lynx] REF-INITIATED REVIEW (CALL OVERTURNED),Ref-Initiated Review (Overturned),279,False,3,6:51,40,46,Washington Mystics,Minnesota Lynx,,,,,,,-214748340,-214748365
2026-04-25,401866513420,Rori Harmon enters the game for Georgia Amoore,Substitution,584,False,3,6:51,40,46,Washington Mystics,Minnesota Lynx,4433523.0,Rori Harmon,4704180.0,Georgia Amoore,,,-214748340,-214748365
2026-04-25,401866513421,Cassandre Prosper enters the game for Angela Dugalic,Substitution,584,False,3,6:51,40,46,Washington Mystics,Minnesota Lynx,5122345.0,Cassandre Prosper,4433411.0,Angela Dugalic,,,-214748340,-214748365
2026-04-25,401866513424,Sonia Citron kicked ball violation,Kicked Ball,12,False,3,6:36,40,46,Washington Mystics,Minnesota Lynx,4433524.0,Sonia Citron,,,,,-214748340,-214748365
2026-04-25,401866513425,Cotie McMahon personal foul,Personal Foul,45,False,3,6:36,40,46,Washington Mystics,Minnesota Lynx,4583144.0,Cotie McMahon,,,,,13,11
2026-04-25,401866513427,Antonia Delaere makes driving layup,Driving Layup Shot,110,True,3,6:26,40,48,Washington Mystics,Minnesota Lynx,4873358.0,Antonia Delaere,,,,,22,1
2026-04-25,401866513428,Rori Harmon lost ball turnover (Jaylyn Sherrod steals),Lost Ball Turnover,63,False,3,6:13,40,48,Washington Mystics,Minnesota Lynx,4433523.0,Rori Harmon,4433386.0,Jaylyn Sherrod,,,14,16
2026-04-25,401866513430,Rori Harmon shooting foul,Shooting Foul,44,False,3,6:12,40,48,Washington Mystics,Minnesota Lynx,4433523.0,Rori Harmon,,,,,27,2
2026-04-25,401866513432,Jaylyn Sherrod misses free throw 1 of 2,Free Throw - 1 of 2,98,False,3,6:12,40,48,Washington Mystics,Minnesota Lynx,4433386.0,Jaylyn Sherrod,,,,,-214748340,-214748365
2026-04-25,401866513433,Lynx offensive team rebound,Offensive Rebound,156,False,3,6:12,40,48,Washington Mystics,Minnesota Lynx,,,,,,,-214748340,-214748365
2026-04-25,401866513434,Lucy Olsen enters the game for Sonia Citron,Substitution,584,False,3,6:12,40,48,Washington Mystics,Minnesota Lynx,4433815.0,Lucy Olsen,4433524.0,Sonia Citron,,,-214748340,-214748365
2026-04-25,401866513436,Jaylyn Sherrod makes free throw 2 of 2,Free Throw - 2 of 2,99,True,3,6:12,40,49,Washington Mystics,Minnesota Lynx,4433386.0,Jaylyn Sherrod,,,,,-214748340,-214748365
2026-04-25,401866513437,Rori Harmon out of bounds bad pass turnover,Out of Bounds - Bad Pass Turnover,90,False,3,6:04,40,49,Washington Mystics,Minnesota Lynx,4433523.0,Rori Harmon,,,,,41,21
2026-04-25,401866513438,"Ra Shaya Kyle bad pass
turnover (Cotie McMahon steals)","Bad Pass
Turnover",62,False,3,5:50,40,49,Washington Mystics,Minnesota Lynx,4703766.0,Ra Shaya Kyle,4583144.0,Cotie McMahon,,,25,22
2026-04-25,401866513440,Lauren Betts misses 5-foot hook shot,Hook Shot,93,False,3,5:43,40,49,Washington Mystics,Minnesota Lynx,5105737.0,Lauren Betts,,,,,27,4
2026-04-25,401866513441,Ra Shaya Kyle defensive rebound,Defensive Rebound,155,False,3,5:42,40,49,Washington Mystics,Minnesota Lynx,4703766.0,Ra Shaya Kyle,,,,,27,4
2026-04-25,401866513443,Aubrey Griffin makes 3-foot layup (Ra Shaya Kyle assists),Cutting Layup Shot,141,True,3,5:25,40,51,Washington Mystics,Minnesota Lynx,4432844.0,Aubrey Griffin,4703766.0,Ra Shaya Kyle,,,28,1
2026-04-25,401866513445,Cotie McMahon misses 17-foot pullup jump shot,Pullup Jump Shot,131,False,3,4:59,40,51,Washington Mystics,Minnesota Lynx,4583144.0,Cotie McMahon,,,,,29,17
2026-04-25,401866513446,Ra Shaya Kyle defensive rebound,Defensive Rebound,155,False,3,4:56,40,51,Washington Mystics,Minnesota Lynx,4703766.0,Ra Shaya Kyle,,,,,29,17
2026-04-25,401866513447,Ra Shaya Kyle out of bounds bad pass turnover,Out of Bounds - Bad Pass Turnover,90,False,3,4:38,40,51,Washington Mystics,Minnesota Lynx,4703766.0,Ra Shaya Kyle,,,,,26,29
2026-04-25,401866513448,Darianna Littlepage-Buggs enters the game for Cassandre Prosper,Substitution,584,False,3,4:38,40,51,Washington Mystics,Minnesota Lynx,5106145.0,Darianna Littlepage-Buggs,5122345.0,Cassandre Prosper,,,-214748340,-214748365
2026-04-25,401866513449,Angela Dugalic enters the game for Cotie McMahon,Substitution,584,False,3,4:38,40,51,Washington Mystics,Minnesota Lynx,4433411.0,Angela Dugalic,4583144.0,Cotie McMahon,,,-214748340,-214748365
2026-04-25,401866513450,Jade Masogayo enters the game for Ra Shaya Kyle,Substitution,584,False,3,4:38,40,51,Washington Mystics,Minnesota Lynx,5109356.0,Jade Masogayo,4703766.0,Ra Shaya Kyle,,,-214748340,-214748365
2026-04-25,401866513454,Jaylyn Sherrod personal foul,Personal Foul,45,False,3,4:28,40,51,Washington Mystics,Minnesota Lynx,4433386.0,Jaylyn Sherrod,,,,,33,9
2026-04-25,401866513456,Rori Harmon misses free throw 1 of 2,Free Throw - 1 of 2,98,False,3,4:28,40,51,Washington Mystics,Minnesota Lynx,4433523.0,Rori Harmon,,,,,-214748340,-214748365
2026-04-25,401866513457,Mystics offensive team rebound,Offensive Rebound,156,False,3,4:28,40,51,Washington Mystics,Minnesota Lynx,,,,,,,-214748340,-214748365
2026-04-25,401866513458,Eliska Hamzova enters the game for Jaylyn Sherrod,Substitution,584,False,3,4:28,40,51,Washington Mystics,Minnesota Lynx,5345478.0,Eliska Joklova,4433386.0,Jaylyn Sherrod,,,-214748340,-214748365
2026-04-25,401866513460,Rori Harmon makes free throw 2 of 2,Free Throw - 2 of 2,99,True,3,4:28,41,51,Washington Mystics,Minnesota Lynx,4433523.0,Rori Harmon,,,,,-214748340,-214748365
2026-04-25,401866513461,"Jade Masogayo bad pass
turnover (Rori Harmon steals)","Bad Pass
Turnover",62,False,3,4:15,41,51,Washington Mystics,Minnesota Lynx,5109356.0,Jade Masogayo,4433523.0,Rori Harmon,,,27,23
2026-04-25,401866513463,"Angela Dugalic bad pass
turnover (Eliska Hamzova steals)","Bad Pass
Turnover",62,False,3,4:07,41,51,Washington Mystics,Minnesota Lynx,4433411.0,Angela Dugalic,5345478.0,Eliska Joklova,,,22,23
2026-04-25,401866513465,Antonia Delaere misses 24-foot three point jumper,Jump Shot,92,False,3,3:58,41,51,Washington Mystics,Minnesota Lynx,4873358.0,Antonia Delaere,,,,,49,-2
2026-04-25,401866513466,Lauren Betts defensive rebound,Defensive Rebound,155,False,3,3:54,41,51,Washington Mystics,Minnesota Lynx,5105737.0,Lauren Betts,,,,,49,-2
2026-04-25,401866513467,"Rori Harmon bad pass
turnover (Aubrey Griffin steals)","Bad Pass
Turnover",62,False,3,3:49,41,51,Washington Mystics,Minnesota Lynx,4433523.0,Rori Harmon,4432844.0,Aubrey Griffin,,,18,23
2026-04-25,401866513469,Jade Masogayo makes 16-foot jumper (Eliska Hamzova assists),Jump Shot,92,True,3,3:37,41,53,Washington Mystics,Minnesota Lynx,5109356.0,Jade Masogayo,5345478.0,Eliska Joklova,,,31,15
2026-04-25,401866513471,Jade Masogayo personal foul,Personal Foul,45,False,3,3:23,41,53,Washington Mystics,Minnesota Lynx,5109356.0,Jade Masogayo,,,,,21,7
2026-04-25,401866513473,Lauren Betts makes free throw 1 of 2,Free Throw - 1 of 2,98,True,3,3:23,42,53,Washington Mystics,Minnesota Lynx,5105737.0,Lauren Betts,,,,,-214748340,-214748365
2026-04-25,401866513474,Liatu King enters the game for Saylor Poffenbarger,Substitution,584,False,3,3:23,42,53,Washington Mystics,Minnesota Lynx,4596309.0,Liatu King,4433542.0,Saylor Poffenbarger,,,-214748340,-214748365
2026-04-25,401866513475,Reigan Richardson enters the game for Aubrey Griffin,Substitution,584,False,3,3:23,42,53,Washington Mystics,Minnesota Lynx,4433543.0,Reigan Richardson,4432844.0,Aubrey Griffin,,,-214748340,-214748365
2026-04-25,401866513478,Lauren Betts makes free throw 2 of 2,Free Throw - 2 of 2,99,True,3,3:23,43,53,Washington Mystics,Minnesota Lynx,5105737.0,Lauren Betts,,,,,-214748340,-214748365
2026-04-25,401866513479,Eliska Hamzova lost ball turnover (Angela Dugalic steals),Lost Ball Turnover,63,False,3,3:09,43,53,Washington Mystics,Minnesota Lynx,5345478.0,Eliska Joklova,4433411.0,Angela Dugalic,,,35,19
2026-04-25,401866513481,Jade Masogayo personal foul,Personal Foul,45,False,3,3:04,43,53,Washington Mystics,Minnesota Lynx,5109356.0,Jade Masogayo,,,,,26,5
2026-04-25,401866513483,Lauren Betts misses free throw 1 of 2,Free Throw - 1 of 2,98,False,3,3:04,43,53,Washington Mystics,Minnesota Lynx,5105737.0,Lauren Betts,,,,,-214748340,-214748365
2026-04-25,401866513484,Mystics offensive team rebound,Offensive Rebound,156,False,3,3:04,43,53,Washington Mystics,Minnesota Lynx,,,,,,,-214748340,-214748365
2026-04-25,401866513485,Sakima Walker enters the game for Jade Masogayo,Substitution,584,False,3,3:04,43,53,Washington Mystics,Minnesota Lynx,4433745.0,Sakima Walker,5109356.0,Jade Masogayo,,,-214748340,-214748365
2026-04-25,401866513487,Lauren Betts makes free throw 2 of 2,Free Throw - 2 of 2,99,True,3,3:04,44,53,Washington Mystics,Minnesota Lynx,5105737.0,Lauren Betts,,,,,-214748340,-214748365
2026-04-25,401866513488,Antonia Delaere misses 25-foot three point pullup jump shot,Pullup Jump Shot,131,False,3,2:48,44,53,Washington Mystics,Minnesota Lynx,4873358.0,Antonia Delaere,,,,,28,25
2026-04-25,401866513489,Sakima Walker offensive rebound,Offensive Rebound,156,False,3,2:43,44,53,Washington Mystics,Minnesota Lynx,4433745.0,Sakima Walker,,,,,28,25
2026-04-25,401866513490,Sakima Walker makes 1-foot reverse layup,Reverse Layup Shot,112,True,3,2:42,44,55,Washington Mystics,Minnesota Lynx,4433745.0,Sakima Walker,,,,,24,1
2026-04-25,401866513491,Lauren Betts misses layup,Cutting Layup Shot,141,False,3,2:27,44,55,Washington Mystics,Minnesota Lynx,5105737.0,Lauren Betts,,,,,29,1
2026-04-25,401866513492,Lynx defensive team rebound,Defensive Rebound,155,False,3,2:27,44,55,Washington Mystics,Minnesota Lynx,,,,,,,29,1
2026-04-25,401866513494,Cassandre Prosper enters the game for Lauren Betts,Substitution,584,False,3,2:27,44,55,Washington Mystics,Minnesota Lynx,5122345.0,Cassandre Prosper,5105737.0,Lauren Betts,,,-214748340,-214748365
2026-04-25,401866513497,Angela Dugalic personal foul,Personal Foul,45,False,3,2:14,44,55,Washington Mystics,Minnesota Lynx,4433411.0,Angela Dugalic,,,,,30,13
2026-04-25,401866513500,Eliska Hamzova makes free throw 1 of 2,Free Throw - 1 of 2,98,True,3,2:14,44,56,Washington Mystics,Minnesota Lynx,5345478.0,Eliska Joklova,,,,,-214748340,-214748365
2026-04-25,401866513501,Eliska Hamzova makes free throw 2 of 2,Free Throw - 2 of 2,99,True,3,2:14,44,57,Washington Mystics,Minnesota Lynx,5345478.0,Eliska Joklova,,,,,-214748340,-214748365
2026-04-25,401866513502,Darianna Littlepage-Buggs makes 2-foot layup (Cassandre Prosper assists),Cutting Layup Shot,141,True,3,1:56,46,57,Washington Mystics,Minnesota Lynx,5106145.0,Darianna Littlepage-Buggs,5122345.0,Cassandre Prosper,,,23,-1
2026-04-25,401866513504,Reigan Richardson misses driving layup,Driving Layup Shot,110,False,3,1:41,46,57,Washington Mystics,Minnesota Lynx,4433543.0,Reigan Richardson,,,,,21,3
2026-04-25,401866513505,Darianna Littlepage-Buggs defensive rebound,Defensive Rebound,155,False,3,1:39,46,57,Washington Mystics,Minnesota Lynx,5106145.0,Darianna Littlepage-Buggs,,,,,21,3
2026-04-25,401866513506,Lucy Olsen misses 26-foot three point jumper,Jump Shot,92,False,3,1:34,46,57,Washington Mystics,Minnesota Lynx,4433815.0,Lucy Olsen,,,,,17,25
2026-04-25,401866513507,Angela Dugalic offensive rebound,Offensive Rebound,156,False,3,1:31,46,57,Washington Mystics,Minnesota Lynx,4433411.0,Angela Dugalic,,,,,17,25
2026-04-25,401866513508,Eliska Hamzova blocks Angela Dugalic 's 4-foot two point shot,Layup Shot Putback,125,False,3,1:31,46,57,Washington Mystics,Minnesota Lynx,4433411.0,Angela Dugalic,5345478.0,Eliska Joklova,,,21,2
2026-04-25,401866513510,Antonia Delaere defensive rebound,Defensive Rebound,155,False,3,1:31,46,57,Washington Mystics,Minnesota Lynx,4873358.0,Antonia Delaere,,,,,21,2
2026-04-25,401866513511,Liatu King makes running layup (Antonia Delaere assists),Running Layup Shot,109,True,3,1:24,46,59,Washington Mystics,Minnesota Lynx,4596309.0,Liatu King,4873358.0,Antonia Delaere,,,22,1
2026-04-25,401866513513,Liatu King personal foul,Personal Foul,45,False,3,1:07,46,59,Washington Mystics,Minnesota Lynx,4596309.0,Liatu King,,,,,29,-1
2026-04-25,401866513515,Cassandre Prosper misses free throw 1 of 2,Free Throw - 1 of 2,98,False,3,1:07,46,59,Washington Mystics,Minnesota Lynx,5122345.0,Cassandre Prosper,,,,,-214748340,-214748365
2026-04-25,401866513516,Mystics offensive team rebound,Offensive Rebound,156,False,3,1:07,46,59,Washington Mystics,Minnesota Lynx,,,,,,,-214748340,-214748365
2026-04-25,401866513517,Cotie McMahon enters the game for Rori Harmon,Substitution,584,False,3,1:07,46,59,Washington Mystics,Minnesota Lynx,4583144.0,Cotie McMahon,4433523.0,Rori Harmon,,,-214748340,-214748365
2026-04-25,401866513519,Cassandre Prosper makes free throw 2 of 2,Free Throw - 2 of 2,99,True,3,1:07,47,59,Washington Mystics,Minnesota Lynx,5122345.0,Cassandre Prosper,,,,,-214748340,-214748365
2026-04-25,401866513520,Lucy Olsen personal foul,Personal Foul,45,False,3,58.6,47,59,Washington Mystics,Minnesota Lynx,4433815.0,Lucy Olsen,,,,,34,22
2026-04-25,401866513522,Eliska Hamzova makes free throw 1 of 2,Free Throw - 1 of 2,98,True,3,58.6,47,60,Washington Mystics,Minnesota Lynx,5345478.0,Eliska Joklova,,,,,-214748340,-214748365
2026-04-25,401866513523,Eliska Hamzova misses free throw 2 of 2,Free Throw - 2 of 2,99,False,3,58.6,47,60,Washington Mystics,Minnesota Lynx,5345478.0,Eliska Joklova,,,,,-214748340,-214748365
2026-04-25,401866513524,Darianna Littlepage-Buggs defensive rebound,Defensive Rebound,155,False,3,56.0,47,60,Washington Mystics,Minnesota Lynx,5106145.0,Darianna Littlepage-Buggs,,,,,-214748340,-214748365
2026-04-25,401866513525,Darianna Littlepage-Buggs misses 23-foot three point step back jumpshot,Step Back Jump Shot,132,False,3,35.5,47,60,Washington Mystics,Minnesota Lynx,5106145.0,Darianna Littlepage-Buggs,,,,,2,-1
2026-04-25,401866513526,Antonia Delaere defensive rebound,Defensive Rebound,155,False,3,32.7,47,60,Washington Mystics,Minnesota Lynx,4873358.0,Antonia Delaere,,,,,2,-1
2026-04-25,401866513527,Eliska Hamzova misses two point shot,Driving Floating Bank Jump Shot,145,False,3,21.7,47,60,Washington Mystics,Minnesota Lynx,5345478.0,Eliska Joklova,,,,,23,4
2026-04-25,401866513528,Eliska Hamzova offensive rebound,Offensive Rebound,156,False,3,20.0,47,60,Washington Mystics,Minnesota Lynx,5345478.0,Eliska Joklova,,,,,23,4
2026-04-25,401866513530,Liatu King makes 17-foot pullup jump shot (Eliska Hamzova assists),Pullup Jump Shot,131,True,3,18.5,47,62,Washington Mystics,Minnesota Lynx,4596309.0,Liatu King,5345478.0,Eliska Joklova,,,15,15
2026-04-25,401866513532,Lucy Olsen misses 28-foot three point pullup jump shot,Pullup Jump Shot,131,False,3,0.8,47,62,Washington Mystics,Minnesota Lynx,4433815.0,Lucy Olsen,,,,,31,27
2026-04-25,401866513533,Mystics offensive team rebound,Offensive Rebound,156,False,3,0.8,47,62,Washington Mystics,Minnesota Lynx,,,,,,,31,27
2026-04-25,401866513534,End of the 3rd Quarter,End Period,412,False,3,0.0,47,62,Washington Mystics,Minnesota Lynx,,,,,,,-214748340,-214748365
2026-04-25,401866513535,Sonia Citron enters the game for Darianna Littlepage-Buggs,Substitution,584,False,4,10:00,47,62,Washington Mystics,Minnesota Lynx,4433524.0,Sonia Citron,5106145.0,Darianna Littlepage-Buggs,,,-214748340,-214748365
2026-04-25,401866513536,Lauren Betts enters the game for Angela Dugalic,Substitution,584,False,4,10:00,47,62,Washington Mystics,Minnesota Lynx,5105737.0,Lauren Betts,4433411.0,Angela Dugalic,,,-214748340,-214748365
2026-04-25,401866513537,Jaylyn Sherrod enters the game for Eliska Hamzova,Substitution,584,False,4,10:00,47,62,Washington Mystics,Minnesota Lynx,4433386.0,Jaylyn Sherrod,5345478.0,Eliska Joklova,,,-214748340,-214748365
2026-04-25,401866513542,Antonia Delaere personal foul,Personal Foul,45,False,4,9:53,47,62,Washington Mystics,Minnesota Lynx,4873358.0,Antonia Delaere,,,,,15,12
2026-04-25,401866513544,shot clock turnover ,Shot Clock Turnover,70,False,4,9:35,47,62,Washington Mystics,Minnesota Lynx,,,,,,,35,3
2026-04-25,401866513545,Sakima Walker misses 9-foot floating jump shot,Floating Jump Shot,130,False,4,9:20,47,62,Washington Mystics,Minnesota Lynx,4433745.0,Sakima Walker,,,,,23,9
2026-04-25,401866513546,Lauren Betts defensive rebound,Defensive Rebound,155,False,4,9:18,47,62,Washington Mystics,Minnesota Lynx,5105737.0,Lauren Betts,,,,,23,9
2026-04-25,401866513547,Sonia Citron misses driving floating jump shot,Driving Floating Jump Shot,144,False,4,9:03,47,62,Washington Mystics,Minnesota Lynx,4433524.0,Sonia Citron,,,,,24,10
2026-04-25,401866513548,Liatu King defensive rebound,Defensive Rebound,155,False,4,9:01,47,62,Washington Mystics,Minnesota Lynx,4596309.0,Liatu King,,,,,24,10
2026-04-25,401866513549,Cassandre Prosper blocks Liatu King 's 9-foot driving floating jump shot,Driving Floating Jump Shot,144,False,4,8:51,47,62,Washington Mystics,Minnesota Lynx,4596309.0,Liatu King,5122345.0,Cassandre Prosper,,,33,5
2026-04-25,401866513551,Cassandre Prosper defensive rebound,Defensive Rebound,155,False,4,8:48,47,62,Washington Mystics,Minnesota Lynx,5122345.0,Cassandre Prosper,,,,,33,5
2026-04-25,401866513552,"Cassandre Prosper bad pass
turnover (Reigan Richardson steals)","Bad Pass
Turnover",62,False,4,8:43,47,62,Washington Mystics,Minnesota Lynx,5122345.0,Cassandre Prosper,4433543.0,Reigan Richardson,,,19,1
2026-04-25,401866513554,Sakima Walker makes 6-foot floating jump shot (Jaylyn Sherrod assists),Floating Jump Shot,130,True,4,8:33,47,64,Washington Mystics,Minnesota Lynx,4433745.0,Sakima Walker,4433386.0,Jaylyn Sherrod,,,25,7
2026-04-25,401866513556,Sakima Walker blocks Cassandre Prosper 's 4-foot layup,Cutting Layup Shot,141,False,4,8:13,47,64,Washington Mystics,Minnesota Lynx,5122345.0,Cassandre Prosper,4433745.0,Sakima Walker,,,28,2
2026-04-25,401866513558,Mystics offensive team rebound,Offensive Rebound,156,False,4,8:13,47,64,Washington Mystics,Minnesota Lynx,,,,,,,28,2
2026-04-25,401866513560,Aubrey Griffin enters the game for Liatu King,Substitution,584,False,4,8:13,47,64,Washington Mystics,Minnesota Lynx,4432844.0,Aubrey Griffin,4596309.0,Liatu King,,,-214748340,-214748365
2026-04-25,401866513561,Lani White enters the game for Antonia Delaere,Substitution,584,False,4,8:13,47,64,Washington Mystics,Minnesota Lynx,5105748.0,Lani White,4873358.0,Antonia Delaere,,,-214748340,-214748365
2026-04-25,401866513564,Lynx delay of game violation,Delay of Game,8,False,4,8:13,47,64,Washington Mystics,Minnesota Lynx,,,,,,,-214748340,-214748365
2026-04-25,401866513566,Lauren Betts misses 6-foot two point shot,Turnaround Fade Away Jump Shot,137,False,4,7:58,47,64,Washington Mystics,Minnesota Lynx,5105737.0,Lauren Betts,,,,,31,3
2026-04-25,401866513567,Aubrey Griffin defensive rebound,Defensive Rebound,155,False,4,7:56,47,64,Washington Mystics,Minnesota Lynx,4432844.0,Aubrey Griffin,,,,,31,3
2026-04-25,401866513568,Sakima Walker misses layup,Layup Shot,95,False,4,7:42,47,64,Washington Mystics,Minnesota Lynx,4433745.0,Sakima Walker,,,,,24,5
2026-04-25,401866513569,Sonia Citron defensive rebound,Defensive Rebound,155,False,4,7:42,47,64,Washington Mystics,Minnesota Lynx,4433524.0,Sonia Citron,,,,,24,5
2026-04-25,401866513570,Lani White shooting foul,Shooting Foul,44,False,4,7:38,47,64,Washington Mystics,Minnesota Lynx,5105748.0,Lani White,,,,,27,3
2026-04-25,401866513572,Cassandre Prosper makes free throw 1 of 2,Free Throw - 1 of 2,98,True,4,7:38,48,64,Washington Mystics,Minnesota Lynx,5122345.0,Cassandre Prosper,,,,,-214748340,-214748365
2026-04-25,401866513573,Kamaria McDaniel enters the game for Lucy Olsen,Substitution,584,False,4,7:38,48,64,Washington Mystics,Minnesota Lynx,4281233.0,Kamaria McDaniel,4433815.0,Lucy Olsen,,,-214748340,-214748365
2026-04-25,401866513575,Cassandre Prosper makes free throw 2 of 2,Free Throw - 2 of 2,99,True,4,7:38,49,64,Washington Mystics,Minnesota Lynx,5122345.0,Cassandre Prosper,,,,,-214748340,-214748365
2026-04-25,401866513576,Jaylyn Sherrod misses two point shot,Driving Finger Roll Layup,128,False,4,7:12,49,64,Washington Mystics,Minnesota Lynx,4433386.0,Jaylyn Sherrod,,,,,20,1
2026-04-25,401866513577,Sonia Citron defensive rebound,Defensive Rebound,155,False,4,7:10,49,64,Washington Mystics,Minnesota Lynx,4433524.0,Sonia Citron,,,,,20,1
2026-04-25,401866513578,Lauren Betts makes 1-foot layup (Cassandre Prosper assists),Cutting Layup Shot,141,True,4,6:57,51,64,Washington Mystics,Minnesota Lynx,5105737.0,Lauren Betts,5122345.0,Cassandre Prosper,,,23,0
2026-04-25,401866513581,Reigan Richardson offensive foul,Offensive Foul,42,False,4,6:43,51,64,Washington Mystics,Minnesota Lynx,4433543.0,Reigan Richardson,,,,,33,19
2026-04-25,401866513583,Reigan Richardson offensive foul turnover,Offensive Foul Turnover,84,False,4,6:43,51,64,Washington Mystics,Minnesota Lynx,4433543.0,Reigan Richardson,,,,,33,19
2026-04-25,401866513584,Lynx Full timeout,Full Timeout,16,False,4,6:43,51,64,Washington Mystics,Minnesota Lynx,,,,,,,-214748340,-214748365
2026-04-25,401866513585,Christeen Iwuala enters the game for Sonia Citron,Substitution,584,False,4,6:43,51,64,Washington Mystics,Minnesota Lynx,4682992.0,Christeen Iwuala,4433524.0,Sonia Citron,,,-214748340,-214748365
2026-04-25,401866513586,Nyla Harris enters the game for Lauren Betts,Substitution,584,False,4,6:43,51,64,Washington Mystics,Minnesota Lynx,4565510.0,Nyla Harris,5105737.0,Lauren Betts,,,-214748340,-214748365
2026-04-25,401866513587,Saylor Poffenbarger enters the game for Reigan Richardson,Substitution,584,False,4,6:43,51,64,Washington Mystics,Minnesota Lynx,4433542.0,Saylor Poffenbarger,4433543.0,Reigan Richardson,,,-214748340,-214748365
2026-04-25,401866513588,Ra Shaya Kyle enters the game for Sakima Walker,Substitution,584,False,4,6:43,51,64,Washington Mystics,Minnesota Lynx,4703766.0,Ra Shaya Kyle,4433745.0,Sakima Walker,,,-214748340,-214748365
2026-04-25,401866513593,Cotie McMahon offensive foul,Offensive Foul,42,False,4,6:34,51,64,Washington Mystics,Minnesota Lynx,4583144.0,Cotie McMahon,,,,,33,21
2026-04-25,401866513595,Cotie McMahon offensive foul turnover,Offensive Foul Turnover,84,False,4,6:34,51,64,Washington Mystics,Minnesota Lynx,4583144.0,Cotie McMahon,,,,,33,21
2026-04-25,401866513596,Saylor Poffenbarger misses 28-foot three point jumper,Jump Shot,92,False,4,6:23,51,64,Washington Mystics,Minnesota Lynx,4433542.0,Saylor Poffenbarger,,,,,12,25
2026-04-25,401866513597,Christeen Iwuala defensive rebound,Defensive Rebound,155,False,4,6:15,51,64,Washington Mystics,Minnesota Lynx,4682992.0,Christeen Iwuala,,,,,12,25
2026-04-25,401866513599,Cassandre Prosper makes layup (Cotie McMahon assists),Layup Shot,95,True,4,6:10,53,64,Washington Mystics,Minnesota Lynx,5122345.0,Cassandre Prosper,4583144.0,Cotie McMahon,,,21,5
2026-04-25,401866513601,Cotie McMahon shooting foul,Shooting Foul,44,False,4,5:49,53,64,Washington Mystics,Minnesota Lynx,4583144.0,Cotie McMahon,,,,,20,3
2026-04-25,401866513603,Ra Shaya Kyle makes free throw 1 of 2,Free Throw - 1 of 2,98,True,4,5:49,53,65,Washington Mystics,Minnesota Lynx,4703766.0,Ra Shaya Kyle,,,,,-214748340,-214748365
2026-04-25,401866513605,Darianna Littlepage-Buggs enters the game for Cotie McMahon,Substitution,584,False,4,5:49,53,65,Washington Mystics,Minnesota Lynx,5106145.0,Darianna Littlepage-Buggs,4583144.0,Cotie McMahon,,,-214748340,-214748365
2026-04-25,401866513608,Ra Shaya Kyle makes free throw 2 of 2,Free Throw - 2 of 2,99,True,4,5:49,53,66,Washington Mystics,Minnesota Lynx,4703766.0,Ra Shaya Kyle,,,,,-214748340,-214748365
2026-04-25,401866513609,Lucy Olsen enters the game for Cassandre Prosper,Substitution,584,False,4,5:49,53,66,Washington Mystics,Minnesota Lynx,4433815.0,Lucy Olsen,5122345.0,Cassandre Prosper,,,-214748340,-214748365
2026-04-25,401866513610,Lucy Olsen makes driving layup,Driving Layup Shot,110,True,4,5:34,55,66,Washington Mystics,Minnesota Lynx,4433815.0,Lucy Olsen,,,,,21,1
2026-04-25,401866513611,Lani White misses 24-foot three point jumper,Jump Shot,92,False,4,5:23,55,66,Washington Mystics,Minnesota Lynx,5105748.0,Lani White,,,,,48,9
2026-04-25,401866513612,Saylor Poffenbarger offensive rebound,Offensive Rebound,156,False,4,5:22,55,66,Washington Mystics,Minnesota Lynx,4433542.0,Saylor Poffenbarger,,,,,48,9
2026-04-25,401866513613,Saylor Poffenbarger makes layup,Layup Shot,95,True,4,5:21,55,68,Washington Mystics,Minnesota Lynx,4433542.0,Saylor Poffenbarger,,,,,29,-2
2026-04-25,401866513614,Nyla Harris makes layup (Lucy Olsen assists),Layup Shot,95,True,4,5:13,57,68,Washington Mystics,Minnesota Lynx,4565510.0,Nyla Harris,4433815.0,Lucy Olsen,,,28,2
2026-04-25,401866513616,Jaylyn Sherrod makes driving layup,Driving Layup Shot,110,True,4,4:48,57,70,Washington Mystics,Minnesota Lynx,4433386.0,Jaylyn Sherrod,,,,,26,1
2026-04-25,401866513617,Lani White shooting foul,Shooting Foul,44,False,4,4:39,57,70,Washington Mystics,Minnesota Lynx,5105748.0,Lani White,,,,,32,3
2026-04-25,401866513619,Kamaria McDaniel makes free throw 1 of 2,Free Throw - 1 of 2,98,True,4,4:39,58,70,Washington Mystics,Minnesota Lynx,4281233.0,Kamaria McDaniel,,,,,-214748340,-214748365
2026-04-25,401866513620,Amaya Battle enters the game for Jaylyn Sherrod,Substitution,584,False,4,4:39,58,70,Washington Mystics,Minnesota Lynx,4682766.0,Amaya Battle,4433386.0,Jaylyn Sherrod,,,-214748340,-214748365
2026-04-25,401866513621,Jade Masogayo enters the game for Ra Shaya Kyle,Substitution,584,False,4,4:39,58,70,Washington Mystics,Minnesota Lynx,5109356.0,Jade Masogayo,4703766.0,Ra Shaya Kyle,,,-214748340,-214748365
2026-04-25,401866513624,Kamaria McDaniel misses free throw 2 of 2,Free Throw - 2 of 2,99,False,4,4:39,58,70,Washington Mystics,Minnesota Lynx,4281233.0,Kamaria McDaniel,,,,,-214748340,-214748365
2026-04-25,401866513625,Saylor Poffenbarger defensive rebound,Defensive Rebound,155,False,4,4:36,58,70,Washington Mystics,Minnesota Lynx,4433542.0,Saylor Poffenbarger,,,,,-214748340,-214748365
2026-04-25,401866513626,Jade Masogayo offensive foul,Offensive Foul,42,False,4,4:30,58,70,Washington Mystics,Minnesota Lynx,5109356.0,Jade Masogayo,,,,,35,29
2026-04-25,401866513628,Jade Masogayo offensive foul turnover,Offensive Foul Turnover,84,False,4,4:30,58,70,Washington Mystics,Minnesota Lynx,5109356.0,Jade Masogayo,,,,,35,29
2026-04-25,401866513629,Sakima Walker enters the game for Jade Masogayo,Substitution,584,False,4,4:30,58,70,Washington Mystics,Minnesota Lynx,4433745.0,Sakima Walker,5109356.0,Jade Masogayo,,,-214748340,-214748365
2026-04-25,401866513631,"Christeen Iwuala bad pass
turnover (Amaya Battle steals)","Bad Pass
Turnover",62,False,4,4:15,58,70,Washington Mystics,Minnesota Lynx,4682992.0,Christeen Iwuala,4682766.0,Amaya Battle,,,22,25
2026-04-25,401866513633,Kamaria McDaniel shooting foul,Shooting Foul,44,False,4,4:13,58,70,Washington Mystics,Minnesota Lynx,4281233.0,Kamaria McDaniel,,,,,25,2
2026-04-25,401866513635,Amaya Battle misses free throw 1 of 2,Free Throw - 1 of 2,98,False,4,4:13,58,70,Washington Mystics,Minnesota Lynx,4682766.0,Amaya Battle,,,,,-214748340,-214748365
2026-04-25,401866513636,Lynx offensive team rebound,Offensive Rebound,156,False,4,4:13,58,70,Washington Mystics,Minnesota Lynx,,,,,,,-214748340,-214748365
2026-04-25,401866513637,Amaya Battle misses free throw 2 of 2,Free Throw - 2 of 2,99,False,4,4:13,58,70,Washington Mystics,Minnesota Lynx,4682766.0,Amaya Battle,,,,,-214748340,-214748365
2026-04-25,401866513638,Christeen Iwuala defensive rebound,Defensive Rebound,155,False,4,4:11,58,70,Washington Mystics,Minnesota Lynx,4682992.0,Christeen Iwuala,,,,,-214748340,-214748365
2026-04-25,401866513639,Sakima Walker blocks Christeen Iwuala 's 3-foot driving layup,Driving Layup Shot,110,False,4,3:57,58,70,Washington Mystics,Minnesota Lynx,4682992.0,Christeen Iwuala,4433745.0,Sakima Walker,,,29,0
2026-04-25,401866513641,Mystics offensive team rebound,Offensive Rebound,156,False,4,3:57,58,70,Washington Mystics,Minnesota Lynx,,,,,,,29,0
2026-04-25,401866513643,Kamaria McDaniel misses 23-foot three point jumper,Jump Shot,92,False,4,3:52,58,70,Washington Mystics,Minnesota Lynx,4281233.0,Kamaria McDaniel,,,,,2,2
2026-04-25,401866513644,Kamaria McDaniel offensive rebound,Offensive Rebound,156,False,4,3:49,58,70,Washington Mystics,Minnesota Lynx,4281233.0,Kamaria McDaniel,,,,,2,2
2026-04-25,401866513645,Christeen Iwuala misses layup,Layup Shot,95,False,4,3:46,58,70,Washington Mystics,Minnesota Lynx,4682992.0,Christeen Iwuala,,,,,27,1
2026-04-25,401866513646,Amaya Battle defensive rebound,Defensive Rebound,155,False,4,3:45,58,70,Washington Mystics,Minnesota Lynx,4682766.0,Amaya Battle,,,,,27,1
2026-04-25,401866513647,"Aubrey Griffin bad pass
turnover (Christeen Iwuala steals)","Bad Pass
Turnover",62,False,4,3:39,58,70,Washington Mystics,Minnesota Lynx,4432844.0,Aubrey Griffin,4682992.0,Christeen Iwuala,,,15,16
2026-04-25,401866513649,Amaya Battle shooting foul,Shooting Foul,44,False,4,3:34,58,70,Washington Mystics,Minnesota Lynx,4682766.0,Amaya Battle,,,,,15,5
2026-04-25,401866513651,Darianna Littlepage-Buggs makes free throw 1 of 2,Free Throw - 1 of 2,98,True,4,3:34,59,70,Washington Mystics,Minnesota Lynx,5106145.0,Darianna Littlepage-Buggs,,,,,-214748340,-214748365
2026-04-25,401866513652,Madison Scott enters the game for Lucy Olsen,Substitution,584,False,4,3:34,59,70,Washington Mystics,Minnesota Lynx,4433416.0,Madison Scott,4433815.0,Lucy Olsen,,,-214748340,-214748365
2026-04-25,401866513654,Darianna Littlepage-Buggs misses free throw 2 of 2,Free Throw - 2 of 2,99,False,4,3:34,59,70,Washington Mystics,Minnesota Lynx,5106145.0,Darianna Littlepage-Buggs,,,,,-214748340,-214748365
2026-04-25,401866513655,Darianna Littlepage-Buggs offensive rebound,Offensive Rebound,156,False,4,3:33,59,70,Washington Mystics,Minnesota Lynx,5106145.0,Darianna Littlepage-Buggs,,,,,-214748340,-214748365
2026-04-25,401866513656,Amaya Battle shooting foul,Shooting Foul,44,False,4,3:33,59,70,Washington Mystics,Minnesota Lynx,4682766.0,Amaya Battle,,,,,31,4
2026-04-25,401866513658,Darianna Littlepage-Buggs makes free throw 1 of 2,Free Throw - 1 of 2,98,True,4,3:33,60,70,Washington Mystics,Minnesota Lynx,5106145.0,Darianna Littlepage-Buggs,,,,,-214748340,-214748365
2026-04-25,401866513659,Darianna Littlepage-Buggs makes free throw 2 of 2,Free Throw - 2 of 2,99,True,4,3:33,61,70,Washington Mystics,Minnesota Lynx,5106145.0,Darianna Littlepage-Buggs,,,,,-214748340,-214748365
2026-04-25,401866513660,Kamaria McDaniel blocks Amaya Battle 's 6-foot driving layup,Driving Layup Shot,110,False,4,3:21,61,70,Washington Mystics,Minnesota Lynx,4682766.0,Amaya Battle,4281233.0,Kamaria McDaniel,,,30,3
2026-04-25,401866513662,Lynx offensive team rebound,Offensive Rebound,156,False,4,3:21,61,70,Washington Mystics,Minnesota Lynx,,,,,,,30,3
2026-04-25,401866513664,Lynx Full timeout,Full Timeout,16,False,4,3:21,61,70,Washington Mystics,Minnesota Lynx,,,,,,,-214748340,-214748365
2026-04-25,401866513665,Jaylyn Sherrod enters the game for Amaya Battle,Substitution,584,False,4,3:21,61,70,Washington Mystics,Minnesota Lynx,4433386.0,Jaylyn Sherrod,4682766.0,Amaya Battle,,,-214748340,-214748365
2026-04-25,401866513667,Lani White misses 24-foot three point pullup jump shot,Pullup Jump Shot,131,False,4,3:12,61,70,Washington Mystics,Minnesota Lynx,5105748.0,Lani White,,,,,10,18
2026-04-25,401866513668,Saylor Poffenbarger offensive rebound,Offensive Rebound,156,False,4,3:10,61,70,Washington Mystics,Minnesota Lynx,4433542.0,Saylor Poffenbarger,,,,,10,18
2026-04-25,401866513669,Sakima Walker offensive foul,Offensive Foul,42,False,4,3:03,61,70,Washington Mystics,Minnesota Lynx,4433745.0,Sakima Walker,,,,,29,24
2026-04-25,401866513671,Sakima Walker offensive foul turnover,Offensive Foul Turnover,84,False,4,3:03,61,70,Washington Mystics,Minnesota Lynx,4433745.0,Sakima Walker,,,,,29,24
2026-04-25,401866513672,Darianna Littlepage-Buggs misses driving layup,Driving Layup Shot,110,False,4,2:48,61,70,Washington Mystics,Minnesota Lynx,5106145.0,Darianna Littlepage-Buggs,,,,,26,1
2026-04-25,401866513673,Sakima Walker defensive rebound,Defensive Rebound,155,False,4,2:46,61,70,Washington Mystics,Minnesota Lynx,4433745.0,Sakima Walker,,,,,26,1
2026-04-25,401866513674,Jaylyn Sherrod makes driving layup,Driving Layup Shot,110,True,4,2:38,61,72,Washington Mystics,Minnesota Lynx,4433386.0,Jaylyn Sherrod,,,,,23,0
2026-04-25,401866513675,Jaylyn Sherrod shooting foul,Shooting Foul,44,False,4,2:30,61,72,Washington Mystics,Minnesota Lynx,4433386.0,Jaylyn Sherrod,,,,,19,4
2026-04-25,401866513677,Kamaria McDaniel misses free throw 1 of 2,Free Throw - 1 of 2,98,False,4,2:30,61,72,Washington Mystics,Minnesota Lynx,4281233.0,Kamaria McDaniel,,,,,-214748340,-214748365
2026-04-25,401866513678,Mystics offensive team rebound,Offensive Rebound,156,False,4,2:30,61,72,Washington Mystics,Minnesota Lynx,,,,,,,-214748340,-214748365
2026-04-25,401866513679,Kamaria McDaniel misses free throw 2 of 2,Free Throw - 2 of 2,99,False,4,2:30,61,72,Washington Mystics,Minnesota Lynx,4281233.0,Kamaria McDaniel,,,,,-214748340,-214748365
2026-04-25,401866513680,Nyla Harris offensive rebound,Offensive Rebound,156,False,4,2:26,61,72,Washington Mystics,Minnesota Lynx,4565510.0,Nyla Harris,,,,,-214748340,-214748365
2026-04-25,401866513681,Kamaria McDaniel misses 21-foot pullup jump shot,Pullup Jump Shot,131,False,4,2:20,61,72,Washington Mystics,Minnesota Lynx,4281233.0,Kamaria McDaniel,,,,,28,21
2026-04-25,401866513682,Saylor Poffenbarger defensive rebound,Defensive Rebound,155,False,4,2:17,61,72,Washington Mystics,Minnesota Lynx,4433542.0,Saylor Poffenbarger,,,,,28,21
2026-04-25,401866513683,Christeen Iwuala personal foul,Personal Foul,45,False,4,2:03,61,72,Washington Mystics,Minnesota Lynx,4682992.0,Christeen Iwuala,,,,,24,3
2026-04-25,401866513685,Nyla Harris shooting foul,Shooting Foul,44,False,4,1:55,61,72,Washington Mystics,Minnesota Lynx,4565510.0,Nyla Harris,,,,,34,4
2026-04-25,401866513687,Lani White misses free throw 1 of 2,Free Throw - 1 of 2,98,False,4,1:55,61,72,Washington Mystics,Minnesota Lynx,5105748.0,Lani White,,,,,-214748340,-214748365
2026-04-25,401866513688,Lynx offensive team rebound,Offensive Rebound,156,False,4,1:55,61,72,Washington Mystics,Minnesota Lynx,,,,,,,-214748340,-214748365
2026-04-25,401866513689,Lani White makes free throw 2 of 2,Free Throw - 2 of 2,99,True,4,1:55,61,73,Washington Mystics,Minnesota Lynx,5105748.0,Lani White,,,,,-214748340,-214748365
2026-04-25,401866513690,"Darianna Littlepage-Buggs bad pass
turnover (Jaylyn Sherrod steals)","Bad Pass
Turnover",62,False,4,1:40,61,73,Washington Mystics,Minnesota Lynx,5106145.0,Darianna Littlepage-Buggs,4433386.0,Jaylyn Sherrod,,,16,22
2026-04-25,401866513692,Jaylyn Sherrod makes running layup,Running Layup Shot,109,True,4,1:38,61,75,Washington Mystics,Minnesota Lynx,4433386.0,Jaylyn Sherrod,,,,,22,2
2026-04-25,401866513693,Sakima Walker shooting foul,Shooting Foul,44,False,4,1:28,61,75,Washington Mystics,Minnesota Lynx,4433745.0,Sakima Walker,,,,,19,7
2026-04-25,401866513695,Christeen Iwuala makes free throw 1 of 2,Free Throw - 1 of 2,98,True,4,1:28,62,75,Washington Mystics,Minnesota Lynx,4682992.0,Christeen Iwuala,,,,,-214748340,-214748365
2026-04-25,401866513696,Christeen Iwuala misses free throw 2 of 2,Free Throw - 2 of 2,99,False,4,1:28,62,75,Washington Mystics,Minnesota Lynx,4682992.0,Christeen Iwuala,,,,,-214748340,-214748365
2026-04-25,401866513697,Nyla Harris offensive rebound,Offensive Rebound,156,False,4,1:26,62,75,Washington Mystics,Minnesota Lynx,4565510.0,Nyla Harris,,,,,-214748340,-214748365
2026-04-25,401866513698,Nyla Harris makes two point shot,Layup Shot Putback,125,True,4,1:26,64,75,Washington Mystics,Minnesota Lynx,4565510.0,Nyla Harris,,,,,27,2
2026-04-25,401866513699,Jaylyn Sherrod makes driving layup (Sakima Walker assists),Driving Layup Shot,110,True,4,1:13,64,77,Washington Mystics,Minnesota Lynx,4433386.0,Jaylyn Sherrod,4433745.0,Sakima Walker,,,28,-1
2026-04-25,401866513701,Christeen Iwuala makes 2-foot floating jump shot (Kamaria McDaniel assists),Floating Jump Shot,130,True,4,1:01,66,77,Washington Mystics,Minnesota Lynx,4682992.0,Christeen Iwuala,4281233.0,Kamaria McDaniel,,,25,2
2026-04-25,401866513703,Lani White misses driving floating jump shot,Driving Floating Jump Shot,144,False,4,37.1,66,77,Washington Mystics,Minnesota Lynx,5105748.0,Lani White,,,,,25,11
2026-04-25,401866513704,Christeen Iwuala defensive rebound,Defensive Rebound,155,False,4,35.3,66,77,Washington Mystics,Minnesota Lynx,4682992.0,Christeen Iwuala,,,,,25,11
2026-04-25,401866513705,Christeen Iwuala misses layup,Cutting Layup Shot,141,False,4,24.5,66,77,Washington Mystics,Minnesota Lynx,4682992.0,Christeen Iwuala,,,,,25,3
2026-04-25,401866513706,Lynx defensive team rebound,Defensive Rebound,155,False,4,24.5,66,77,Washington Mystics,Minnesota Lynx,,,,,,,25,3
2026-04-25,401866513708,Eliska Hamzova enters the game for Jaylyn Sherrod,Substitution,584,False,4,24.5,66,77,Washington Mystics,Minnesota Lynx,5345478.0,Eliska Joklova,4433386.0,Jaylyn Sherrod,,,-214748340,-214748365
2026-04-25,401866513710,shot clock turnover ,Shot Clock Turnover,70,False,4,0.4,66,77,Washington Mystics,Minnesota Lynx,,,,,,,27,32
2026-04-25,401866513711,End of the 4th Quarter,End Period,412,False,4,0.0,66,77,Washington Mystics,Minnesota Lynx,,,,,,,-214748340,-214748365
2026-04-25,401866513712,End of Game,End Game,402,False,4,0.0,66,77,Washington Mystics,Minnesota Lynx,,,,,,,-214748340,-214748365
2026-04-25,4018665144,Dominique Malonga vs. Kiah Stokes (Veronica Burton gains possession),Jumpball,615,False,1,10:00,0,0,Golden State Valkyries,Seattle Storm,2590093.0,Kiah Stokes,5220150.0,Dominique Malonga,4398935.0,Veronica Burton,-214748340,-214748365
2026-04-25,4018665147,Veronica Burton makes 25-foot three point step back jumpshot,Step Back Jump Shot,132,True,1,9:44,3,0,Golden State Valkyries,Seattle Storm,4398935.0,Veronica Burton,,,,,41,20
2026-04-25,4018665149,Flau'jae Johnson misses 12-foot jumper,Jump Shot,92,False,1,9:27,3,0,Golden State Valkyries,Seattle Storm,4698736.0,Flau'jae Johnson,,,,,27,12
2026-04-25,40186651410,Veronica Burton defensive rebound,Defensive Rebound,155,False,1,9:22,3,0,Golden State Valkyries,Seattle Storm,4398935.0,Veronica Burton,,,,,27,12
2026-04-25,40186651411,Kayla Thornton misses 24-foot three point jumper,Jump Shot,92,False,1,9:11,3,0,Golden State Valkyries,Seattle Storm,2529622.0,Kayla Thornton,,,,,41,19
2026-04-25,40186651412,Dominique Malonga defensive rebound,Defensive Rebound,155,False,1,9:06,3,0,Golden State Valkyries,Seattle Storm,5220150.0,Dominique Malonga,,,,,41,19
2026-04-25,40186651413,Dominique Malonga makes 12-foot fade away jump shot,Fade Away Jump Shot,121,True,1,8:57,3,2,Golden State Valkyries,Seattle Storm,5220150.0,Dominique Malonga,,,,,13,5
2026-04-25,40186651416,Kayla Thornton misses 25-foot three point jumper,Jump Shot,92,False,1,8:34,3,2,Golden State Valkyries,Seattle Storm,2529622.0,Kayla Thornton,,,,,43,18
2026-04-25,40186651417,Kate Martin offensive rebound,Offensive Rebound,156,False,1,8:30,3,2,Golden State Valkyries,Seattle Storm,4398907.0,Kate Martin,,,,,43,18
2026-04-25,40186651418,Kiah Stokes misses 23-foot three point jumper,Jump Shot,92,False,1,8:24,3,2,Golden State Valkyries,Seattle Storm,2590093.0,Kiah Stokes,,,,,2,2
2026-04-25,40186651419,Flau'jae Johnson defensive rebound,Defensive Rebound,155,False,1,8:21,3,2,Golden State Valkyries,Seattle Storm,4698736.0,Flau'jae Johnson,,,,,2,2
2026-04-25,40186651420,Kate Martin shooting foul,Shooting Foul,44,False,1,8:12,3,2,Golden State Valkyries,Seattle Storm,4398907.0,Kate Martin,,,,,21,-1
2026-04-25,40186651422,Lexie Brown makes free throw 1 of 2,Free Throw - 1 of 2,98,True,1,8:12,3,3,Golden State Valkyries,Seattle Storm,3058892.0,Lexie Brown,,,,,-214748340,-214748365
2026-04-25,40186651423,Lexie Brown misses free throw 2 of 2,Free Throw - 2 of 2,99,False,1,8:12,3,3,Golden State Valkyries,Seattle Storm,3058892.0,Lexie Brown,,,,,-214748340,-214748365
2026-04-25,40186651424,Kate Martin defensive rebound,Defensive Rebound,155,False,1,8:09,3,3,Golden State Valkyries,Seattle Storm,4398907.0,Kate Martin,,,,,-214748340,-214748365
2026-04-25,40186651425,Jade Melbourne personal foul,Personal Foul,45,False,1,8:02,3,3,Golden State Valkyries,Seattle Storm,5017726.0,Jade Melbourne,,,,,22,8
2026-04-25,40186651427,Tiffany Hayes offensive charge,Offensive Charge,24,False,1,7:59,3,3,Golden State Valkyries,Seattle Storm,1054.0,Tiffany Hayes,,,,,23,6
2026-04-25,40186651429,Tiffany Hayes offensive foul turnover,Offensive Foul Turnover,84,False,1,7:59,3,3,Golden State Valkyries,Seattle Storm,1054.0,Tiffany Hayes,,,,,23,6
2026-04-25,40186651430,Jade Melbourne makes 7-foot floating jump shot,Floating Jump Shot,130,True,1,7:45,3,5,Golden State Valkyries,Seattle Storm,5017726.0,Jade Melbourne,,,,,24,7
2026-04-25,40186651431,Tiffany Hayes makes 24-foot three point jumper (Veronica Burton assists),Jump Shot,92,True,1,7:35,6,5,Golden State Valkyries,Seattle Storm,1054.0,Tiffany Hayes,4398935.0,Veronica Burton,,,43,16
2026-04-25,40186651433,Kayla Thornton shooting foul,Shooting Foul,44,False,1,7:24,6,5,Golden State Valkyries,Seattle Storm,2529622.0,Kayla Thornton,,,,,22,5
2026-04-25,40186651435,Dominique Malonga makes free throw 1 of 2,Free Throw - 1 of 2,98,True,1,7:24,6,6,Golden State Valkyries,Seattle Storm,5220150.0,Dominique Malonga,,,,,-214748340,-214748365
2026-04-25,40186651436,Dominique Malonga makes free throw 2 of 2,Free Throw - 2 of 2,99,True,1,7:24,6,7,Golden State Valkyries,Seattle Storm,5220150.0,Dominique Malonga,,,,,-214748340,-214748365
2026-04-25,40186651437,Kayla Thornton makes 12-foot turnaround jump shot,Turnaround Jump Shot,114,True,1,7:02,8,7,Golden State Valkyries,Seattle Storm,2529622.0,Kayla Thornton,,,,,14,6
2026-04-25,40186651438,Stefanie Dolson misses 23-foot three point jumper,Jump Shot,92,False,1,6:53,8,7,Golden State Valkyries,Seattle Storm,2529183.0,Stefanie Dolson,,,,,9,18
2026-04-25,40186651439,Kate Martin defensive rebound,Defensive Rebound,155,False,1,6:48,8,7,Golden State Valkyries,Seattle Storm,4398907.0,Kate Martin,,,,,9,18
2026-04-25,40186651440,Veronica Burton makes 24-foot three point step back jumpshot,Step Back Jump Shot,132,True,1,6:39,11,7,Golden State Valkyries,Seattle Storm,4398935.0,Veronica Burton,,,,,5,13
2026-04-25,40186651441,Flau'jae Johnson misses layup,Cutting Layup Shot,141,False,1,6:22,11,7,Golden State Valkyries,Seattle Storm,4698736.0,Flau'jae Johnson,,,,,23,-1
2026-04-25,40186651442,Flau'jae Johnson offensive rebound,Offensive Rebound,156,False,1,6:19,11,7,Golden State Valkyries,Seattle Storm,4698736.0,Flau'jae Johnson,,,,,23,-1
2026-04-25,40186651443,Jade Melbourne misses layup,Layup Shot,95,False,1,6:13,11,7,Golden State Valkyries,Seattle Storm,5017726.0,Jade Melbourne,,,,,22,0
2026-04-25,40186651444,Kate Martin defensive rebound,Defensive Rebound,155,False,1,6:10,11,7,Golden State Valkyries,Seattle Storm,4398907.0,Kate Martin,,,,,22,0
2026-04-25,40186651445,Stefanie Dolson shooting foul,Shooting Foul,44,False,1,5:54,11,7,Golden State Valkyries,Seattle Storm,2529183.0,Stefanie Dolson,,,,,23,2
2026-04-25,40186651447,Kate Martin makes free throw 1 of 2,Free Throw - 1 of 2,98,True,1,5:54,12,7,Golden State Valkyries,Seattle Storm,4398907.0,Kate Martin,,,,,-214748340,-214748365
2026-04-25,40186651448,Zia Cooke enters the game for Stefanie Dolson,Substitution,584,False,1,5:54,12,7,Golden State Valkyries,Seattle Storm,4432832.0,Zia Cooke,2529183.0,Stefanie Dolson,,,-214748340,-214748365
2026-04-25,40186651449,Mackenzie Holmes enters the game for Lexie Brown,Substitution,584,False,1,5:54,12,7,Golden State Valkyries,Seattle Storm,4433643.0,Mackenzie Holmes,3058892.0,Lexie Brown,,,-214748340,-214748365
2026-04-25,40186651452,Kate Martin misses free throw 2 of 2,Free Throw - 2 of 2,99,False,1,5:54,12,7,Golden State Valkyries,Seattle Storm,4398907.0,Kate Martin,,,,,-214748340,-214748365
2026-04-25,40186651453,Flau'jae Johnson defensive rebound,Defensive Rebound,155,False,1,5:52,12,7,Golden State Valkyries,Seattle Storm,4698736.0,Flau'jae Johnson,,,,,-214748340,-214748365
2026-04-25,40186651454,Zia Cooke makes 10-foot jumper (Dominique Malonga assists),Jump Shot,92,True,1,5:39,12,9,Golden State Valkyries,Seattle Storm,4432832.0,Zia Cooke,5220150.0,Dominique Malonga,,,28,10
2026-04-25,40186651456,Kayla Thornton misses 23-foot three point jumper,Jump Shot,92,False,1,5:22,12,9,Golden State Valkyries,Seattle Storm,2529622.0,Kayla Thornton,,,,,48,3
2026-04-25,40186651457,Storm defensive team rebound,Defensive Rebound,155,False,1,5:22,12,9,Golden State Valkyries,Seattle Storm,,,,,,,48,3
2026-04-25,40186651458,Dominique Malonga misses 23-foot three point jumper,Jump Shot,92,False,1,5:05,12,9,Golden State Valkyries,Seattle Storm,5220150.0,Dominique Malonga,,,,,20,22
2026-04-25,40186651459,Kate Martin defensive rebound,Defensive Rebound,155,False,1,5:02,12,9,Golden State Valkyries,Seattle Storm,4398907.0,Kate Martin,,,,,20,22
2026-04-25,40186651460,Veronica Burton offensive charge,Offensive Charge,24,False,1,4:57,12,9,Golden State Valkyries,Seattle Storm,4398935.0,Veronica Burton,,,,,44,17
2026-04-25,40186651462,Veronica Burton offensive foul turnover,Offensive Foul Turnover,84,False,1,4:57,12,9,Golden State Valkyries,Seattle Storm,4398935.0,Veronica Burton,,,,,44,17
2026-04-25,40186651463,Official timeout,Official Timeout,19,False,1,4:57,12,9,Golden State Valkyries,Seattle Storm,,,,,,,-214748340,-214748365
2026-04-25,40186651465,Ashlon Jackson enters the game for Kate Martin,Substitution,584,False,1,4:57,12,9,Golden State Valkyries,Seattle Storm,5106232.0,Ashlon Jackson,4398907.0,Kate Martin,,,-214748340,-214748365
2026-04-25,40186651466,Grace VanSlooten enters the game for Dominique Malonga,Substitution,584,False,1,4:57,12,9,Golden State Valkyries,Seattle Storm,5105731.0,Grace VanSlooten,5220150.0,Dominique Malonga,,,-214748340,-214748365
2026-04-25,40186651469,Zia Cooke misses 14-foot pullup jump shot,Pullup Jump Shot,131,False,1,4:46,12,9,Golden State Valkyries,Seattle Storm,4432832.0,Zia Cooke,,,,,28,14
2026-04-25,40186651470,Kiah Stokes defensive rebound,Defensive Rebound,155,False,1,4:43,12,9,Golden State Valkyries,Seattle Storm,2590093.0,Kiah Stokes,,,,,28,14
2026-04-25,40186651471,Kayla Thornton misses 15-foot turnaround jump shot,Turnaround Jump Shot,114,False,1,4:27,12,9,Golden State Valkyries,Seattle Storm,2529622.0,Kayla Thornton,,,,,16,12
2026-04-25,40186651472,Flau'jae Johnson defensive rebound,Defensive Rebound,155,False,1,4:24,12,9,Golden State Valkyries,Seattle Storm,4698736.0,Flau'jae Johnson,,,,,16,12
2026-04-25,40186651473,Jade Melbourne makes 24-foot three point jumper (Zia Cooke assists),Jump Shot,92,True,1,4:18,12,12,Golden State Valkyries,Seattle Storm,5017726.0,Jade Melbourne,4432832.0,Zia Cooke,,,6,15
2026-04-25,40186651475,Jade Melbourne personal foul,Personal Foul,45,False,1,4:09,12,12,Golden State Valkyries,Seattle Storm,5017726.0,Jade Melbourne,,,,,6,32
2026-04-25,40186651477,Laeticia Amihere enters the game for Kiah Stokes,Substitution,584,False,1,4:09,12,12,Golden State Valkyries,Seattle Storm,4432834.0,Laeticia Amihere,2590093.0,Kiah Stokes,,,-214748340,-214748365
2026-04-25,40186651478,Lexie Brown enters the game for Flau'jae Johnson,Substitution,584,False,1,4:09,12,12,Golden State Valkyries,Seattle Storm,3058892.0,Lexie Brown,4698736.0,Flau'jae Johnson,,,-214748340,-214748365
2026-04-25,40186651481,Kaitlyn Chen enters the game for Tiffany Hayes,Substitution,584,False,1,4:09,12,12,Golden State Valkyries,Seattle Storm,4899328.0,Kaitlyn Chen,1054.0,Tiffany Hayes,,,-214748340,-214748365
2026-04-25,40186651484,Veronica Burton out of bounds bad pass turnover,Out of Bounds - Bad Pass Turnover,90,False,1,3:58,12,12,Golden State Valkyries,Seattle Storm,4398935.0,Veronica Burton,,,,,42,20
2026-04-25,40186651486,Jade Melbourne makes driving layup,Driving Layup Shot,110,True,1,3:48,12,14,Golden State Valkyries,Seattle Storm,5017726.0,Jade Melbourne,,,,,27,0
2026-04-25,40186651487,Veronica Burton misses 26-foot three point jumper,Jump Shot,92,False,1,3:24,12,14,Golden State Valkyries,Seattle Storm,4398935.0,Veronica Burton,,,,,5,17
2026-04-25,40186651488,Golden State Valkyries offensive team rebound,Offensive Rebound,156,False,1,3:24,12,14,Golden State Valkyries,Seattle Storm,,,,,,,5,17
2026-04-25,40186651490,Mackenzie Holmes personal foul,Personal Foul,45,False,1,3:24,12,14,Golden State Valkyries,Seattle Storm,4433643.0,Mackenzie Holmes,,,,,21,5
2026-04-25,40186651492,Kaitlyn Chen makes 10-foot floating jump shot (Veronica Burton assists),Floating Jump Shot,130,True,1,3:15,14,14,Golden State Valkyries,Seattle Storm,4899328.0,Kaitlyn Chen,4398935.0,Veronica Burton,,,22,10
2026-04-25,40186651494,"Jade Melbourne bad pass
turnover (Veronica Burton steals)","Bad Pass
Turnover",62,False,1,3:05,14,14,Golden State Valkyries,Seattle Storm,5017726.0,Jade Melbourne,4398935.0,Veronica Burton,,,28,8
2026-04-25,40186651496,Kayla Thornton makes driving layup (Veronica Burton assists),Driving Layup Shot,110,True,1,2:59,16,14,Golden State Valkyries,Seattle Storm,2529622.0,Kayla Thornton,4398935.0,Veronica Burton,,,23,2
2026-04-25,40186651498,Zia Cooke misses layup,Layup Shot,95,False,1,2:41,16,14,Golden State Valkyries,Seattle Storm,4432832.0,Zia Cooke,,,,,27,0
2026-04-25,40186651499,Ashlon Jackson defensive rebound,Defensive Rebound,155,False,1,2:38,16,14,Golden State Valkyries,Seattle Storm,5106232.0,Ashlon Jackson,,,,,27,0
2026-04-25,401866514100,Kaitlyn Chen misses driving layup,Driving Layup Shot,110,False,1,2:25,16,14,Golden State Valkyries,Seattle Storm,4899328.0,Kaitlyn Chen,,,,,34,5
2026-04-25,401866514101,Mackenzie Holmes defensive rebound,Defensive Rebound,155,False,1,2:21,16,14,Golden State Valkyries,Seattle Storm,4433643.0,Mackenzie Holmes,,,,,34,5
2026-04-25,401866514102,"Jade Melbourne bad pass
turnover (Ashlon Jackson steals)","Bad Pass
Turnover",62,False,1,2:16,16,14,Golden State Valkyries,Seattle Storm,5017726.0,Jade Melbourne,5106232.0,Ashlon Jackson,,,31,8
2026-04-25,401866514104,Jade Melbourne personal foul,Personal Foul,45,False,1,2:14,16,14,Golden State Valkyries,Seattle Storm,5017726.0,Jade Melbourne,,,,,22,36
2026-04-25,401866514106,Veronica Burton makes free throw 1 of 2,Free Throw - 1 of 2,98,True,1,2:14,17,14,Golden State Valkyries,Seattle Storm,4398935.0,Veronica Burton,,,,,-214748340,-214748365
2026-04-25,401866514107,Stefanie Dolson enters the game for Jade Melbourne,Substitution,584,False,1,2:14,17,14,Golden State Valkyries,Seattle Storm,2529183.0,Stefanie Dolson,5017726.0,Jade Melbourne,,,-214748340,-214748365
2026-04-25,401866514108,Taina Mair enters the game for Mackenzie Holmes,Substitution,584,False,1,2:14,17,14,Golden State Valkyries,Seattle Storm,5106222.0,Taina Mair,4433643.0,Mackenzie Holmes,,,-214748340,-214748365
2026-04-25,401866514111,Veronica Burton makes free throw 2 of 2,Free Throw - 2 of 2,99,True,1,2:14,18,14,Golden State Valkyries,Seattle Storm,4398935.0,Veronica Burton,,,,,-214748340,-214748365
2026-04-25,401866514113,Marta Suarez enters the game for Kayla Thornton,Substitution,584,False,1,1:58,18,14,Golden State Valkyries,Seattle Storm,4704594.0,Marta Suarez,2529622.0,Kayla Thornton,,,-214748340,-214748365
2026-04-25,401866514114,Kate Martin enters the game for Veronica Burton,Substitution,584,False,1,1:58,18,14,Golden State Valkyries,Seattle Storm,4398907.0,Kate Martin,4398935.0,Veronica Burton,,,-214748340,-214748365
2026-04-25,401866514117,Taina Mair misses 24-foot three point jumper,Jump Shot,92,False,1,1:52,18,14,Golden State Valkyries,Seattle Storm,5106222.0,Taina Mair,,,,,5,13
2026-04-25,401866514118,Laeticia Amihere defensive rebound,Defensive Rebound,155,False,1,1:47,18,14,Golden State Valkyries,Seattle Storm,4432834.0,Laeticia Amihere,,,,,5,13
2026-04-25,401866514119,Marta Suarez misses 22-foot three point jumper,Jump Shot,92,False,1,1:41,18,14,Golden State Valkyries,Seattle Storm,4704594.0,Marta Suarez,,,,,2,0
2026-04-25,401866514120,Laeticia Amihere offensive rebound,Offensive Rebound,156,False,1,1:38,18,14,Golden State Valkyries,Seattle Storm,4432834.0,Laeticia Amihere,,,,,2,0
2026-04-25,401866514121,Zia Cooke shooting foul,Shooting Foul,44,False,1,1:38,18,14,Golden State Valkyries,Seattle Storm,4432832.0,Zia Cooke,,,,,26,5
2026-04-25,401866514123,Laeticia Amihere misses free throw 1 of 2,Free Throw - 1 of 2,98,False,1,1:38,18,14,Golden State Valkyries,Seattle Storm,4432834.0,Laeticia Amihere,,,,,-214748340,-214748365
2026-04-25,401866514124,Golden State Valkyries offensive team rebound,Offensive Rebound,156,False,1,1:38,18,14,Golden State Valkyries,Seattle Storm,,,,,,,-214748340,-214748365
2026-04-25,401866514125,Laeticia Amihere makes free throw 2 of 2,Free Throw - 2 of 2,99,True,1,1:38,19,14,Golden State Valkyries,Seattle Storm,4432834.0,Laeticia Amihere,,,,,-214748340,-214748365
2026-04-25,401866514126,Zia Cooke double dribble turnover,Double Dribble Turnover,65,False,1,1:23,19,14,Golden State Valkyries,Seattle Storm,4432832.0,Zia Cooke,,,,,21,18
2026-04-25,401866514128,Laeticia Amihere misses 23-foot three point jumper,Jump Shot,92,False,1,1:01,19,14,Golden State Valkyries,Seattle Storm,4432834.0,Laeticia Amihere,,,,,3,5
2026-04-25,401866514129,Grace VanSlooten defensive rebound,Defensive Rebound,155,False,1,58.1,19,14,Golden State Valkyries,Seattle Storm,5105731.0,Grace VanSlooten,,,,,3,5
2026-04-25,401866514130,Lexie Brown misses layup,Layup Shot,95,False,1,40.5,19,14,Golden State Valkyries,Seattle Storm,3058892.0,Lexie Brown,,,,,27,0
2026-04-25,401866514131,Lexie Brown offensive rebound,Offensive Rebound,156,False,1,39.3,19,14,Golden State Valkyries,Seattle Storm,3058892.0,Lexie Brown,,,,,27,0
2026-04-25,401866514133,Lexie Brown makes two point shot,Layup Shot Putback,125,True,1,38.7,19,16,Golden State Valkyries,Seattle Storm,3058892.0,Lexie Brown,,,,,28,0
2026-04-25,401866514134,Laeticia Amihere makes driving layup,Driving Layup Shot,110,True,1,19.0,21,16,Golden State Valkyries,Seattle Storm,4432834.0,Laeticia Amihere,,,,,23,1
2026-04-25,401866514135,Laeticia Amihere personal foul,Personal Foul,45,False,1,5.3,21,16,Golden State Valkyries,Seattle Storm,4432834.0,Laeticia Amihere,,,,,21,10
2026-04-25,401866514137,Zia Cooke makes 19-foot two point shot (Taina Mair assists),Turnaround Fade Away Jump Shot,137,True,1,0.7,21,18,Golden State Valkyries,Seattle Storm,4432832.0,Zia Cooke,5106222.0,Taina Mair,,,28,19
2026-04-25,401866514151,(00:00) [Storm] REF-INITIATED REVIEW (REPLAY SUPPORTS CALL),Ref-Initiated Review (Supported),278,False,1,0.0,21,18,Golden State Valkyries,Seattle Storm,,,,,,,-214748340,-214748365
2026-04-25,401866514139,End of the 1st Quarter,End Period,412,False,1,0.0,21,18,Golden State Valkyries,Seattle Storm,,,,,,,-214748340,-214748365
2026-04-25,401866514140,Tiffany Hayes enters the game for Ashlon Jackson,Substitution,584,False,2,10:00,21,18,Golden State Valkyries,Seattle Storm,1054.0,Tiffany Hayes,5106232.0,Ashlon Jackson,,,-214748340,-214748365
2026-04-25,401866514141,Flau'jae Johnson enters the game for Grace VanSlooten,Substitution,584,False,2,10:00,21,18,Golden State Valkyries,Seattle Storm,4698736.0,Flau'jae Johnson,5105731.0,Grace VanSlooten,,,-214748340,-214748365
2026-04-25,401866514142,Dominique Malonga enters the game for Zia Cooke,Substitution,584,False,2,10:00,21,18,Golden State Valkyries,Seattle Storm,5220150.0,Dominique Malonga,4432832.0,Zia Cooke,,,-214748340,-214748365
2026-04-25,401866514147,Laeticia Amihere blocks Dominique Malonga 's 6-foot layup,Layup Shot,95,False,2,9:46,21,18,Golden State Valkyries,Seattle Storm,5220150.0,Dominique Malonga,4432834.0,Laeticia Amihere,,,22,5
2026-04-25,401866514149,Marta Suarez defensive rebound,Defensive Rebound,155,False,2,9:42,21,18,Golden State Valkyries,Seattle Storm,4704594.0,Marta Suarez,,,,,22,5
2026-04-25,401866514150,Kate Martin misses 23-foot three point jumper,Jump Shot,92,False,2,9:29,21,18,Golden State Valkyries,Seattle Storm,4398907.0,Kate Martin,,,,,49,0
2026-04-25,401866514152,Dominique Malonga defensive rebound,Defensive Rebound,155,False,2,9:25,21,18,Golden State Valkyries,Seattle Storm,5220150.0,Dominique Malonga,,,,,49,0
2026-04-25,401866514153,Dominique Malonga misses layup,Layup Shot,95,False,2,9:14,21,18,Golden State Valkyries,Seattle Storm,5220150.0,Dominique Malonga,,,,,29,1
2026-04-25,401866514154,Taina Mair offensive rebound,Offensive Rebound,156,False,2,9:12,21,18,Golden State Valkyries,Seattle Storm,5106222.0,Taina Mair,,,,,29,1
2026-04-25,401866514155,Taina Mair makes two point shot,Layup Shot Putback,125,True,2,9:08,21,20,Golden State Valkyries,Seattle Storm,5106222.0,Taina Mair,,,,,24,4
2026-04-25,401866514156,"Kaitlyn Chen bad pass
turnover (Stefanie Dolson steals)","Bad Pass
Turnover",62,False,2,8:50,21,20,Golden State Valkyries,Seattle Storm,4899328.0,Kaitlyn Chen,2529183.0,Stefanie Dolson,,,16,16
2026-04-25,401866514158,"Stefanie Dolson bad pass
turnover (Tiffany Hayes steals)","Bad Pass
Turnover",62,False,2,8:44,21,20,Golden State Valkyries,Seattle Storm,2529183.0,Stefanie Dolson,1054.0,Tiffany Hayes,,,44,26
2026-04-25,401866514160,Marta Suarez misses driving layup,Driving Layup Shot,110,False,2,8:35,21,20,Golden State Valkyries,Seattle Storm,4704594.0,Marta Suarez,,,,,30,1
2026-04-25,401866514161,Stefanie Dolson defensive rebound,Defensive Rebound,155,False,2,8:34,21,20,Golden State Valkyries,Seattle Storm,2529183.0,Stefanie Dolson,,,,,30,1
2026-04-25,401866514162,Flau'jae Johnson makes running layup (Taina Mair assists),Running Layup Shot,109,True,2,8:32,21,22,Golden State Valkyries,Seattle Storm,4698736.0,Flau'jae Johnson,5106222.0,Taina Mair,,,28,0
2026-04-25,401866514164,Golden State Valkyries Full timeout,Full Timeout,16,False,2,8:32,21,22,Golden State Valkyries,Seattle Storm,,,,,,,-214748340,-214748365
2026-04-25,401866514165,Veronica Burton enters the game for Kaitlyn Chen,Substitution,584,False,2,8:32,21,22,Golden State Valkyries,Seattle Storm,4398935.0,Veronica Burton,4899328.0,Kaitlyn Chen,,,-214748340,-214748365
2026-04-25,401866514167,Taina Mair personal foul,Personal Foul,45,False,2,8:25,21,22,Golden State Valkyries,Seattle Storm,5106222.0,Taina Mair,,,,,39,32
2026-04-25,401866514169,Veronica Burton makes 23-foot three point jumper (Tiffany Hayes assists),Jump Shot,92,True,2,8:12,24,22,Golden State Valkyries,Seattle Storm,4398935.0,Veronica Burton,1054.0,Tiffany Hayes,,,47,9
2026-04-25,401866514173,Flau'jae Johnson makes 13-foot pullup jump shot,Pullup Jump Shot,131,True,2,7:50,24,24,Golden State Valkyries,Seattle Storm,4698736.0,Flau'jae Johnson,,,,,21,12
2026-04-25,401866514174,Flau'jae Johnson personal foul,Personal Foul,45,False,2,7:36,24,24,Golden State Valkyries,Seattle Storm,4698736.0,Flau'jae Johnson,,,,,18,15
2026-04-25,401866514176,Kiah Stokes enters the game for Laeticia Amihere,Substitution,584,False,2,7:36,24,24,Golden State Valkyries,Seattle Storm,2590093.0,Kiah Stokes,4432834.0,Laeticia Amihere,,,-214748340,-214748365
2026-04-25,401866514178,Tiffany Hayes makes 3-foot layup (Marta Suarez assists),Cutting Layup Shot,141,True,2,7:33,26,24,Golden State Valkyries,Seattle Storm,1054.0,Tiffany Hayes,4704594.0,Marta Suarez,,,28,1
2026-04-25,401866514180,Lexie Brown makes 30-foot three point jumper (Taina Mair assists),Jump Shot,92,True,2,7:23,26,27,Golden State Valkyries,Seattle Storm,3058892.0,Lexie Brown,5106222.0,Taina Mair,,,43,24
2026-04-25,401866514182,Kate Martin misses 23-foot three point jumper,Jump Shot,92,False,2,7:02,26,27,Golden State Valkyries,Seattle Storm,4398907.0,Kate Martin,,,,,4,11
2026-04-25,401866514183,Lexie Brown defensive rebound,Defensive Rebound,155,False,2,7:00,26,27,Golden State Valkyries,Seattle Storm,3058892.0,Lexie Brown,,,,,4,11
2026-04-25,401866514184,"Lexie Brown bad pass
turnover (Kiah Stokes steals)","Bad Pass
Turnover",62,False,2,6:55,26,27,Golden State Valkyries,Seattle Storm,3058892.0,Lexie Brown,2590093.0,Kiah Stokes,,,40,19
2026-04-25,401866514186,Tiffany Hayes misses 24-foot three point jumper,Jump Shot,92,False,2,6:36,26,27,Golden State Valkyries,Seattle Storm,1054.0,Tiffany Hayes,,,,,42,18
2026-04-25,401866514187,Kate Martin offensive rebound,Offensive Rebound,156,False,2,6:32,26,27,Golden State Valkyries,Seattle Storm,4398907.0,Kate Martin,,,,,42,18
2026-04-25,401866514188,shot clock turnover ,Shot Clock Turnover,70,False,2,6:32,26,27,Golden State Valkyries,Seattle Storm,,,,,,,25,42
2026-04-25,401866514190,Kayla Thornton enters the game for Marta Suarez,Substitution,584,False,2,6:32,26,27,Golden State Valkyries,Seattle Storm,2529622.0,Kayla Thornton,4704594.0,Marta Suarez,,,-214748340,-214748365
2026-04-25,401866514191,Mackenzie Holmes enters the game for Stefanie Dolson,Substitution,584,False,2,6:32,26,27,Golden State Valkyries,Seattle Storm,4433643.0,Mackenzie Holmes,2529183.0,Stefanie Dolson,,,-214748340,-214748365
2026-04-25,401866514194,Flau'jae Johnson makes 24-foot three point step back jumpshot,Step Back Jump Shot,132,True,2,6:17,26,30,Golden State Valkyries,Seattle Storm,4698736.0,Flau'jae Johnson,,,,,46,13
2026-04-25,401866514195,Veronica Burton misses 26-foot three point jumper,Jump Shot,92,False,2,6:03,26,30,Golden State Valkyries,Seattle Storm,4398935.0,Veronica Burton,,,,,8,20
2026-04-25,401866514196,Kiah Stokes offensive rebound,Offensive Rebound,156,False,2,5:58,26,30,Golden State Valkyries,Seattle Storm,2590093.0,Kiah Stokes,,,,,8,20
2026-04-25,401866514197,Tiffany Hayes misses driving layup,Driving Layup Shot,110,False,2,5:48,26,30,Golden State Valkyries,Seattle Storm,1054.0,Tiffany Hayes,,,,,23,1
2026-04-25,401866514198,Lexie Brown defensive rebound,Defensive Rebound,155,False,2,5:45,26,30,Golden State Valkyries,Seattle Storm,3058892.0,Lexie Brown,,,,,23,1
2026-04-25,401866514199,Taina Mair misses 22-foot three point jumper,Jump Shot,92,False,2,5:41,26,30,Golden State Valkyries,Seattle Storm,5106222.0,Taina Mair,,,,,48,1
2026-04-25,401866514200,Storm offensive team rebound,Offensive Rebound,156,False,2,5:41,26,30,Golden State Valkyries,Seattle Storm,,,,,,,48,1
2026-04-25,401866514201,Kayla Thornton personal foul,Personal Foul,45,False,2,5:41,26,30,Golden State Valkyries,Seattle Storm,2529622.0,Kayla Thornton,,,,,25,6
2026-04-25,401866514203,Ashlon Jackson enters the game for Tiffany Hayes,Substitution,584,False,2,5:41,26,30,Golden State Valkyries,Seattle Storm,5106232.0,Ashlon Jackson,1054.0,Tiffany Hayes,,,-214748340,-214748365
2026-04-25,401866514204,Jaelyn Brown enters the game for Taina Mair,Substitution,584,False,2,5:41,26,30,Golden State Valkyries,Seattle Storm,4066527.0,Jaelyn Brown,5106222.0,Taina Mair,,,-214748340,-214748365
2026-04-25,401866514205,Zia Cooke enters the game for Lexie Brown,Substitution,584,False,2,5:41,26,30,Golden State Valkyries,Seattle Storm,4432832.0,Zia Cooke,3058892.0,Lexie Brown,,,-214748340,-214748365
2026-04-25,401866514209,Flau'jae Johnson misses 25-foot three point jumper,Jump Shot,92,False,2,5:27,26,30,Golden State Valkyries,Seattle Storm,4698736.0,Flau'jae Johnson,,,,,45,15
2026-04-25,401866514210,Kiah Stokes defensive rebound,Defensive Rebound,155,False,2,5:27,26,30,Golden State Valkyries,Seattle Storm,2590093.0,Kiah Stokes,,,,,45,15
2026-04-25,401866514211,Dominique Malonga vs. Kiah Stokes (Zia Cooke gains possession),Jumpball,615,False,2,5:27,26,30,Golden State Valkyries,Seattle Storm,5220150.0,Dominique Malonga,2590093.0,Kiah Stokes,4432832.0,Zia Cooke,-214748340,-214748365
2026-04-25,401866514300,Kiah Stokes lost ball turnover (Dominique Malonga steals),Lost Ball Turnover,63,False,2,5:27,26,30,Golden State Valkyries,Seattle Storm,2590093.0,Kiah Stokes,5220150.0,Dominique Malonga,,,24,14
2026-04-25,401866514217,Dominique Malonga traveling turnover,Traveling,64,False,2,5:15,26,30,Golden State Valkyries,Seattle Storm,5220150.0,Dominique Malonga,,,,,35,2
2026-04-25,401866514218,Veronica Burton makes 25-foot three point jumper (Kate Martin assists),Jump Shot,92,True,2,4:59,29,30,Golden State Valkyries,Seattle Storm,4398935.0,Veronica Burton,4398907.0,Kate Martin,,,5,15
2026-04-25,401866514220,Flau'jae Johnson makes finger roll layup (Zia Cooke assists),Finger Roll Layup,124,True,2,4:43,29,32,Golden State Valkyries,Seattle Storm,4698736.0,Flau'jae Johnson,4432832.0,Zia Cooke,,,27,-1
2026-04-25,401866514222,Kiah Stokes shooting foul,Shooting Foul,44,False,2,4:43,29,32,Golden State Valkyries,Seattle Storm,2590093.0,Kiah Stokes,,,,,27,-1
2026-04-25,401866514224,Flau'jae Johnson makes free throw 1 of 1,Free Throw - 1 of 1,97,True,2,4:43,29,33,Golden State Valkyries,Seattle Storm,4698736.0,Flau'jae Johnson,,,,,-214748340,-214748365
2026-04-25,401866514225,Kate Martin misses 10-foot jumper,Jump Shot,92,False,2,4:27,29,33,Golden State Valkyries,Seattle Storm,4398907.0,Kate Martin,,,,,26,11
2026-04-25,401866514226,Kiah Stokes offensive rebound,Offensive Rebound,156,False,2,4:21,29,33,Golden State Valkyries,Seattle Storm,2590093.0,Kiah Stokes,,,,,26,11
2026-04-25,401866514227,Kayla Thornton misses 22-foot three point jumper,Jump Shot,92,False,2,4:19,29,33,Golden State Valkyries,Seattle Storm,2529622.0,Kayla Thornton,,,,,2,1
2026-04-25,401866514228,Kiah Stokes offensive rebound,Offensive Rebound,156,False,2,4:15,29,33,Golden State Valkyries,Seattle Storm,2590093.0,Kiah Stokes,,,,,2,1
2026-04-25,401866514229,Kiah Stokes steps out of bounds turnover,Out of Bounds - Step Turnover,86,False,2,4:14,29,33,Golden State Valkyries,Seattle Storm,2590093.0,Kiah Stokes,,,,,48,12
2026-04-25,401866514230,Ashlon Jackson shooting foul,Shooting Foul,44,False,2,3:55,29,33,Golden State Valkyries,Seattle Storm,5106232.0,Ashlon Jackson,,,,,27,1
2026-04-25,401866514232,Zia Cooke makes free throw 1 of 2,Free Throw - 1 of 2,98,True,2,3:55,29,34,Golden State Valkyries,Seattle Storm,4432832.0,Zia Cooke,,,,,-214748340,-214748365
2026-04-25,401866514233,Grace VanSlooten enters the game for Dominique Malonga,Substitution,584,False,2,3:55,29,34,Golden State Valkyries,Seattle Storm,5105731.0,Grace VanSlooten,5220150.0,Dominique Malonga,,,-214748340,-214748365
2026-04-25,401866514235,Zia Cooke makes free throw 2 of 2,Free Throw - 2 of 2,99,True,2,3:55,29,35,Golden State Valkyries,Seattle Storm,4432832.0,Zia Cooke,,,,,-214748340,-214748365
2026-04-25,401866514236,Kate Martin misses 22-foot three point jumper,Jump Shot,92,False,2,3:35,29,35,Golden State Valkyries,Seattle Storm,4398907.0,Kate Martin,,,,,48,0
2026-04-25,401866514237,Jaelyn Brown defensive rebound,Defensive Rebound,155,False,2,3:33,29,35,Golden State Valkyries,Seattle Storm,4066527.0,Jaelyn Brown,,,,,48,0
2026-04-25,401866514238,Zia Cooke misses 25-foot three point jumper,Jump Shot,92,False,2,3:20,29,35,Golden State Valkyries,Seattle Storm,4432832.0,Zia Cooke,,,,,7,18
2026-04-25,401866514239,Kate Martin defensive rebound,Defensive Rebound,155,False,2,3:14,29,35,Golden State Valkyries,Seattle Storm,4398907.0,Kate Martin,,,,,7,18
2026-04-25,401866514240,Jaelyn Brown personal foul,Personal Foul,45,False,2,3:02,29,35,Golden State Valkyries,Seattle Storm,4066527.0,Jaelyn Brown,,,,,16,14
2026-04-25,401866514242,Kaitlyn Chen enters the game for Veronica Burton,Substitution,584,False,2,3:02,29,35,Golden State Valkyries,Seattle Storm,4899328.0,Kaitlyn Chen,4398935.0,Veronica Burton,,,-214748340,-214748365
2026-04-25,401866514243,Laeticia Amihere enters the game for Kiah Stokes,Substitution,584,False,2,3:02,29,35,Golden State Valkyries,Seattle Storm,4432834.0,Laeticia Amihere,2590093.0,Kiah Stokes,,,-214748340,-214748365
2026-04-25,401866514250,Zia Cooke personal foul,Personal Foul,45,False,2,2:53,29,35,Golden State Valkyries,Seattle Storm,4432832.0,Zia Cooke,,,,,26,8
2026-04-25,401866514252,Stefanie Dolson enters the game for Flau'jae Johnson,Substitution,584,False,2,2:53,29,35,Golden State Valkyries,Seattle Storm,2529183.0,Stefanie Dolson,4698736.0,Flau'jae Johnson,,,-214748340,-214748365
2026-04-25,401866514253,Lexie Brown enters the game for Mackenzie Holmes,Substitution,584,False,2,2:53,29,35,Golden State Valkyries,Seattle Storm,3058892.0,Lexie Brown,4433643.0,Mackenzie Holmes,,,-214748340,-214748365
2026-04-25,401866514298,Storm Full timeout,Full Timeout,16,False,2,2:53,29,35,Golden State Valkyries,Seattle Storm,,,,,,,-214748340,-214748365
2026-04-25,401866514256,Ashlon Jackson out of bounds lost ball turnover,Out of Bounds - Lost Ball Turnover,87,False,2,2:43,29,35,Golden State Valkyries,Seattle Storm,5106232.0,Ashlon Jackson,,,,,5,21
2026-04-25,401866514257,Laeticia Amihere personal foul,Personal Foul,45,False,2,2:26,29,35,Golden State Valkyries,Seattle Storm,4432834.0,Laeticia Amihere,,,,,29,7
2026-04-25,401866514259,Jaelyn Brown makes 22-foot three point jumper (Grace VanSlooten assists),Jump Shot,92,True,2,2:14,29,38,Golden State Valkyries,Seattle Storm,4066527.0,Jaelyn Brown,5105731.0,Grace VanSlooten,,,47,1
2026-04-25,401866514261,Grace VanSlooten personal foul,Personal Foul,45,False,2,1:58,29,38,Golden State Valkyries,Seattle Storm,5105731.0,Grace VanSlooten,,,,,23,12
2026-04-25,401866514263,Kate Martin misses free throw 1 of 2,Free Throw - 1 of 2,98,False,2,1:58,29,38,Golden State Valkyries,Seattle Storm,4398907.0,Kate Martin,,,,,-214748340,-214748365
2026-04-25,401866514264,Golden State Valkyries offensive team rebound,Offensive Rebound,156,False,2,1:58,29,38,Golden State Valkyries,Seattle Storm,,,,,,,-214748340,-214748365
2026-04-25,401866514265,Kate Martin makes free throw 2 of 2,Free Throw - 2 of 2,99,True,2,1:58,30,38,Golden State Valkyries,Seattle Storm,4398907.0,Kate Martin,,,,,-214748340,-214748365
2026-04-25,401866514266,Ashlon Jackson blocks Zia Cooke 's 5-foot driving layup,Driving Layup Shot,110,False,2,1:39,30,38,Golden State Valkyries,Seattle Storm,4432832.0,Zia Cooke,5106232.0,Ashlon Jackson,,,20,1
2026-04-25,401866514268,Ashlon Jackson defensive rebound,Defensive Rebound,155,False,2,1:35,30,38,Golden State Valkyries,Seattle Storm,5106232.0,Ashlon Jackson,,,,,20,1
2026-04-25,401866514269,Ashlon Jackson lost ball turnover (Jaelyn Brown steals),Lost Ball Turnover,63,False,2,1:32,30,38,Golden State Valkyries,Seattle Storm,5106232.0,Ashlon Jackson,4066527.0,Jaelyn Brown,,,16,13
2026-04-25,401866514271,Lexie Brown makes 25-foot three point jumper (Jaelyn Brown assists),Jump Shot,92,True,2,1:30,30,41,Golden State Valkyries,Seattle Storm,3058892.0,Lexie Brown,4066527.0,Jaelyn Brown,,,9,19
2026-04-25,401866514273,Kayla Thornton makes 25-foot three point jumper (Kate Martin assists),Jump Shot,92,True,2,1:11,33,41,Golden State Valkyries,Seattle Storm,2529622.0,Kayla Thornton,4398907.0,Kate Martin,,,39,20
2026-04-25,401866514275,Kayla Thornton personal foul,Personal Foul,45,False,2,1:05,33,41,Golden State Valkyries,Seattle Storm,2529622.0,Kayla Thornton,,,,,12,10
2026-04-25,401866514278,Jaelyn Brown misses free throw 1 of 2,Free Throw - 1 of 2,98,False,2,1:05,33,41,Golden State Valkyries,Seattle Storm,4066527.0,Jaelyn Brown,,,,,-214748340,-214748365
2026-04-25,401866514279,Storm offensive team rebound,Offensive Rebound,156,False,2,1:05,33,41,Golden State Valkyries,Seattle Storm,,,,,,,-214748340,-214748365
2026-04-25,401866514280,Jaelyn Brown makes free throw 2 of 2,Free Throw - 2 of 2,99,True,2,1:05,33,42,Golden State Valkyries,Seattle Storm,4066527.0,Jaelyn Brown,,,,,-214748340,-214748365
2026-04-25,401866514281,Kate Martin traveling turnover,Traveling,64,False,2,46.3,33,42,Golden State Valkyries,Seattle Storm,4398907.0,Kate Martin,,,,,31,7
2026-04-25,401866514282,Grace VanSlooten misses 5-foot floating jump shot,Floating Jump Shot,130,False,2,25.0,33,42,Golden State Valkyries,Seattle Storm,5105731.0,Grace VanSlooten,,,,,23,5
2026-04-25,401866514283,Stefanie Dolson offensive rebound,Offensive Rebound,156,False,2,20.4,33,42,Golden State Valkyries,Seattle Storm,2529183.0,Stefanie Dolson,,,,,23,5
2026-04-25,401866514284,Stefanie Dolson misses two point shot,Layup Shot Putback,125,False,2,19.0,33,42,Golden State Valkyries,Seattle Storm,2529183.0,Stefanie Dolson,,,,,22,2
2026-04-25,401866514285,Kaitlyn Chen defensive rebound,Defensive Rebound,155,False,2,15.5,33,42,Golden State Valkyries,Seattle Storm,4899328.0,Kaitlyn Chen,,,,,22,2
2026-04-25,401866514286,Stefanie Dolson personal foul,Personal Foul,45,False,2,7.8,33,42,Golden State Valkyries,Seattle Storm,2529183.0,Stefanie Dolson,,,,,17,14
2026-04-25,401866514288,Laeticia Amihere misses free throw 1 of 2,Free Throw - 1 of 2,98,False,2,7.8,33,42,Golden State Valkyries,Seattle Storm,4432834.0,Laeticia Amihere,,,,,-214748340,-214748365
2026-04-25,401866514289,Golden State Valkyries offensive team rebound,Offensive Rebound,156,False,2,7.8,33,42,Golden State Valkyries,Seattle Storm,,,,,,,-214748340,-214748365
2026-04-25,401866514290,Veronica Burton enters the game for Kate Martin,Substitution,584,False,2,7.8,33,42,Golden State Valkyries,Seattle Storm,4398935.0,Veronica Burton,4398907.0,Kate Martin,,,-214748340,-214748365
2026-04-25,401866514291,Taina Mair enters the game for Stefanie Dolson,Substitution,584,False,2,7.8,33,42,Golden State Valkyries,Seattle Storm,5106222.0,Taina Mair,2529183.0,Stefanie Dolson,,,-214748340,-214748365
2026-04-25,401866514294,Laeticia Amihere misses free throw 2 of 2,Free Throw - 2 of 2,99,False,2,7.8,33,42,Golden State Valkyries,Seattle Storm,4432834.0,Laeticia Amihere,,,,,-214748340,-214748365
2026-04-25,401866514295,Kayla Thornton offensive rebound,Offensive Rebound,156,False,2,4.8,33,42,Golden State Valkyries,Seattle Storm,2529622.0,Kayla Thornton,,,,,-214748340,-214748365
2026-04-25,401866514296,Veronica Burton misses 26-foot three point jumper,Jump Shot,92,False,2,3.0,33,42,Golden State Valkyries,Seattle Storm,4398935.0,Veronica Burton,,,,,9,21
2026-04-25,401866514297,Golden State Valkyries offensive team rebound,Offensive Rebound,156,False,2,1.0,33,42,Golden State Valkyries,Seattle Storm,,,,,,,9,21
2026-04-25,401866514299,End of the 2nd Quarter,End Period,412,False,2,0.0,33,42,Golden State Valkyries,Seattle Storm,,,,,,,-214748340,-214748365
2026-04-25,401866514302,Kate Martin enters the game for Kayla Thornton,Substitution,584,False,3,10:00,33,42,Golden State Valkyries,Seattle Storm,4398907.0,Kate Martin,2529622.0,Kayla Thornton,,,-214748340,-214748365
2026-04-25,401866514303,Marta Suarez enters the game for Veronica Burton,Substitution,584,False,3,10:00,33,42,Golden State Valkyries,Seattle Storm,4704594.0,Marta Suarez,4398935.0,Veronica Burton,,,-214748340,-214748365
2026-04-25,401866514304,Jade Melbourne enters the game for Grace VanSlooten,Substitution,584,False,3,10:00,33,42,Golden State Valkyries,Seattle Storm,5017726.0,Jade Melbourne,5105731.0,Grace VanSlooten,,,-214748340,-214748365
2026-04-25,401866514305,Dominique Malonga enters the game for Zia Cooke,Substitution,584,False,3,10:00,33,42,Golden State Valkyries,Seattle Storm,5220150.0,Dominique Malonga,4432832.0,Zia Cooke,,,-214748340,-214748365
2026-04-25,401866514306,Stefanie Dolson enters the game for Jaelyn Brown,Substitution,584,False,3,10:00,33,42,Golden State Valkyries,Seattle Storm,2529183.0,Stefanie Dolson,4066527.0,Jaelyn Brown,,,-214748340,-214748365
2026-04-25,401866514307,Flau'jae Johnson enters the game for Taina Mair,Substitution,584,False,3,10:00,33,42,Golden State Valkyries,Seattle Storm,4698736.0,Flau'jae Johnson,5106222.0,Taina Mair,,,-214748340,-214748365
2026-04-25,401866514315,Dominique Malonga misses 6-foot hook shot,Hook Shot,93,False,3,9:46,33,42,Golden State Valkyries,Seattle Storm,5220150.0,Dominique Malonga,,,,,23,6
2026-04-25,401866514316,Laeticia Amihere defensive rebound,Defensive Rebound,155,False,3,9:44,33,42,Golden State Valkyries,Seattle Storm,4432834.0,Laeticia Amihere,,,,,23,6
2026-04-25,401866514317,Laeticia Amihere offensive charge,Offensive Charge,24,False,3,9:27,33,42,Golden State Valkyries,Seattle Storm,4432834.0,Laeticia Amihere,,,,,25,3
2026-04-25,401866514319,Laeticia Amihere offensive foul turnover,Offensive Foul Turnover,84,False,3,9:27,33,42,Golden State Valkyries,Seattle Storm,4432834.0,Laeticia Amihere,,,,,25,3
2026-04-25,401866514320,Lexie Brown misses driving layup,Driving Layup Shot,110,False,3,9:13,33,42,Golden State Valkyries,Seattle Storm,3058892.0,Lexie Brown,,,,,28,4
2026-04-25,401866514321,Dominique Malonga offensive rebound,Offensive Rebound,156,False,3,9:10,33,42,Golden State Valkyries,Seattle Storm,5220150.0,Dominique Malonga,,,,,28,4
2026-04-25,401866514322,Dominique Malonga misses two point shot,Layup Shot Putback,125,False,3,9:09,33,42,Golden State Valkyries,Seattle Storm,5220150.0,Dominique Malonga,,,,,23,2
2026-04-25,401866514323,Marta Suarez defensive rebound,Defensive Rebound,155,False,3,9:07,33,42,Golden State Valkyries,Seattle Storm,4704594.0,Marta Suarez,,,,,23,2
2026-04-25,401866514324,Kate Martin makes 25-foot three point jumper (Kaitlyn Chen assists),Jump Shot,92,True,3,8:53,36,42,Golden State Valkyries,Seattle Storm,4398907.0,Kate Martin,4899328.0,Kaitlyn Chen,,,41,19
2026-04-25,401866514326,Stefanie Dolson misses 15-foot jumper,Jump Shot,92,False,3,8:35,36,42,Golden State Valkyries,Seattle Storm,2529183.0,Stefanie Dolson,,,,,40,3
2026-04-25,401866514327,Marta Suarez defensive rebound,Defensive Rebound,155,False,3,8:32,36,42,Golden State Valkyries,Seattle Storm,4704594.0,Marta Suarez,,,,,40,3
2026-04-25,401866514328,Ashlon Jackson misses 26-foot three point jumper,Jump Shot,92,False,3,8:28,36,42,Golden State Valkyries,Seattle Storm,5106232.0,Ashlon Jackson,,,,,48,14
2026-04-25,401866514329,Kaitlyn Chen offensive rebound,Offensive Rebound,156,False,3,8:25,36,42,Golden State Valkyries,Seattle Storm,4899328.0,Kaitlyn Chen,,,,,48,14
2026-04-25,401866514330,Ashlon Jackson lost ball turnover (Flau'jae Johnson steals),Lost Ball Turnover,63,False,3,8:16,36,42,Golden State Valkyries,Seattle Storm,5106232.0,Ashlon Jackson,4698736.0,Flau'jae Johnson,,,7,24
2026-04-25,401866514332,Flau'jae Johnson misses 15-foot pullup jump shot,Pullup Jump Shot,131,False,3,8:10,36,42,Golden State Valkyries,Seattle Storm,4698736.0,Flau'jae Johnson,,,,,29,15
2026-04-25,401866514333,Laeticia Amihere defensive rebound,Defensive Rebound,155,False,3,8:08,36,42,Golden State Valkyries,Seattle Storm,4432834.0,Laeticia Amihere,,,,,29,15
2026-04-25,401866514334,Stefanie Dolson personal foul,Personal Foul,45,False,3,8:02,36,42,Golden State Valkyries,Seattle Storm,2529183.0,Stefanie Dolson,,,,,33,11
2026-04-25,401866514336,Jade Melbourne personal foul,Personal Foul,45,False,3,7:54,36,42,Golden State Valkyries,Seattle Storm,5017726.0,Jade Melbourne,,,,,27,18
2026-04-25,401866514338,Marta Suarez misses 23-foot three point jumper,Jump Shot,92,False,3,7:49,36,42,Golden State Valkyries,Seattle Storm,4704594.0,Marta Suarez,,,,,44,13
2026-04-25,401866514339,Ashlon Jackson offensive rebound,Offensive Rebound,156,False,3,7:45,36,42,Golden State Valkyries,Seattle Storm,5106232.0,Ashlon Jackson,,,,,44,13
2026-04-25,401866514340,Laeticia Amihere misses 14-foot jumper,Jump Shot,92,False,3,7:41,36,42,Golden State Valkyries,Seattle Storm,4432834.0,Laeticia Amihere,,,,,27,15
2026-04-25,401866514341,Storm defensive team rebound,Defensive Rebound,155,False,3,7:40,36,42,Golden State Valkyries,Seattle Storm,,,,,,,27,15
2026-04-25,401866514342,"Lexie Brown bad pass
turnover (Laeticia Amihere steals)","Bad Pass
Turnover",62,False,3,7:22,36,42,Golden State Valkyries,Seattle Storm,3058892.0,Lexie Brown,4432834.0,Laeticia Amihere,,,12,10
2026-04-25,401866514344,Flau'jae Johnson personal foul,Personal Foul,45,False,3,7:17,36,42,Golden State Valkyries,Seattle Storm,4698736.0,Flau'jae Johnson,,,,,9,4
2026-04-25,401866514346,Stefanie Dolson personal foul,Personal Foul,45,False,3,7:01,36,42,Golden State Valkyries,Seattle Storm,2529183.0,Stefanie Dolson,,,,,23,3
2026-04-25,401866514348,Marta Suarez makes driving layup,Driving Layup Shot,110,True,3,6:53,38,42,Golden State Valkyries,Seattle Storm,4704594.0,Marta Suarez,,,,,23,0
2026-04-25,401866514349,Lexie Brown lost ball turnover (Marta Suarez steals),Lost Ball Turnover,63,False,3,6:42,38,42,Golden State Valkyries,Seattle Storm,3058892.0,Lexie Brown,4704594.0,Marta Suarez,,,35,16
2026-04-25,401866514351,Kate Martin makes 22-foot three point jumper (Laeticia Amihere assists),Jump Shot,92,True,3,6:33,41,42,Golden State Valkyries,Seattle Storm,4398907.0,Kate Martin,4432834.0,Laeticia Amihere,,,2,-2
2026-04-25,401866514353,Storm Full timeout,Full Timeout,16,False,3,6:33,41,42,Golden State Valkyries,Seattle Storm,,,,,,,-214748340,-214748365
2026-04-25,401866514354,Grace VanSlooten enters the game for Stefanie Dolson,Substitution,584,False,3,6:33,41,42,Golden State Valkyries,Seattle Storm,5105731.0,Grace VanSlooten,2529183.0,Stefanie Dolson,,,-214748340,-214748365
2026-04-25,401866514356,Lexie Brown misses 26-foot three point jumper,Jump Shot,92,False,3,6:18,41,42,Golden State Valkyries,Seattle Storm,3058892.0,Lexie Brown,,,,,16,24
2026-04-25,401866514357,Grace VanSlooten offensive rebound,Offensive Rebound,156,False,3,6:15,41,42,Golden State Valkyries,Seattle Storm,5105731.0,Grace VanSlooten,,,,,16,24
2026-04-25,401866514358,Jade Melbourne misses driving layup,Driving Layup Shot,110,False,3,6:06,41,42,Golden State Valkyries,Seattle Storm,5017726.0,Jade Melbourne,,,,,23,2
2026-04-25,401866514359,Golden State Valkyries defensive team rebound,Defensive Rebound,155,False,3,6:06,41,42,Golden State Valkyries,Seattle Storm,,,,,,,23,2
2026-04-25,401866514360,Kaitlyn Chen makes driving layup,Driving Layup Shot,110,True,3,5:45,43,42,Golden State Valkyries,Seattle Storm,4899328.0,Kaitlyn Chen,,,,,28,0
2026-04-25,401866514361,Dominique Malonga makes 24-foot three pointer,Pullup Jump Shot,131,True,3,5:32,43,45,Golden State Valkyries,Seattle Storm,5220150.0,Dominique Malonga,,,,,27,24
2026-04-25,401866514362,Laeticia Amihere misses driving layup,Driving Layup Shot,110,False,3,5:08,43,45,Golden State Valkyries,Seattle Storm,4432834.0,Laeticia Amihere,,,,,23,0
2026-04-25,401866514363,Golden State Valkyries offensive team rebound,Offensive Rebound,156,False,3,5:08,43,45,Golden State Valkyries,Seattle Storm,,,,,,,23,0
2026-04-25,401866514364,Zia Cooke enters the game for Lexie Brown,Substitution,584,False,3,5:08,43,45,Golden State Valkyries,Seattle Storm,4432832.0,Zia Cooke,3058892.0,Lexie Brown,,,-214748340,-214748365
2026-04-25,401866514366,Laeticia Amihere misses 19-foot jumper,Jump Shot,92,False,3,5:06,43,45,Golden State Valkyries,Seattle Storm,4432834.0,Laeticia Amihere,,,,,18,18
2026-04-25,401866514367,Storm defensive team rebound,Defensive Rebound,155,False,3,5:03,43,45,Golden State Valkyries,Seattle Storm,,,,,,,18,18
2026-04-25,401866514368,Dominique Malonga misses 25-foot three point jumper,Jump Shot,92,False,3,4:53,43,45,Golden State Valkyries,Seattle Storm,5220150.0,Dominique Malonga,,,,,25,25
2026-04-25,401866514369,Storm offensive team rebound,Offensive Rebound,156,False,3,4:53,43,45,Golden State Valkyries,Seattle Storm,,,,,,,25,25
2026-04-25,401866514370,Kaitlyn Chen personal foul,Personal Foul,45,False,3,4:53,43,45,Golden State Valkyries,Seattle Storm,4899328.0,Kaitlyn Chen,,,,,26,7
2026-04-25,401866514372,Cate Reese enters the game for Laeticia Amihere,Substitution,584,False,3,4:53,43,45,Golden State Valkyries,Seattle Storm,4398698.0,Cate Reese,4432834.0,Laeticia Amihere,,,-214748340,-214748365
2026-04-25,401866514374,Jade Melbourne out of bounds bad pass turnover,Out of Bounds - Bad Pass Turnover,90,False,3,4:47,43,45,Golden State Valkyries,Seattle Storm,5017726.0,Jade Melbourne,,,,,21,15
2026-04-25,401866514375,Marta Suarez makes 23-foot three point jumper (Ashlon Jackson assists),Jump Shot,92,True,3,4:30,46,45,Golden State Valkyries,Seattle Storm,4704594.0,Marta Suarez,5106232.0,Ashlon Jackson,,,4,11
2026-04-25,401866514377,Kate Martin personal foul,Personal Foul,45,False,3,4:19,46,45,Golden State Valkyries,Seattle Storm,4398907.0,Kate Martin,,,,,9,19
2026-04-25,401866514379,Miela Sowah enters the game for Kate Martin,Substitution,584,False,3,4:19,46,45,Golden State Valkyries,Seattle Storm,4398577.0,Miela Sowah,4398907.0,Kate Martin,,,-214748340,-214748365
2026-04-25,401866514381,Cate Reese shooting foul,Shooting Foul,44,False,3,4:08,46,45,Golden State Valkyries,Seattle Storm,4398698.0,Cate Reese,,,,,29,4
2026-04-25,401866514383,Dominique Malonga misses free throw 1 of 2,Free Throw - 1 of 2,98,False,3,4:08,46,45,Golden State Valkyries,Seattle Storm,5220150.0,Dominique Malonga,,,,,-214748340,-214748365
2026-04-25,401866514384,Storm offensive team rebound,Offensive Rebound,156,False,3,4:08,46,45,Golden State Valkyries,Seattle Storm,,,,,,,-214748340,-214748365
2026-04-25,401866514385,Dominique Malonga misses free throw 2 of 2,Free Throw - 2 of 2,99,False,3,4:08,46,45,Golden State Valkyries,Seattle Storm,5220150.0,Dominique Malonga,,,,,-214748340,-214748365
2026-04-25,401866514386,Ashlon Jackson defensive rebound,Defensive Rebound,155,False,3,4:05,46,45,Golden State Valkyries,Seattle Storm,5106232.0,Ashlon Jackson,,,,,-214748340,-214748365
2026-04-25,401866514387,"Ashlon Jackson bad pass
turnover (Jade Melbourne steals)","Bad Pass
Turnover",62,False,3,4:04,46,45,Golden State Valkyries,Seattle Storm,5106232.0,Ashlon Jackson,5017726.0,Jade Melbourne,,,16,15
2026-04-25,401866514389,Jade Melbourne makes driving layup,Driving Layup Shot,110,True,3,4:00,46,47,Golden State Valkyries,Seattle Storm,5017726.0,Jade Melbourne,,,,,27,1
2026-04-25,401866514390,Flau'jae Johnson personal foul,Personal Foul,45,False,3,3:44,46,47,Golden State Valkyries,Seattle Storm,4698736.0,Flau'jae Johnson,,,,,44,15
2026-04-25,401866514392,Mackenzie Holmes enters the game for Dominique Malonga,Substitution,584,False,3,3:44,46,47,Golden State Valkyries,Seattle Storm,4433643.0,Mackenzie Holmes,5220150.0,Dominique Malonga,,,-214748340,-214748365
2026-04-25,401866514394,Cate Reese makes free throw 1 of 2,Free Throw - 1 of 2,98,True,3,3:44,47,47,Golden State Valkyries,Seattle Storm,4398698.0,Cate Reese,,,,,-214748340,-214748365
2026-04-25,401866514395,Cate Reese makes free throw 2 of 2,Free Throw - 2 of 2,99,True,3,3:44,48,47,Golden State Valkyries,Seattle Storm,4398698.0,Cate Reese,,,,,-214748340,-214748365
2026-04-25,401866514396,Cate Reese shooting foul,Shooting Foul,44,False,3,3:31,48,47,Golden State Valkyries,Seattle Storm,4398698.0,Cate Reese,,,,,30,8
2026-04-25,401866514398,Zia Cooke makes free throw 1 of 2,Free Throw - 1 of 2,98,True,3,3:31,48,48,Golden State Valkyries,Seattle Storm,4432832.0,Zia Cooke,,,,,-214748340,-214748365
2026-04-25,401866514399,Taina Mair enters the game for Flau'jae Johnson,Substitution,584,False,3,3:31,48,48,Golden State Valkyries,Seattle Storm,5106222.0,Taina Mair,4698736.0,Flau'jae Johnson,,,-214748340,-214748365
2026-04-25,401866514401,Zia Cooke makes free throw 2 of 2,Free Throw - 2 of 2,99,True,3,3:31,48,49,Golden State Valkyries,Seattle Storm,4432832.0,Zia Cooke,,,,,-214748340,-214748365
2026-04-25,401866514402,Miela Sowah back court turnover,Back Court Turnover,72,False,3,3:23,48,49,Golden State Valkyries,Seattle Storm,4398577.0,Miela Sowah,,,,,43,33
2026-04-25,401866514403,Mackenzie Holmes misses layup,Layup Shot,95,False,3,3:01,48,49,Golden State Valkyries,Seattle Storm,4433643.0,Mackenzie Holmes,,,,,28,1
2026-04-25,401866514406,Cate Reese defensive rebound,Defensive Rebound,155,False,3,3:01,48,49,Golden State Valkyries,Seattle Storm,4398698.0,Cate Reese,,,,,28,1
2026-04-25,401866514404,Taina Mair shooting foul,Shooting Foul,44,False,3,2:51,48,49,Golden State Valkyries,Seattle Storm,5106222.0,Taina Mair,,,,,27,6
2026-04-25,401866514407,Kaitlyn Chen makes free throw 1 of 2,Free Throw - 1 of 2,98,True,3,2:51,49,49,Golden State Valkyries,Seattle Storm,4899328.0,Kaitlyn Chen,,,,,-214748340,-214748365
2026-04-25,401866514408,Caroline Ducharme enters the game for Ashlon Jackson,Substitution,584,False,3,2:51,49,49,Golden State Valkyries,Seattle Storm,4433534.0,Caroline Ducharme,5106232.0,Ashlon Jackson,,,-214748340,-214748365
2026-04-25,401866514410,Kaitlyn Chen misses free throw 2 of 2,Free Throw - 2 of 2,99,False,3,2:51,49,49,Golden State Valkyries,Seattle Storm,4899328.0,Kaitlyn Chen,,,,,-214748340,-214748365
2026-04-25,401866514411,Mackenzie Holmes defensive rebound,Defensive Rebound,155,False,3,2:48,49,49,Golden State Valkyries,Seattle Storm,4433643.0,Mackenzie Holmes,,,,,-214748340,-214748365
2026-04-25,401866514412,Kaitlyn Chen shooting foul,Shooting Foul,44,False,3,2:39,49,49,Golden State Valkyries,Seattle Storm,4899328.0,Kaitlyn Chen,,,,,35,17
2026-04-25,401866514414,Zia Cooke makes free throw 1 of 2,Free Throw - 1 of 2,98,True,3,2:39,49,50,Golden State Valkyries,Seattle Storm,4432832.0,Zia Cooke,,,,,-214748340,-214748365
2026-04-25,401866514415,Zia Cooke makes free throw 2 of 2,Free Throw - 2 of 2,99,True,3,2:39,49,51,Golden State Valkyries,Seattle Storm,4432832.0,Zia Cooke,,,,,-214748340,-214748365
2026-04-25,401866514417,"Miela Sowah bad pass
turnover (Taina Mair steals)","Bad Pass
Turnover",62,False,3,2:35,49,51,Golden State Valkyries,Seattle Storm,4398577.0,Miela Sowah,5106222.0,Taina Mair,,,12,11
2026-04-25,401866514420,Zia Cooke makes 14-foot jumper (Jade Melbourne assists),Jump Shot,92,True,3,2:26,49,53,Golden State Valkyries,Seattle Storm,4432832.0,Zia Cooke,5017726.0,Jade Melbourne,,,16,11
2026-04-25,401866514422,Cate Reese misses driving layup,Driving Layup Shot,110,False,3,2:06,49,53,Golden State Valkyries,Seattle Storm,4398698.0,Cate Reese,,,,,29,7
2026-04-25,401866514423,Zia Cooke defensive rebound,Defensive Rebound,155,False,3,2:03,49,53,Golden State Valkyries,Seattle Storm,4432832.0,Zia Cooke,,,,,29,7
2026-04-25,401866514424,Zia Cooke lost ball turnover (Cate Reese steals),Lost Ball Turnover,63,False,3,1:59,49,53,Golden State Valkyries,Seattle Storm,4432832.0,Zia Cooke,4398698.0,Cate Reese,,,18,10
2026-04-25,401866514426,Kaitlyn Chen makes 8-foot floating jump shot,Floating Jump Shot,130,True,3,1:53,51,53,Golden State Valkyries,Seattle Storm,4899328.0,Kaitlyn Chen,,,,,29,7
2026-04-25,401866514427,Grace VanSlooten misses 11-foot jumper,Jump Shot,92,False,3,1:41,51,53,Golden State Valkyries,Seattle Storm,5105731.0,Grace VanSlooten,,,,,33,8
2026-04-25,401866514428,Cate Reese defensive rebound,Defensive Rebound,155,False,3,1:41,51,53,Golden State Valkyries,Seattle Storm,4398698.0,Cate Reese,,,,,33,8
2026-04-25,401866514429,Kaitlyn Chen misses 23-foot three point jumper,Jump Shot,92,False,3,1:22,51,53,Golden State Valkyries,Seattle Storm,4899328.0,Kaitlyn Chen,,,,,9,17
2026-04-25,401866514430,Storm defensive team rebound,Defensive Rebound,155,False,3,1:21,51,53,Golden State Valkyries,Seattle Storm,,,,,,,9,17
2026-04-25,401866514431,Ashlon Jackson enters the game for Marta Suarez,Substitution,584,False,3,1:21,51,53,Golden State Valkyries,Seattle Storm,5106232.0,Ashlon Jackson,4704594.0,Marta Suarez,,,-214748340,-214748365
2026-04-25,401866514433,Mackenzie Holmes makes 24-foot three point jumper (Jade Melbourne assists),Jump Shot,92,True,3,1:07,51,56,Golden State Valkyries,Seattle Storm,4433643.0,Mackenzie Holmes,5017726.0,Jade Melbourne,,,36,21
2026-04-25,401866514435,Kaitlyn Chen misses 11-foot floating jump shot,Floating Jump Shot,130,False,3,49.7,51,56,Golden State Valkyries,Seattle Storm,4899328.0,Kaitlyn Chen,,,,,33,8
2026-04-25,401866514436,Mackenzie Holmes defensive rebound,Defensive Rebound,155,False,3,47.5,51,56,Golden State Valkyries,Seattle Storm,4433643.0,Mackenzie Holmes,,,,,33,8
2026-04-25,401866514437,"Taina Mair bad pass
turnover (Ashlon Jackson steals)","Bad Pass
Turnover",62,False,3,39.4,51,56,Golden State Valkyries,Seattle Storm,5106222.0,Taina Mair,5106232.0,Ashlon Jackson,,,30,14
2026-04-25,401866514439,Miela Sowah makes 24-foot three point jumper (Caroline Ducharme assists),Jump Shot,92,True,3,34.6,54,56,Golden State Valkyries,Seattle Storm,4398577.0,Miela Sowah,4433534.0,Caroline Ducharme,,,39,20
2026-04-25,401866514441,Taina Mair out of bounds bad pass turnover,Out of Bounds - Bad Pass Turnover,90,False,3,13.2,54,56,Golden State Valkyries,Seattle Storm,5106222.0,Taina Mair,,,,,6,29
2026-04-25,401866514442,Ashlon Jackson lost ball turnover (Mackenzie Holmes steals),Lost Ball Turnover,63,False,3,3.7,54,56,Golden State Valkyries,Seattle Storm,5106232.0,Ashlon Jackson,4433643.0,Mackenzie Holmes,,,31,3
2026-04-25,401866514444,Taina Mair misses 31-foot three point jumper,Jump Shot,92,False,3,0.8,54,56,Golden State Valkyries,Seattle Storm,5106222.0,Taina Mair,,,,,6,25
2026-04-25,401866514445,Storm offensive team rebound,Offensive Rebound,156,False,3,0.1,54,56,Golden State Valkyries,Seattle Storm,,,,,,,6,25
2026-04-25,401866514446,Lexie Brown enters the game for Jade Melbourne,Substitution,584,False,3,0.0,54,56,Golden State Valkyries,Seattle Storm,3058892.0,Lexie Brown,5017726.0,Jade Melbourne,,,-214748340,-214748365
2026-04-25,401866514448,End of the 3rd Quarter,End Period,412,False,3,0.0,54,56,Golden State Valkyries,Seattle Storm,,,,,,,-214748340,-214748365
2026-04-25,401866514478,Miela Sowah misses driving layup,Driving Layup Shot,110,False,4,9:46,54,56,Golden State Valkyries,Seattle Storm,4398577.0,Miela Sowah,,,,,23,1
2026-04-25,401866514479,Zia Cooke defensive rebound,Defensive Rebound,155,False,4,9:44,54,56,Golden State Valkyries,Seattle Storm,4432832.0,Zia Cooke,,,,,23,1
2026-04-25,401866514503,Zia Cooke misses 24-foot three point jumper,Jump Shot,92,False,4,9:34,54,56,Golden State Valkyries,Seattle Storm,4432832.0,Zia Cooke,,,,,41,19
2026-04-25,401866514504,Golden State Valkyries defensive team rebound,Defensive Rebound,155,False,4,9:31,54,56,Golden State Valkyries,Seattle Storm,,,,,,,41,19
2026-04-25,401866514515,Dominique Malonga enters the game for Grace VanSlooten,Substitution,584,False,4,9:30,54,56,Golden State Valkyries,Seattle Storm,5220150.0,Dominique Malonga,5105731.0,Grace VanSlooten,,,-214748340,-214748365
2026-04-25,401866514516,Flau'jae Johnson enters the game for Taina Mair,Substitution,584,False,4,9:30,54,56,Golden State Valkyries,Seattle Storm,4698736.0,Flau'jae Johnson,5106222.0,Taina Mair,,,-214748340,-214748365
2026-04-25,401866514450,Miela Sowah makes 24-foot three point jumper,Jump Shot,92,True,4,9:11,57,56,Golden State Valkyries,Seattle Storm,4398577.0,Miela Sowah,,,,,9,18
2026-04-25,401866514452,Dominique Malonga misses 11-foot jumper,Jump Shot,92,False,4,8:52,57,56,Golden State Valkyries,Seattle Storm,5220150.0,Dominique Malonga,,,,,29,10
2026-04-25,401866514453,Ashlon Jackson defensive rebound,Defensive Rebound,155,False,4,8:45,57,56,Golden State Valkyries,Seattle Storm,5106232.0,Ashlon Jackson,,,,,29,10
2026-04-25,401866514454,Miela Sowah makes 23-foot three point jumper (Ashlon Jackson assists),Jump Shot,92,True,4,8:40,60,56,Golden State Valkyries,Seattle Storm,4398577.0,Miela Sowah,5106232.0,Ashlon Jackson,,,46,10
2026-04-25,401866514456,"Zia Cooke bad pass
turnover (Miela Sowah steals)","Bad Pass
Turnover",62,False,4,8:21,60,56,Golden State Valkyries,Seattle Storm,4432832.0,Zia Cooke,4398577.0,Miela Sowah,,,8,22
2026-04-25,401866514458,Dominique Malonga personal foul,Personal Foul,45,False,4,8:21,60,56,Golden State Valkyries,Seattle Storm,5220150.0,Dominique Malonga,,,,,11,5
2026-04-25,401866514460,Stefanie Dolson enters the game for Mackenzie Holmes,Substitution,584,False,4,8:21,60,56,Golden State Valkyries,Seattle Storm,2529183.0,Stefanie Dolson,4433643.0,Mackenzie Holmes,,,-214748340,-214748365
2026-04-25,401866514462,Miela Sowah makes 24-foot three point jumper (Kaitlyn Chen assists),Jump Shot,92,True,4,8:06,63,56,Golden State Valkyries,Seattle Storm,4398577.0,Miela Sowah,4899328.0,Kaitlyn Chen,,,45,14
2026-04-25,401866514464,Zia Cooke misses 18-foot jumper,Jump Shot,92,False,4,7:47,63,56,Golden State Valkyries,Seattle Storm,4432832.0,Zia Cooke,,,,,36,14
2026-04-25,401866514465,Dominique Malonga offensive rebound,Offensive Rebound,156,False,4,7:42,63,56,Golden State Valkyries,Seattle Storm,5220150.0,Dominique Malonga,,,,,36,14
2026-04-25,401866514466,Dominique Malonga makes two point shot,Layup Shot Putback,125,True,4,7:41,63,58,Golden State Valkyries,Seattle Storm,5220150.0,Dominique Malonga,,,,,28,0
2026-04-25,401866514467,Caroline Ducharme makes 23-foot three point jumper (Kaitlyn Chen assists),Jump Shot,92,True,4,7:29,66,58,Golden State Valkyries,Seattle Storm,4433534.0,Caroline Ducharme,4899328.0,Kaitlyn Chen,,,42,17
2026-04-25,401866514469,Flau'jae Johnson makes 21-foot jumper (Zia Cooke assists),Jump Shot,92,True,4,7:12,66,60,Golden State Valkyries,Seattle Storm,4698736.0,Flau'jae Johnson,4432832.0,Zia Cooke,,,36,18
2026-04-25,401866514475,Miela Sowah makes 20-foot jumper,Jump Shot,92,True,4,6:45,68,60,Golden State Valkyries,Seattle Storm,4398577.0,Miela Sowah,,,,,9,12
2026-04-25,401866514476,Flau'jae Johnson misses driving layup,Driving Layup Shot,110,False,4,6:31,68,60,Golden State Valkyries,Seattle Storm,4698736.0,Flau'jae Johnson,,,,,28,1
2026-04-25,401866514477,Storm offensive team rebound,Offensive Rebound,156,False,4,6:30,68,60,Golden State Valkyries,Seattle Storm,,,,,,,28,1
2026-04-25,401866514480,Ndjakalenga Mwenentanda enters the game for Ashlon Jackson,Substitution,584,False,4,6:30,68,60,Golden State Valkyries,Seattle Storm,5106170.0,Ndjakalenga Mwenentanda,5106232.0,Ashlon Jackson,,,-214748340,-214748365
2026-04-25,401866514481,Taina Mair enters the game for Zia Cooke,Substitution,584,False,4,6:30,68,60,Golden State Valkyries,Seattle Storm,5106222.0,Taina Mair,4432832.0,Zia Cooke,,,-214748340,-214748365
2026-04-25,401866514484,Miela Sowah shooting foul,Shooting Foul,44,False,4,6:29,68,60,Golden State Valkyries,Seattle Storm,4398577.0,Miela Sowah,,,,,25,5
2026-04-25,401866514486,Dominique Malonga makes free throw 1 of 2,Free Throw - 1 of 2,98,True,4,6:29,68,61,Golden State Valkyries,Seattle Storm,5220150.0,Dominique Malonga,,,,,-214748340,-214748365
2026-04-25,401866514487,Rennia Davis enters the game for Stefanie Dolson,Substitution,584,False,4,6:29,68,61,Golden State Valkyries,Seattle Storm,4280888.0,Rennia Davis,2529183.0,Stefanie Dolson,,,-214748340,-214748365
2026-04-25,401866514489,Dominique Malonga misses free throw 2 of 2,Free Throw - 2 of 2,99,False,4,6:29,68,61,Golden State Valkyries,Seattle Storm,5220150.0,Dominique Malonga,,,,,-214748340,-214748365
2026-04-25,401866514490,Caroline Ducharme defensive rebound,Defensive Rebound,155,False,4,6:25,68,61,Golden State Valkyries,Seattle Storm,4433534.0,Caroline Ducharme,,,,,-214748340,-214748365
2026-04-25,401866514491,Caroline Ducharme misses 18-foot jumper,Jump Shot,92,False,4,6:10,68,61,Golden State Valkyries,Seattle Storm,4433534.0,Caroline Ducharme,,,,,35,15
2026-04-25,401866514492,Dominique Malonga defensive rebound,Defensive Rebound,155,False,4,6:07,68,61,Golden State Valkyries,Seattle Storm,5220150.0,Dominique Malonga,,,,,35,15
2026-04-25,401866514494,Grace VanSlooten enters the game for Flau'jae Johnson,Substitution,584,False,4,6:04,68,61,Golden State Valkyries,Seattle Storm,5105731.0,Grace VanSlooten,4698736.0,Flau'jae Johnson,,,-214748340,-214748365
2026-04-25,401866514495,Jaelyn Brown enters the game for Dominique Malonga,Substitution,584,False,4,6:04,68,61,Golden State Valkyries,Seattle Storm,4066527.0,Jaelyn Brown,5220150.0,Dominique Malonga,,,-214748340,-214748365
2026-04-25,401866514498,Jaelyn Brown misses 17-foot jumper,Jump Shot,92,False,4,6:00,68,61,Golden State Valkyries,Seattle Storm,4066527.0,Jaelyn Brown,,,,,41,7
2026-04-25,401866514499,Rennia Davis offensive rebound,Offensive Rebound,156,False,4,5:57,68,61,Golden State Valkyries,Seattle Storm,4280888.0,Rennia Davis,,,,,41,7
2026-04-25,401866514500,Rennia Davis makes two point shot,Layup Shot Putback,125,True,4,5:52,68,63,Golden State Valkyries,Seattle Storm,4280888.0,Rennia Davis,,,,,23,1
2026-04-25,401866514501,Cate Reese out of bounds bad pass turnover,Out of Bounds - Bad Pass Turnover,90,False,4,5:39,68,63,Golden State Valkyries,Seattle Storm,4398698.0,Cate Reese,,,,,39,7
2026-04-25,401866514502,Official timeout,Official Timeout,19,False,4,5:39,68,63,Golden State Valkyries,Seattle Storm,,,,,,,-214748340,-214748365
2026-04-25,401866514505,Mariella Fasoula enters the game for Caroline Ducharme,Substitution,584,False,4,5:39,68,63,Golden State Valkyries,Seattle Storm,3904479.0,Mariella Fasoula,4433534.0,Caroline Ducharme,,,-214748340,-214748365
2026-04-25,401866514506,Elle Ladine enters the game for Lexie Brown,Substitution,584,False,4,5:39,68,63,Golden State Valkyries,Seattle Storm,5105756.0,Elle Ladine,3058892.0,Lexie Brown,,,-214748340,-214748365
2026-04-25,401866514509,Rennia Davis makes 6-foot floating jump shot (Taina Mair assists),Floating Jump Shot,130,True,4,5:34,68,65,Golden State Valkyries,Seattle Storm,4280888.0,Rennia Davis,5106222.0,Taina Mair,,,26,6
2026-04-25,401866514511,Elle Ladine personal foul,Personal Foul,45,False,4,5:13,68,65,Golden State Valkyries,Seattle Storm,5105756.0,Elle Ladine,,,,,7,22
2026-04-25,401866514513,Kaitlyn Chen makes driving layup,Driving Layup Shot,110,True,4,5:00,70,65,Golden State Valkyries,Seattle Storm,4899328.0,Kaitlyn Chen,,,,,22,0
2026-04-25,401866514519,Rennia Davis misses 4-foot jumper,Jump Shot,92,False,4,4:35,70,65,Golden State Valkyries,Seattle Storm,4280888.0,Rennia Davis,,,,,24,4
2026-04-25,401866514520,Miela Sowah defensive rebound,Defensive Rebound,155,False,4,4:32,70,65,Golden State Valkyries,Seattle Storm,4398577.0,Miela Sowah,,,,,24,4
2026-04-25,401866514521,Elle Ladine personal foul,Personal Foul,45,False,4,4:25,70,65,Golden State Valkyries,Seattle Storm,5105756.0,Elle Ladine,,,,,29,7
2026-04-25,401866514523,Golden State Valkyries Full timeout,Full Timeout,16,False,4,4:25,70,65,Golden State Valkyries,Seattle Storm,,,,,,,-214748340,-214748365
2026-04-25,401866514524,Miela Sowah offensive charge,Offensive Charge,24,False,4,4:20,70,65,Golden State Valkyries,Seattle Storm,4398577.0,Miela Sowah,,,,,38,25
2026-04-25,401866514526,Miela Sowah offensive foul turnover,Offensive Foul Turnover,84,False,4,4:20,70,65,Golden State Valkyries,Seattle Storm,4398577.0,Miela Sowah,,,,,38,25
2026-04-25,401866514527,Mariella Fasoula blocks Jaelyn Brown 's 16-foot pullup jump shot,Pullup Jump Shot,131,False,4,4:00,70,65,Golden State Valkyries,Seattle Storm,4066527.0,Jaelyn Brown,3904479.0,Mariella Fasoula,,,18,14
2026-04-25,401866514528,Rennia Davis offensive rebound,Offensive Rebound,156,False,4,4:00,70,65,Golden State Valkyries,Seattle Storm,4280888.0,Rennia Davis,,,,,18,14
2026-04-25,401866514529,Rennia Davis makes layup,Layup Shot,95,True,4,4:00,70,67,Golden State Valkyries,Seattle Storm,4280888.0,Rennia Davis,,,,,23,2
2026-04-25,401866514530,Cate Reese shooting foul,Shooting Foul,44,False,4,4:00,70,67,Golden State Valkyries,Seattle Storm,4398698.0,Cate Reese,,,,,23,2
2026-04-25,401866514532,Rennia Davis makes free throw 1 of 1,Free Throw - 1 of 1,97,True,4,4:00,70,68,Golden State Valkyries,Seattle Storm,4280888.0,Rennia Davis,,,,,-214748340,-214748365
2026-04-25,401866514534,Cate Reese discontinue dribble turnover,Disc Dribble Turnover,66,False,4,3:49,70,68,Golden State Valkyries,Seattle Storm,4398698.0,Cate Reese,,,,,25,9
2026-04-25,401866514535,Cate Reese personal foul,Personal Foul,45,False,4,3:33,70,68,Golden State Valkyries,Seattle Storm,4398698.0,Cate Reese,,,,,30,2
2026-04-25,401866514537,Ashlon Jackson enters the game for Cate Reese,Substitution,584,False,4,3:33,70,68,Golden State Valkyries,Seattle Storm,5106232.0,Ashlon Jackson,4398698.0,Cate Reese,,,-214748340,-214748365
2026-04-25,401866514539,Storm Full timeout,Full Timeout,16,False,4,3:33,70,68,Golden State Valkyries,Seattle Storm,,,,,,,-214748340,-214748365
2026-04-25,401866514540,Rennia Davis misses 11-foot fade away jump shot,Fade Away Jump Shot,121,False,4,3:27,70,68,Golden State Valkyries,Seattle Storm,4280888.0,Rennia Davis,,,,,36,3
2026-04-25,401866514541,Mariella Fasoula defensive rebound,Defensive Rebound,155,False,4,3:21,70,68,Golden State Valkyries,Seattle Storm,3904479.0,Mariella Fasoula,,,,,36,3
2026-04-25,401866514542,Kaitlyn Chen makes driving layup,Driving Layup Shot,110,True,4,3:03,72,68,Golden State Valkyries,Seattle Storm,4899328.0,Kaitlyn Chen,,,,,32,3
2026-04-25,401866514543,Mariella Fasoula shooting foul,Shooting Foul,44,False,4,2:52,72,68,Golden State Valkyries,Seattle Storm,3904479.0,Mariella Fasoula,,,,,20,3
2026-04-25,401866514545,Grace VanSlooten makes free throw 1 of 2,Free Throw - 1 of 2,98,True,4,2:52,72,69,Golden State Valkyries,Seattle Storm,5105731.0,Grace VanSlooten,,,,,-214748340,-214748365
2026-04-25,401866514546,Grace VanSlooten makes free throw 2 of 2,Free Throw - 2 of 2,99,True,4,2:52,72,70,Golden State Valkyries,Seattle Storm,5105731.0,Grace VanSlooten,,,,,-214748340,-214748365
2026-04-25,401866514547,Grace VanSlooten blocks Kaitlyn Chen 's 2-foot driving layup,Driving Layup Shot,110,False,4,2:39,72,70,Golden State Valkyries,Seattle Storm,4899328.0,Kaitlyn Chen,5105731.0,Grace VanSlooten,,,27,1
2026-04-25,401866514549,Jaelyn Brown defensive rebound,Defensive Rebound,155,False,4,2:39,72,70,Golden State Valkyries,Seattle Storm,4066527.0,Jaelyn Brown,,,,,27,1
2026-04-25,401866514550,Ndjakalenga Mwenentanda personal foul,Personal Foul,45,False,4,2:39,72,70,Golden State Valkyries,Seattle Storm,5106170.0,Ndjakalenga Mwenentanda,,,,,27,3
2026-04-25,401866514552,Jaelyn Brown makes free throw 1 of 2,Free Throw - 1 of 2,98,True,4,2:39,72,71,Golden State Valkyries,Seattle Storm,4066527.0,Jaelyn Brown,,,,,-214748340,-214748365
2026-04-25,401866514553,Jaelyn Brown makes free throw 2 of 2,Free Throw - 2 of 2,99,True,4,2:39,72,72,Golden State Valkyries,Seattle Storm,4066527.0,Jaelyn Brown,,,,,-214748340,-214748365
2026-04-25,401866514554,Mariella Fasoula makes 24-foot three point jumper (Ndjakalenga Mwenentanda assists),Jump Shot,92,True,4,2:23,75,72,Golden State Valkyries,Seattle Storm,3904479.0,Mariella Fasoula,5106170.0,Ndjakalenga Mwenentanda,,,38,21
2026-04-25,401866514556,Elle Ladine misses 14-foot pullup jump shot,Pullup Jump Shot,131,False,4,2:04,75,72,Golden State Valkyries,Seattle Storm,5105756.0,Elle Ladine,,,,,31,13
2026-04-25,401866514557,Golden State Valkyries defensive team rebound,Defensive Rebound,155,False,4,2:04,75,72,Golden State Valkyries,Seattle Storm,,,,,,,31,13
2026-04-25,401866514558,shot clock turnover ,Shot Clock Turnover,70,False,4,1:40,75,72,Golden State Valkyries,Seattle Storm,,,,,,,44,-2
2026-04-25,401866514559,Mariella Fasoula personal foul,Personal Foul,45,False,4,1:33,75,72,Golden State Valkyries,Seattle Storm,3904479.0,Mariella Fasoula,,,,,13,15
2026-04-25,401866514561,Grace VanSlooten makes free throw 1 of 2,Free Throw - 1 of 2,98,True,4,1:33,75,73,Golden State Valkyries,Seattle Storm,5105731.0,Grace VanSlooten,,,,,-214748340,-214748365
2026-04-25,401866514562,Grace VanSlooten misses free throw 2 of 2,Free Throw - 2 of 2,99,False,4,1:33,75,73,Golden State Valkyries,Seattle Storm,5105731.0,Grace VanSlooten,,,,,-214748340,-214748365
2026-04-25,401866514563,Rennia Davis vs. Ndjakalenga Mwenentanda (Taina Mair gains possession),Jumpball,615,False,4,1:27,75,73,Golden State Valkyries,Seattle Storm,4280888.0,Rennia Davis,5106170.0,Ndjakalenga Mwenentanda,5106222.0,Taina Mair,-214748340,-214748365
2026-04-25,401866514566,Rennia Davis offensive rebound,Offensive Rebound,156,False,4,1:27,75,73,Golden State Valkyries,Seattle Storm,4280888.0,Rennia Davis,,,,,-214748340,-214748365
2026-04-25,401866514567,Jaelyn Brown makes 15-foot jumper,Jump Shot,92,True,4,1:19,75,75,Golden State Valkyries,Seattle Storm,4066527.0,Jaelyn Brown,,,,,37,10
2026-04-25,401866514569,Mariella Fasoula misses layup,Layup Shot,95,False,4,1:03,75,75,Golden State Valkyries,Seattle Storm,3904479.0,Mariella Fasoula,,,,,27,2
2026-04-25,401866514570,Rennia Davis defensive rebound,Defensive Rebound,155,False,4,58.9,75,75,Golden State Valkyries,Seattle Storm,4280888.0,Rennia Davis,,,,,27,2
2026-04-25,401866514571,Rennia Davis offensive charge,Offensive Charge,24,False,4,54.6,75,75,Golden State Valkyries,Seattle Storm,4280888.0,Rennia Davis,,,,,36,27
2026-04-25,401866514573,Rennia Davis offensive foul turnover,Offensive Foul Turnover,84,False,4,54.6,75,75,Golden State Valkyries,Seattle Storm,4280888.0,Rennia Davis,,,,,36,27
2026-04-25,401866514574,Ndjakalenga Mwenentanda misses 22-foot three point jumper,Jump Shot,92,False,4,37.0,75,75,Golden State Valkyries,Seattle Storm,5106170.0,Ndjakalenga Mwenentanda,,,,,3,-1
2026-04-25,401866514575,Miela Sowah offensive rebound,Offensive Rebound,156,False,4,33.9,75,75,Golden State Valkyries,Seattle Storm,4398577.0,Miela Sowah,,,,,3,-1
2026-04-25,401866514576,Mariella Fasoula makes layup (Miela Sowah assists),Layup Shot,95,True,4,32.0,77,75,Golden State Valkyries,Seattle Storm,3904479.0,Mariella Fasoula,4398577.0,Miela Sowah,,,27,0
2026-04-25,401866514578,Storm Full timeout,Full Timeout,16,False,4,32.0,77,75,Golden State Valkyries,Seattle Storm,,,,,,,-214748340,-214748365
2026-04-25,401866514579,Jaelyn Brown misses 12-foot two point shot,Turnaround Fade Away Jump Shot,137,False,4,23.1,77,75,Golden State Valkyries,Seattle Storm,4066527.0,Jaelyn Brown,,,,,26,12
2026-04-25,401866514580,Ndjakalenga Mwenentanda defensive rebound,Defensive Rebound,155,False,4,18.9,77,75,Golden State Valkyries,Seattle Storm,5106170.0,Ndjakalenga Mwenentanda,,,,,26,12
2026-04-25,401866514581,Golden State Valkyries Full timeout,Full Timeout,16,False,4,18.2,77,75,Golden State Valkyries,Seattle Storm,,,,,,,-214748340,-214748365
2026-04-25,401866514582,Taina Mair personal foul,Personal Foul,45,False,4,16.0,77,75,Golden State Valkyries,Seattle Storm,5106222.0,Taina Mair,,,,,11,23
2026-04-25,401866514584,Golden State Valkyries Full timeout,Full Timeout,16,False,4,16.0,77,75,Golden State Valkyries,Seattle Storm,,,,,,,-214748340,-214748365
2026-04-25,401866514585,Elle Ladine personal foul,Personal Foul,45,False,4,15.2,77,75,Golden State Valkyries,Seattle Storm,5105756.0,Elle Ladine,,,,,3,10
2026-04-25,401866514587,Ashlon Jackson misses free throw 1 of 2,Free Throw - 1 of 2,98,False,4,15.2,77,75,Golden State Valkyries,Seattle Storm,5106232.0,Ashlon Jackson,,,,,-214748340,-214748365
2026-04-25,401866514588,Golden State Valkyries offensive team rebound,Offensive Rebound,156,False,4,15.2,77,75,Golden State Valkyries,Seattle Storm,,,,,,,-214748340,-214748365
2026-04-25,401866514589,Ashlon Jackson makes free throw 2 of 2,Free Throw - 2 of 2,99,True,4,15.2,78,75,Golden State Valkyries,Seattle Storm,5106232.0,Ashlon Jackson,,,,,-214748340,-214748365
2026-04-25,401866514590,Storm Full timeout,Full Timeout,16,False,4,15.2,78,75,Golden State Valkyries,Seattle Storm,,,,,,,-214748340,-214748365
2026-04-25,401866514591,Elle Ladine misses 25-foot three point jumper,Jump Shot,92,False,4,12.1,78,75,Golden State Valkyries,Seattle Storm,5105756.0,Elle Ladine,,,,,40,20
2026-04-25,401866514592,Taina Mair offensive rebound,Offensive Rebound,156,False,4,7.7,78,75,Golden State Valkyries,Seattle Storm,5106222.0,Taina Mair,,,,,40,20
2026-04-25,401866514594,Kaitlyn Chen personal foul,Personal Foul,45,False,4,4.9,78,75,Golden State Valkyries,Seattle Storm,4899328.0,Kaitlyn Chen,,,,,46,25
2026-04-25,401866514596,Elle Ladine makes free throw 1 of 2,Free Throw - 1 of 2,98,True,4,4.9,78,76,Golden State Valkyries,Seattle Storm,5105756.0,Elle Ladine,,,,,-214748340,-214748365
2026-04-25,401866514597,Cate Reese enters the game for Miela Sowah,Substitution,584,False,4,4.9,78,76,Golden State Valkyries,Seattle Storm,4398698.0,Cate Reese,4398577.0,Miela Sowah,,,-214748340,-214748365
2026-04-25,401866514599,Elle Ladine misses free throw 2 of 2,Free Throw - 2 of 2,99,False,4,4.9,78,76,Golden State Valkyries,Seattle Storm,5105756.0,Elle Ladine,,,,,-214748340,-214748365
2026-04-25,401866514603,Grace VanSlooten offensive rebound,Offensive Rebound,156,False,4,4.9,78,76,Golden State Valkyries,Seattle Storm,5105731.0,Grace VanSlooten,,,,,-214748340,-214748365
2026-04-25,401866514600,Grace VanSlooten vs. Mariella Fasoula (Taina Mair gains possession),Jumpball,615,False,4,0.1,78,76,Golden State Valkyries,Seattle Storm,5105731.0,Grace VanSlooten,3904479.0,Mariella Fasoula,5106222.0,Taina Mair,-214748340,-214748365
2026-04-25,401866514604,End of the 4th Quarter,End Period,412,False,4,0.0,78,76,Golden State Valkyries,Seattle Storm,,,,,,,-214748340,-214748365
2026-04-25,401866514605,End of Game,End Game,402,False,4,0.0,78,76,Golden State Valkyries,Seattle Storm,,,,,,,-214748340,-214748365
2026-04-26,4018699734,Kadysha Juna Umezawa vs. NaLyssa Smith (Chelsea Gray gains possession),Jumpball,615,False,1,10:00,0,0,Las Vegas Aces,JAPAN,4398776.0,NaLyssa Smith,5346804.0,Kadysha Juna Umezawa,2529122.0,Chelsea Gray,-214748340,-214748365
2026-04-26,4018699737,Jewell Loyd misses 24-foot three point jumper,Jump Shot,92,False,1,9:43,0,0,Las Vegas Aces,JAPAN,2987869.0,Jewell Loyd,,,,,12,21
2026-04-26,4018699738,NaLyssa Smith offensive rebound,Offensive Rebound,156,False,1,9:41,0,0,Las Vegas Aces,JAPAN,4398776.0,NaLyssa Smith,,,,,12,21
2026-04-26,4018699739,Kadysha Juna Umezawa shooting foul,Shooting Foul,44,False,1,9:41,0,0,Las Vegas Aces,JAPAN,5346804.0,Kadysha Juna Umezawa,,,,,28,3
2026-04-26,40186997311,NaLyssa Smith misses free throw 1 of 2,Free Throw - 1 of 2,98,False,1,9:41,0,0,Las Vegas Aces,JAPAN,4398776.0,NaLyssa Smith,,,,,-214748340,-214748365
2026-04-26,40186997312,Aces offensive team rebound,Offensive Rebound,156,False,1,9:41,0,0,Las Vegas Aces,JAPAN,,,,,,,-214748340,-214748365
2026-04-26,40186997313,NaLyssa Smith makes free throw 2 of 2,Free Throw - 2 of 2,99,True,1,9:41,1,0,Las Vegas Aces,JAPAN,4398776.0,NaLyssa Smith,,,,,-214748340,-214748365
2026-04-26,40186997314,Mai Yamamoto misses driving layup,Driving Layup Shot,110,False,1,9:30,1,0,Las Vegas Aces,JAPAN,5220104.0,Mai Yamamoto,,,,,29,2
2026-04-26,40186997315,NaLyssa Smith defensive rebound,Defensive Rebound,155,False,1,9:27,1,0,Las Vegas Aces,JAPAN,4398776.0,NaLyssa Smith,,,,,29,2
2026-04-26,40186997316,Mai Yamamoto shooting foul,Shooting Foul,44,False,1,9:23,1,0,Las Vegas Aces,JAPAN,5220104.0,Mai Yamamoto,,,,,22,2
2026-04-26,40186997318,NaLyssa Smith makes free throw 1 of 2,Free Throw - 1 of 2,98,True,1,9:23,2,0,Las Vegas Aces,JAPAN,4398776.0,NaLyssa Smith,,,,,-214748340,-214748365
2026-04-26,40186997319,NaLyssa Smith makes free throw 2 of 2,Free Throw - 2 of 2,99,True,1,9:23,3,0,Las Vegas Aces,JAPAN,4398776.0,NaLyssa Smith,,,,,-214748340,-214748365
2026-04-26,40186997320,NaLyssa Smith blocks Mona Tateyama 's 6-foot layup,Layup Shot,95,False,1,9:14,3,0,Las Vegas Aces,JAPAN,5346803.0,Mona Tateyama,4398776.0,NaLyssa Smith,,,20,4
2026-04-26,40186997322,Mona Tateyama offensive rebound,Offensive Rebound,156,False,1,9:10,3,0,Las Vegas Aces,JAPAN,5346803.0,Mona Tateyama,,,,,20,4
2026-04-26,40186997323,Mona Tateyama makes layup,Layup Shot,95,True,1,9:10,3,2,Las Vegas Aces,JAPAN,5346803.0,Mona Tateyama,,,,,20,1
2026-04-26,40186997324,Stephanie Talbot misses 22-foot three point jumper,Jump Shot,92,False,1,8:55,3,2,Las Vegas Aces,JAPAN,3099736.0,Stephanie Talbot,,,,,3,1
2026-04-26,40186997325,Norika Konno defensive rebound,Defensive Rebound,155,False,1,8:53,3,2,Las Vegas Aces,JAPAN,4433094.0,Norika Konno,,,,,3,1
2026-04-26,40186997326,Mai Yamamoto misses 30-foot three point pullup jump shot,Pullup Jump Shot,131,False,1,8:41,3,2,Las Vegas Aces,JAPAN,5220104.0,Mai Yamamoto,,,,,34,29
2026-04-26,40186997327,Chelsea Gray defensive rebound,Defensive Rebound,155,False,1,8:37,3,2,Las Vegas Aces,JAPAN,2529122.0,Chelsea Gray,,,,,34,29
2026-04-26,40186997329,Jackie Young makes 15-foot pullup jump shot,Pullup Jump Shot,131,True,1,8:23,5,2,Las Vegas Aces,JAPAN,4065870.0,Jackie Young,,,,,15,12
2026-04-26,40186997330,Kadysha Juna Umezawa makes layup (Mai Yamamoto assists),Layup Shot,95,True,1,8:11,5,4,Las Vegas Aces,JAPAN,5346804.0,Kadysha Juna Umezawa,5220104.0,Mai Yamamoto,,,28,2
2026-04-26,40186997332,Jackie Young shooting foul,Shooting Foul,44,False,1,8:11,5,4,Las Vegas Aces,JAPAN,4065870.0,Jackie Young,,,,,29,3
2026-04-26,40186997334,Kadysha Juna Umezawa makes free throw 1 of 1,Free Throw - 1 of 1,97,True,1,8:11,5,5,Las Vegas Aces,JAPAN,5346804.0,Kadysha Juna Umezawa,,,,,-214748340,-214748365
2026-04-26,40186997335,Kadysha Juna Umezawa shooting foul,Shooting Foul,44,False,1,8:06,5,5,Las Vegas Aces,JAPAN,5346804.0,Kadysha Juna Umezawa,,,,,45,17
2026-04-26,40186997337,Chelsea Gray makes free throw 1 of 3,Free Throw - 1 of 3,100,True,1,8:06,6,5,Las Vegas Aces,JAPAN,2529122.0,Chelsea Gray,,,,,-214748340,-214748365
2026-04-26,40186997338,Chelsea Gray makes free throw 2 of 3,Free Throw - 2 of 3,101,True,1,8:06,7,5,Las Vegas Aces,JAPAN,2529122.0,Chelsea Gray,,,,,-214748340,-214748365
2026-04-26,40186997339,Azusa Asahina enters the game for Kadysha Juna Umezawa,Substitution,584,False,1,8:06,7,5,Las Vegas Aces,JAPAN,5346552.0,Azusa Asahina,5346804.0,Kadysha Juna Umezawa,,,-214748340,-214748365
2026-04-26,40186997341,Chelsea Gray makes free throw 3 of 3,Free Throw - 3 of 3,102,True,1,8:06,8,5,Las Vegas Aces,JAPAN,2529122.0,Chelsea Gray,,,,,-214748340,-214748365
2026-04-26,40186997342,Mona Tateyama misses 23-foot three point jumper,Jump Shot,92,False,1,7:55,8,5,Las Vegas Aces,JAPAN,5346803.0,Mona Tateyama,,,,,47,7
2026-04-26,40186997343,Aces defensive team rebound,Defensive Rebound,155,False,1,7:53,8,5,Las Vegas Aces,JAPAN,,,,,,,47,7
2026-04-26,40186997345,Chelsea Gray makes 14-foot step back jumpshot,Step Back Jump Shot,132,True,1,7:37,10,5,Las Vegas Aces,JAPAN,2529122.0,Chelsea Gray,,,,,12,8
2026-04-26,40186997346,Norika Konno misses 24-foot three point step back jumpshot,Step Back Jump Shot,132,False,1,7:17,10,5,Las Vegas Aces,JAPAN,4433094.0,Norika Konno,,,,,2,7
2026-04-26,40186997347,Azusa Asahina offensive rebound,Offensive Rebound,156,False,1,7:15,10,5,Las Vegas Aces,JAPAN,5346552.0,Azusa Asahina,,,,,2,7
2026-04-26,40186997348,Mona Tateyama misses layup,Layup Shot,95,False,1,7:13,10,5,Las Vegas Aces,JAPAN,5346803.0,Mona Tateyama,,,,,22,5
2026-04-26,40186997349,NaLyssa Smith defensive rebound,Defensive Rebound,155,False,1,7:11,10,5,Las Vegas Aces,JAPAN,4398776.0,NaLyssa Smith,,,,,22,5
2026-04-26,40186997350,Jewell Loyd makes 19-foot pullup jump shot,Pullup Jump Shot,131,True,1,7:04,12,5,Las Vegas Aces,JAPAN,2987869.0,Jewell Loyd,,,,,21,18
2026-04-26,40186997351,Azusa Asahina makes 5-foot two point shot (Nanako Todo assists),Driving Finger Roll Layup,128,True,1,6:51,12,7,Las Vegas Aces,JAPAN,5346552.0,Azusa Asahina,4873391.0,Nanako Todo,,,21,2
2026-04-26,40186997354,Kierstan Bell enters the game for Stephanie Talbot,Substitution,584,False,1,6:32,12,7,Las Vegas Aces,JAPAN,4433633.0,Kierstan Bell,3099736.0,Stephanie Talbot,,,-214748340,-214748365
2026-04-26,40186997355,Minami Yabu enters the game for Norika Konno,Substitution,584,False,1,6:32,12,7,Las Vegas Aces,JAPAN,5346553.0,Minami Yabu,4433094.0,Norika Konno,,,-214748340,-214748365
2026-04-26,40186997356,Nanami Tsuno enters the game for Nanako Todo,Substitution,584,False,1,6:32,12,7,Las Vegas Aces,JAPAN,5346801.0,Nanami Tsuno,4873391.0,Nanako Todo,,,-214748340,-214748365
2026-04-26,40186997360,NaLyssa Smith makes driving layup,Driving Layup Shot,110,True,1,6:27,14,7,Las Vegas Aces,JAPAN,4398776.0,NaLyssa Smith,,,,,20,2
2026-04-26,40186997361,NaLyssa Smith blocks Mai Yamamoto 's 6-foot floating jump shot,Floating Jump Shot,130,False,1,6:18,14,7,Las Vegas Aces,JAPAN,5220104.0,Mai Yamamoto,4398776.0,NaLyssa Smith,,,22,5
2026-04-26,40186997363,Chelsea Gray defensive rebound,Defensive Rebound,155,False,1,6:15,14,7,Las Vegas Aces,JAPAN,2529122.0,Chelsea Gray,,,,,22,5
2026-04-26,40186997364,Kierstan Bell makes 26-foot running jump shot (Jackie Young assists),Running Jump Shot,113,True,1,6:12,17,7,Las Vegas Aces,JAPAN,4433633.0,Kierstan Bell,4065870.0,Jackie Young,,,43,20
2026-04-26,40186997366,Azusa Asahina misses 23-foot three point jumper,Jump Shot,92,False,1,5:45,17,7,Las Vegas Aces,JAPAN,5346552.0,Azusa Asahina,,,,,2,0
2026-04-26,40186997367,Jackie Young defensive rebound,Defensive Rebound,155,False,1,5:44,17,7,Las Vegas Aces,JAPAN,4065870.0,Jackie Young,,,,,2,0
2026-04-26,40186997368,Chelsea Gray makes 25-foot three point jumper (Jackie Young assists),Jump Shot,92,True,1,5:35,20,7,Las Vegas Aces,JAPAN,2529122.0,Chelsea Gray,4065870.0,Jackie Young,,,7,17
2026-04-26,40186997370,Azusa Asahina makes 5-foot two point shot,Driving Finger Roll Layup,128,True,1,5:22,20,9,Las Vegas Aces,JAPAN,5346552.0,Azusa Asahina,,,,,20,0
2026-04-26,40186997371,Minami Yabu personal foul,Personal Foul,45,False,1,5:09,20,9,Las Vegas Aces,JAPAN,5346553.0,Minami Yabu,,,,,42,18
2026-04-26,40186997373,Cheyenne Parker-Tyus enters the game for NaLyssa Smith,Substitution,584,False,1,5:09,20,9,Las Vegas Aces,JAPAN,2529458.0,Cheyenne Parker-Tyus,4398776.0,NaLyssa Smith,,,-214748340,-214748365
2026-04-26,40186997374,Chennedy Carter enters the game for Jewell Loyd,Substitution,584,False,1,5:09,20,9,Las Vegas Aces,JAPAN,4280892.0,Chennedy Carter,2987869.0,Jewell Loyd,,,-214748340,-214748365
2026-04-26,40186997375,Suzuno Higuchi enters the game for Mona Tateyama,Substitution,584,False,1,5:09,20,9,Las Vegas Aces,JAPAN,5346807.0,Suzuno Higuchi,5346803.0,Mona Tateyama,,,-214748340,-214748365
2026-04-26,40186997376,Mio Shiraishi enters the game for Mai Yamamoto,Substitution,584,False,1,5:09,20,9,Las Vegas Aces,JAPAN,5346806.0,Mio Shiraishi,5220104.0,Mai Yamamoto,,,-214748340,-214748365
2026-04-26,40186997381,Jackie Young misses 26-foot three point step back jumpshot,Step Back Jump Shot,132,False,1,4:58,20,9,Las Vegas Aces,JAPAN,4065870.0,Jackie Young,,,,,39,22
2026-04-26,40186997382,Chennedy Carter offensive rebound,Offensive Rebound,156,False,1,4:52,20,9,Las Vegas Aces,JAPAN,4280892.0,Chennedy Carter,,,,,39,22
2026-04-26,40186997383,Cheyenne Parker-Tyus misses layup,Layup Shot,95,False,1,4:45,20,9,Las Vegas Aces,JAPAN,2529458.0,Cheyenne Parker-Tyus,,,,,22,3
2026-04-26,40186997384,Chennedy Carter offensive rebound,Offensive Rebound,156,False,1,4:41,20,9,Las Vegas Aces,JAPAN,4280892.0,Chennedy Carter,,,,,22,3
2026-04-26,40186997385,Cheyenne Parker-Tyus out of bounds lost ball turnover,Out of Bounds - Lost Ball Turnover,87,False,1,4:40,20,9,Las Vegas Aces,JAPAN,2529458.0,Cheyenne Parker-Tyus,,,,,30,2
2026-04-26,40186997386,Official timeout,Official Timeout,19,False,1,4:40,20,9,Las Vegas Aces,JAPAN,,,,,,,-214748340,-214748365
2026-04-26,40186997387,Chennedy Carter shooting foul,Shooting Foul,44,False,1,4:25,20,9,Las Vegas Aces,JAPAN,4280892.0,Chennedy Carter,,,,,28,3
2026-04-26,40186997389,Mio Shiraishi makes free throw 1 of 2,Free Throw - 1 of 2,98,True,1,4:25,20,10,Las Vegas Aces,JAPAN,5346806.0,Mio Shiraishi,,,,,-214748340,-214748365
2026-04-26,40186997390,Mio Shiraishi makes free throw 2 of 2,Free Throw - 2 of 2,99,True,1,4:25,20,11,Las Vegas Aces,JAPAN,5346806.0,Mio Shiraishi,,,,,-214748340,-214748365
2026-04-26,40186997391,Chennedy Carter lost ball turnover (Nanami Tsuno steals),Lost Ball Turnover,63,False,1,4:20,20,11,Las Vegas Aces,JAPAN,4280892.0,Chennedy Carter,5346801.0,Nanami Tsuno,,,4,37
2026-04-26,40186997393,Minami Yabu out of bounds bad pass turnover,Out of Bounds - Bad Pass Turnover,90,False,1,4:19,20,11,Las Vegas Aces,JAPAN,5346553.0,Minami Yabu,,,,,10,30
2026-04-26,40186997394,"Cheyenne Parker-Tyus bad pass
turnover (Mio Shiraishi steals)","Bad Pass
Turnover",62,False,1,4:01,20,11,Las Vegas Aces,JAPAN,2529458.0,Cheyenne Parker-Tyus,5346806.0,Mio Shiraishi,,,32,6
2026-04-26,40186997396,Nanami Tsuno misses 25-foot three point jumper,Jump Shot,92,False,1,3:55,20,11,Las Vegas Aces,JAPAN,5346801.0,Nanami Tsuno,,,,,6,17
2026-04-26,40186997397,Chennedy Carter defensive rebound,Defensive Rebound,155,False,1,3:52,20,11,Las Vegas Aces,JAPAN,4280892.0,Chennedy Carter,,,,,6,17
2026-04-26,40186997398,Chennedy Carter makes running layup,Running Layup Shot,109,True,1,3:49,22,11,Las Vegas Aces,JAPAN,4280892.0,Chennedy Carter,,,,,30,4
2026-04-26,40186997399,Azusa Asahina shooting foul,Shooting Foul,44,False,1,3:49,22,11,Las Vegas Aces,JAPAN,5346552.0,Azusa Asahina,,,,,31,7
2026-04-26,401869973101,Chennedy Carter makes free throw 1 of 1,Free Throw - 1 of 1,97,True,1,3:49,23,11,Las Vegas Aces,JAPAN,4280892.0,Chennedy Carter,,,,,-214748340,-214748365
2026-04-26,401869973102,Nanami Tsuno makes 26-foot three pointer (Azusa Asahina assists),Pullup Jump Shot,131,True,1,3:35,23,14,Las Vegas Aces,JAPAN,5346801.0,Nanami Tsuno,5346552.0,Azusa Asahina,,,12,23
2026-04-26,401869973103,Jackie Young makes 5-foot layup (Chelsea Gray assists),Cutting Layup Shot,141,True,1,3:24,25,14,Las Vegas Aces,JAPAN,4065870.0,Jackie Young,2529122.0,Chelsea Gray,,,30,3
2026-04-26,401869973105,Suzuno Higuchi makes 11-foot pullup jump shot,Pullup Jump Shot,131,True,1,3:04,25,16,Las Vegas Aces,JAPAN,5346807.0,Suzuno Higuchi,,,,,36,3
2026-04-26,401869973106,Jackie Young out of bounds bad pass turnover,Out of Bounds - Bad Pass Turnover,90,False,1,2:51,25,16,Las Vegas Aces,JAPAN,4065870.0,Jackie Young,,,,,33,13
2026-04-26,401869973107,Brianna Turner enters the game for Cheyenne Parker-Tyus,Substitution,584,False,1,2:51,25,16,Las Vegas Aces,JAPAN,3142086.0,Brianna Turner,2529458.0,Cheyenne Parker-Tyus,,,-214748340,-214748365
2026-04-26,401869973108,Norika Konno enters the game for Nanami Tsuno,Substitution,584,False,1,2:51,25,16,Las Vegas Aces,JAPAN,4433094.0,Norika Konno,5346801.0,Nanami Tsuno,,,-214748340,-214748365
2026-04-26,401869973109,Mai Yamamoto enters the game for Suzuno Higuchi,Substitution,584,False,1,2:51,25,16,Las Vegas Aces,JAPAN,5220104.0,Mai Yamamoto,5346807.0,Suzuno Higuchi,,,-214748340,-214748365
2026-04-26,401869973113,Brianna Turner blocks Mio Shiraishi 's 7-foot pullup jump shot,Pullup Jump Shot,131,False,1,2:31,25,16,Las Vegas Aces,JAPAN,5346806.0,Mio Shiraishi,3142086.0,Brianna Turner,,,20,5
2026-04-26,401869973115,Japan offensive team rebound,Offensive Rebound,156,False,1,2:31,25,16,Las Vegas Aces,JAPAN,,,,,,,20,5
2026-04-26,401869973117,Janiah Barker enters the game for Chelsea Gray,Substitution,584,False,1,2:31,25,16,Las Vegas Aces,JAPAN,4565501.0,Janiah Barker,2529122.0,Chelsea Gray,,,-214748340,-214748365
2026-04-26,401869973119,Mai Yamamoto makes 28-foot three point jumper (Norika Konno assists),Jump Shot,92,True,1,2:29,25,19,Las Vegas Aces,JAPAN,5220104.0,Mai Yamamoto,4433094.0,Norika Konno,,,6,21
2026-04-26,401869973121,Kierstan Bell makes 23-foot three point jumper (Jackie Young assists),Jump Shot,92,True,1,2:14,28,19,Las Vegas Aces,JAPAN,4433633.0,Kierstan Bell,4065870.0,Jackie Young,,,2,1
2026-04-26,401869973123,Chennedy Carter personal foul,Personal Foul,45,False,1,2:07,28,19,Las Vegas Aces,JAPAN,4280892.0,Chennedy Carter,,,,,35,33
2026-04-26,401869973125,Mona Tateyama enters the game for Mio Shiraishi,Substitution,584,False,1,2:07,28,19,Las Vegas Aces,JAPAN,5346803.0,Mona Tateyama,5346806.0,Mio Shiraishi,,,-214748340,-214748365
2026-04-26,401869973127,Mai Yamamoto makes 25-foot three point jumper (Azusa Asahina assists),Jump Shot,92,True,1,2:00,28,22,Las Vegas Aces,JAPAN,5220104.0,Mai Yamamoto,5346552.0,Azusa Asahina,,,41,20
2026-04-26,401869973129,Norika Konno blocks Chennedy Carter 's 8-foot driving layup,Driving Layup Shot,110,False,1,1:45,28,22,Las Vegas Aces,JAPAN,4280892.0,Chennedy Carter,4433094.0,Norika Konno,,,29,8
2026-04-26,401869973131,Mona Tateyama defensive rebound,Defensive Rebound,155,False,1,1:42,28,22,Las Vegas Aces,JAPAN,5346803.0,Mona Tateyama,,,,,29,8
2026-04-26,401869973132,Norika Konno makes 24-foot three point step back jumpshot,Step Back Jump Shot,132,True,1,1:35,28,25,Las Vegas Aces,JAPAN,4433094.0,Norika Konno,,,,,42,18
2026-04-26,401869973133,Jackie Young misses 20-foot pullup jump shot,Pullup Jump Shot,131,False,1,1:23,28,25,Las Vegas Aces,JAPAN,4065870.0,Jackie Young,,,,,31,20
2026-04-26,401869973134,Norika Konno defensive rebound,Defensive Rebound,155,False,1,1:20,28,25,Las Vegas Aces,JAPAN,4433094.0,Norika Konno,,,,,31,20
2026-04-26,401869973135,Mai Yamamoto makes 30-foot three pointer,Pullup Jump Shot,131,True,1,1:04,28,28,Las Vegas Aces,JAPAN,5220104.0,Mai Yamamoto,,,,,29,30
2026-04-26,401869973136,Mai Yamamoto personal foul,Personal Foul,45,False,1,56.6,28,28,Las Vegas Aces,JAPAN,5220104.0,Mai Yamamoto,,,,,33,37
2026-04-26,401869973138,Chennedy Carter misses free throw 1 of 2,Free Throw - 1 of 2,98,False,1,56.6,28,28,Las Vegas Aces,JAPAN,4280892.0,Chennedy Carter,,,,,-214748340,-214748365
2026-04-26,401869973139,Aces offensive team rebound,Offensive Rebound,156,False,1,56.6,28,28,Las Vegas Aces,JAPAN,,,,,,,-214748340,-214748365
2026-04-26,401869973140,Nanami Tsuno enters the game for Mai Yamamoto,Substitution,584,False,1,56.6,28,28,Las Vegas Aces,JAPAN,5346801.0,Nanami Tsuno,5220104.0,Mai Yamamoto,,,-214748340,-214748365
2026-04-26,401869973142,Chennedy Carter misses free throw 2 of 2,Free Throw - 2 of 2,99,False,1,56.6,28,28,Las Vegas Aces,JAPAN,4280892.0,Chennedy Carter,,,,,-214748340,-214748365
2026-04-26,401869973143,Mona Tateyama defensive rebound,Defensive Rebound,155,False,1,54.3,28,28,Las Vegas Aces,JAPAN,5346803.0,Mona Tateyama,,,,,-214748340,-214748365
2026-04-26,401869973144,Nanami Tsuno misses running layup,Running Layup Shot,109,False,1,50.4,28,28,Las Vegas Aces,JAPAN,5346801.0,Nanami Tsuno,,,,,27,4
2026-04-26,401869973145,Brianna Turner defensive rebound,Defensive Rebound,155,False,1,47.8,28,28,Las Vegas Aces,JAPAN,3142086.0,Brianna Turner,,,,,27,4
2026-04-26,401869973146,"Kierstan Bell bad pass
turnover (Norika Konno steals)","Bad Pass
Turnover",62,False,1,41.0,28,28,Las Vegas Aces,JAPAN,4433633.0,Kierstan Bell,4433094.0,Norika Konno,,,18,23
2026-04-26,401869973148,Kierstan Bell clear path foul,Clear Path Foul,37,False,1,40.7,28,28,Las Vegas Aces,JAPAN,4433633.0,Kierstan Bell,,,,,36,37
2026-04-26,401869973150,(00:40.7) [Japan] REF-INITIATED REVIEW (CALL OVERTURNED),Ref-Initiated Review (Overturned),279,False,1,40.7,28,28,Las Vegas Aces,JAPAN,,,,,,,-214748340,-214748365
2026-04-26,401869973151,Norika Konno makes free throw clear path 1 of 2,Free Throw - Clear Path 1 of 2,107,True,1,40.7,28,29,Las Vegas Aces,JAPAN,4433094.0,Norika Konno,,,,,-214748340,-214748365
2026-04-26,401869973152,Norika Konno makes free throw clear path 2 of 2,Free Throw - Clear Path 2 of 2,108,True,1,40.7,28,30,Las Vegas Aces,JAPAN,4433094.0,Norika Konno,,,,,-214748340,-214748365
2026-04-26,401869973153,Mona Tateyama double dribble turnover,Double Dribble Turnover,65,False,1,19.6,28,30,Las Vegas Aces,JAPAN,5346803.0,Mona Tateyama,,,,,32,15
2026-04-26,401869973154,Azusa Asahina personal foul,Personal Foul,45,False,1,3.6,28,30,Las Vegas Aces,JAPAN,5346552.0,Azusa Asahina,,,,,48,4
2026-04-26,401869973156,Jackie Young makes free throw 1 of 2,Free Throw - 1 of 2,98,True,1,3.6,29,30,Las Vegas Aces,JAPAN,4065870.0,Jackie Young,,,,,-214748340,-214748365
2026-04-26,401869973157,Mio Shiraishi enters the game for Azusa Asahina,Substitution,584,False,1,3.6,29,30,Las Vegas Aces,JAPAN,5346806.0,Mio Shiraishi,5346552.0,Azusa Asahina,,,-214748340,-214748365
2026-04-26,401869973159,Jackie Young makes free throw 2 of 2,Free Throw - 2 of 2,99,True,1,3.6,30,30,Las Vegas Aces,JAPAN,4065870.0,Jackie Young,,,,,-214748340,-214748365
2026-04-26,401869973160,Nanami Tsuno misses 36-foot three point pullup jump shot,Pullup Jump Shot,131,False,1,0.0,30,30,Las Vegas Aces,JAPAN,5346801.0,Nanami Tsuno,,,,,7,32
2026-04-26,401869973161,Japan offensive team rebound,Offensive Rebound,156,False,1,0.0,30,30,Las Vegas Aces,JAPAN,,,,,,,7,32
2026-04-26,401869973162,End of the 1st Quarter,End Period,412,False,1,0.0,30,30,Las Vegas Aces,JAPAN,,,,,,,-214748340,-214748365
2026-04-26,401869973163,Stephanie Talbot enters the game for Jackie Young,Substitution,584,False,2,10:00,30,30,Las Vegas Aces,JAPAN,3099736.0,Stephanie Talbot,4065870.0,Jackie Young,,,-214748340,-214748365
2026-04-26,401869973164,NaLyssa Smith enters the game for Kierstan Bell,Substitution,584,False,2,10:00,30,30,Las Vegas Aces,JAPAN,4398776.0,NaLyssa Smith,4433633.0,Kierstan Bell,,,-214748340,-214748365
2026-04-26,401869973165,Chelsea Gray enters the game for Janiah Barker,Substitution,584,False,2,10:00,30,30,Las Vegas Aces,JAPAN,2529122.0,Chelsea Gray,4565501.0,Janiah Barker,,,-214748340,-214748365
2026-04-26,401869973166,Jewell Loyd enters the game for Brianna Turner,Substitution,584,False,2,10:00,30,30,Las Vegas Aces,JAPAN,2987869.0,Jewell Loyd,3142086.0,Brianna Turner,,,-214748340,-214748365
2026-04-26,401869973167,Kadysha Juna Umezawa enters the game for Mona Tateyama,Substitution,584,False,2,10:00,30,30,Las Vegas Aces,JAPAN,5346804.0,Kadysha Juna Umezawa,5346803.0,Mona Tateyama,,,-214748340,-214748365
2026-04-26,401869973168,Nanako Todo enters the game for Minami Yabu,Substitution,584,False,2,10:00,30,30,Las Vegas Aces,JAPAN,4873391.0,Nanako Todo,5346553.0,Minami Yabu,,,-214748340,-214748365
2026-04-26,401869973176,Nanami Tsuno makes driving layup,Driving Layup Shot,110,True,2,9:38,30,32,Las Vegas Aces,JAPAN,5346801.0,Nanami Tsuno,,,,,20,3
2026-04-26,401869973177,Chelsea Gray misses 26-foot three point pullup jump shot,Pullup Jump Shot,131,False,2,9:16,30,32,Las Vegas Aces,JAPAN,2529122.0,Chelsea Gray,,,,,26,26
2026-04-26,401869973178,Japan defensive team rebound,Defensive Rebound,155,False,2,9:16,30,32,Las Vegas Aces,JAPAN,,,,,,,26,26
2026-04-26,401869973180,NaLyssa Smith shooting foul,Shooting Foul,44,False,2,9:03,30,32,Las Vegas Aces,JAPAN,4398776.0,NaLyssa Smith,,,,,21,4
2026-04-26,401869973182,Kadysha Juna Umezawa makes free throw 1 of 2,Free Throw - 1 of 2,98,True,2,9:03,30,33,Las Vegas Aces,JAPAN,5346804.0,Kadysha Juna Umezawa,,,,,-214748340,-214748365
2026-04-26,401869973183,Kadysha Juna Umezawa makes free throw 2 of 2,Free Throw - 2 of 2,99,True,2,9:03,30,34,Las Vegas Aces,JAPAN,5346804.0,Kadysha Juna Umezawa,,,,,-214748340,-214748365
2026-04-26,401869973184,Chelsea Gray misses 25-foot three point pullup jump shot,Pullup Jump Shot,131,False,2,8:47,30,34,Las Vegas Aces,JAPAN,2529122.0,Chelsea Gray,,,,,11,21
2026-04-26,401869973185,Norika Konno defensive rebound,Defensive Rebound,155,False,2,8:45,30,34,Las Vegas Aces,JAPAN,4433094.0,Norika Konno,,,,,11,21
2026-04-26,401869973186,Mio Shiraishi misses running layup,Running Layup Shot,109,False,2,8:41,30,34,Las Vegas Aces,JAPAN,5346806.0,Mio Shiraishi,,,,,21,1
2026-04-26,401869973187,NaLyssa Smith defensive rebound,Defensive Rebound,155,False,2,8:38,30,34,Las Vegas Aces,JAPAN,4398776.0,NaLyssa Smith,,,,,21,1
2026-04-26,401869973188,Chennedy Carter misses 24-foot running jump shot,Running Jump Shot,113,False,2,8:33,30,34,Las Vegas Aces,JAPAN,4280892.0,Chennedy Carter,,,,,43,17
2026-04-26,401869973189,Norika Konno defensive rebound,Defensive Rebound,155,False,2,8:30,30,34,Las Vegas Aces,JAPAN,4433094.0,Norika Konno,,,,,43,17
2026-04-26,401869973190,Norika Konno misses running pullup jump shot,Running Pullup Jump Shot,146,False,2,8:25,30,34,Las Vegas Aces,JAPAN,4433094.0,Norika Konno,,,,,23,24
2026-04-26,401869973191,Stephanie Talbot defensive rebound,Defensive Rebound,155,False,2,8:22,30,34,Las Vegas Aces,JAPAN,3099736.0,Stephanie Talbot,,,,,23,24
2026-04-26,401869973192,Nanami Tsuno personal foul,Personal Foul,45,False,2,8:21,30,34,Las Vegas Aces,JAPAN,5346801.0,Nanami Tsuno,,,,,3,38
2026-04-26,401869973194,Chennedy Carter makes 5-foot two point shot,Driving Finger Roll Layup,128,True,2,8:10,32,34,Las Vegas Aces,JAPAN,4280892.0,Chennedy Carter,,,,,21,3
2026-04-26,401869973195,NaLyssa Smith blocks Nanako Todo 's 4-foot driving layup,Driving Layup Shot,110,False,2,7:56,32,34,Las Vegas Aces,JAPAN,4873391.0,Nanako Todo,4398776.0,NaLyssa Smith,,,28,3
2026-04-26,401869973197,Japan offensive team rebound,Offensive Rebound,156,False,2,7:56,32,34,Las Vegas Aces,JAPAN,,,,,,,28,3
2026-04-26,401869973199,Nanami Tsuno misses 27-foot three point pullup jump shot,Pullup Jump Shot,131,False,2,7:42,32,34,Las Vegas Aces,JAPAN,5346801.0,Nanami Tsuno,,,,,22,27
2026-04-26,401869973200,Chennedy Carter defensive rebound,Defensive Rebound,155,False,2,7:39,32,34,Las Vegas Aces,JAPAN,4280892.0,Chennedy Carter,,,,,22,27
2026-04-26,401869973201,Norika Konno shooting foul,Shooting Foul,44,False,2,7:34,32,34,Las Vegas Aces,JAPAN,4433094.0,Norika Konno,,,,,28,14
2026-04-26,401869973203,Chennedy Carter makes free throw 1 of 2,Free Throw - 1 of 2,98,True,2,7:34,33,34,Las Vegas Aces,JAPAN,4280892.0,Chennedy Carter,,,,,-214748340,-214748365
2026-04-26,401869973204,Mai Yamamoto enters the game for Nanami Tsuno,Substitution,584,False,2,7:34,33,34,Las Vegas Aces,JAPAN,5220104.0,Mai Yamamoto,5346801.0,Nanami Tsuno,,,-214748340,-214748365
2026-04-26,401869973206,Chennedy Carter makes free throw 2 of 2,Free Throw - 2 of 2,99,True,2,7:34,34,34,Las Vegas Aces,JAPAN,4280892.0,Chennedy Carter,,,,,-214748340,-214748365
2026-04-26,401869973207,Mai Yamamoto makes 29-foot three pointer,Pullup Jump Shot,131,True,2,7:25,34,37,Las Vegas Aces,JAPAN,5220104.0,Mai Yamamoto,,,,,29,29
2026-04-26,401869973208,NaLyssa Smith makes 5-foot layup (Jewell Loyd assists),Cutting Layup Shot,141,True,2,7:05,36,37,Las Vegas Aces,JAPAN,4398776.0,NaLyssa Smith,2987869.0,Jewell Loyd,,,21,2
2026-04-26,401869973210,Kadysha Juna Umezawa misses 25-foot three point jumper,Jump Shot,92,False,2,6:55,36,37,Las Vegas Aces,JAPAN,5346804.0,Kadysha Juna Umezawa,,,,,24,25
2026-04-26,401869973211,Aces defensive team rebound,Defensive Rebound,155,False,2,6:55,36,37,Las Vegas Aces,JAPAN,,,,,,,24,25
2026-04-26,401869973213,Kierstan Bell enters the game for Chennedy Carter,Substitution,584,False,2,6:55,36,37,Las Vegas Aces,JAPAN,4433633.0,Kierstan Bell,4280892.0,Chennedy Carter,,,-214748340,-214748365
2026-04-26,401869973215,Kierstan Bell makes 6-foot layup (NaLyssa Smith assists),Cutting Layup Shot,141,True,2,6:42,38,37,Las Vegas Aces,JAPAN,4433633.0,Kierstan Bell,4398776.0,NaLyssa Smith,,,30,3
2026-04-26,401869973217,Nanako Todo makes 25-foot three point jumper (Mai Yamamoto assists),Jump Shot,92,True,2,6:33,38,40,Las Vegas Aces,JAPAN,4873391.0,Nanako Todo,5220104.0,Mai Yamamoto,,,39,22
2026-04-26,401869973219,Jewell Loyd misses 23-foot three point jumper,Jump Shot,92,False,2,6:14,38,40,Las Vegas Aces,JAPAN,2987869.0,Jewell Loyd,,,,,2,0
2026-04-26,401869973220,Nanako Todo defensive rebound,Defensive Rebound,155,False,2,6:11,38,40,Las Vegas Aces,JAPAN,4873391.0,Nanako Todo,,,,,2,0
2026-04-26,401869973221,Norika Konno makes 7-foot two point shot,Turnaround Fade Away Jump Shot,137,True,2,6:00,38,42,Las Vegas Aces,JAPAN,4433094.0,Norika Konno,,,,,24,7
2026-04-26,401869973222,"Chelsea Gray bad pass
turnover (Nanako Todo steals)","Bad Pass
Turnover",62,False,2,5:44,38,42,Las Vegas Aces,JAPAN,2529122.0,Chelsea Gray,4873391.0,Nanako Todo,,,32,15
2026-04-26,401869973224,Mio Shiraishi misses 25-foot running jump shot,Running Jump Shot,113,False,2,5:39,38,42,Las Vegas Aces,JAPAN,5346806.0,Mio Shiraishi,,,,,5,15
2026-04-26,401869973225,Aces defensive team rebound,Defensive Rebound,155,False,2,5:37,38,42,Las Vegas Aces,JAPAN,,,,,,,5,15
2026-04-26,401869973227,Official timeout,Official Timeout,19,False,2,5:37,38,42,Las Vegas Aces,JAPAN,,,,,,,-214748340,-214748365
2026-04-26,401869973228,Jackie Young enters the game for Stephanie Talbot,Substitution,584,False,2,5:37,38,42,Las Vegas Aces,JAPAN,4065870.0,Jackie Young,3099736.0,Stephanie Talbot,,,-214748340,-214748365
2026-04-26,401869973229,Mona Tateyama enters the game for Kadysha Juna Umezawa,Substitution,584,False,2,5:37,38,42,Las Vegas Aces,JAPAN,5346803.0,Mona Tateyama,5346804.0,Kadysha Juna Umezawa,,,-214748340,-214748365
2026-04-26,401869973230,Azusa Asahina enters the game for Mio Shiraishi,Substitution,584,False,2,5:37,38,42,Las Vegas Aces,JAPAN,5346552.0,Azusa Asahina,5346806.0,Mio Shiraishi,,,-214748340,-214748365
2026-04-26,401869973231,Suzuno Higuchi enters the game for Nanako Todo,Substitution,584,False,2,5:37,38,42,Las Vegas Aces,JAPAN,5346807.0,Suzuno Higuchi,4873391.0,Nanako Todo,,,-214748340,-214748365
2026-04-26,401869973236,Jewell Loyd makes 25-foot three point jumper (Chelsea Gray assists),Jump Shot,92,True,2,5:19,41,42,Las Vegas Aces,JAPAN,2987869.0,Jewell Loyd,2529122.0,Chelsea Gray,,,38,22
2026-04-26,401869973238,Suzuno Higuchi misses 9-foot pullup jump shot,Pullup Jump Shot,131,False,2,4:56,41,42,Las Vegas Aces,JAPAN,5346807.0,Suzuno Higuchi,,,,,34,4
2026-04-26,401869973239,NaLyssa Smith defensive rebound,Defensive Rebound,155,False,2,4:54,41,42,Las Vegas Aces,JAPAN,4398776.0,NaLyssa Smith,,,,,34,4
2026-04-26,401869973240,Jackie Young misses 24-foot three point jumper,Jump Shot,92,False,2,4:47,41,42,Las Vegas Aces,JAPAN,4065870.0,Jackie Young,,,,,49,4
2026-04-26,401869973241,Norika Konno defensive rebound,Defensive Rebound,155,False,2,4:44,41,42,Las Vegas Aces,JAPAN,4433094.0,Norika Konno,,,,,49,4
2026-04-26,401869973242,Norika Konno misses 17-foot pullup jump shot,Pullup Jump Shot,131,False,2,4:38,41,42,Las Vegas Aces,JAPAN,4433094.0,Norika Konno,,,,,21,16
2026-04-26,401869973243,NaLyssa Smith defensive rebound,Defensive Rebound,155,False,2,4:37,41,42,Las Vegas Aces,JAPAN,4398776.0,NaLyssa Smith,,,,,21,16
2026-04-26,401869973244,"Chelsea Gray bad pass
turnover (Azusa Asahina steals)","Bad Pass
Turnover",62,False,2,4:25,41,42,Las Vegas Aces,JAPAN,2529122.0,Chelsea Gray,5346552.0,Azusa Asahina,,,42,13
2026-04-26,401869973246,Mona Tateyama makes running layup (Norika Konno assists),Running Layup Shot,109,True,2,4:21,41,44,Las Vegas Aces,JAPAN,5346803.0,Mona Tateyama,4433094.0,Norika Konno,,,20,2
2026-04-26,401869973248,NaLyssa Smith makes 5-foot layup (Jackie Young assists),Cutting Layup Shot,141,True,2,4:02,43,44,Las Vegas Aces,JAPAN,4398776.0,NaLyssa Smith,4065870.0,Jackie Young,,,30,2
2026-04-26,401869973250,Mai Yamamoto out of bounds lost ball turnover,Out of Bounds - Lost Ball Turnover,87,False,2,3:54,43,44,Las Vegas Aces,JAPAN,5220104.0,Mai Yamamoto,,,,,23,7
2026-04-26,401869973251,Aces Full timeout,Full Timeout,16,False,2,3:54,43,44,Las Vegas Aces,JAPAN,,,,,,,-214748340,-214748365
2026-04-26,401869973253,(03:54) [Japan] COACH'S CHALLENGE (CALL REPLAYCENTER),Coach's Challenge (replaycenter),277,False,2,3:54,43,44,Las Vegas Aces,JAPAN,,,,,,,-214748340,-214748365
2026-04-26,401869973254,Stephanie Talbot enters the game for Jewell Loyd,Substitution,584,False,2,3:54,43,44,Las Vegas Aces,JAPAN,3099736.0,Stephanie Talbot,2987869.0,Jewell Loyd,,,-214748340,-214748365
2026-04-26,401869973255,Minami Yabu enters the game for Norika Konno,Substitution,584,False,2,3:54,43,44,Las Vegas Aces,JAPAN,5346553.0,Minami Yabu,4433094.0,Norika Konno,,,-214748340,-214748365
2026-04-26,401869973258,NaLyssa Smith makes 5-foot layup (Stephanie Talbot assists),Cutting Layup Shot,141,True,2,3:39,45,44,Las Vegas Aces,JAPAN,4398776.0,NaLyssa Smith,3099736.0,Stephanie Talbot,,,29,3
2026-04-26,401869973260,NaLyssa Smith shooting foul,Shooting Foul,44,False,2,3:23,45,44,Las Vegas Aces,JAPAN,4398776.0,NaLyssa Smith,,,,,28,2
2026-04-26,401869973262,Mai Yamamoto makes free throw 1 of 2,Free Throw - 1 of 2,98,True,2,3:23,45,45,Las Vegas Aces,JAPAN,5220104.0,Mai Yamamoto,,,,,-214748340,-214748365
2026-04-26,401869973263,Mai Yamamoto misses free throw 2 of 2,Free Throw - 2 of 2,99,False,2,3:23,45,45,Las Vegas Aces,JAPAN,5220104.0,Mai Yamamoto,,,,,-214748340,-214748365
2026-04-26,401869973264,Stephanie Talbot defensive rebound,Defensive Rebound,155,False,2,3:20,45,45,Las Vegas Aces,JAPAN,3099736.0,Stephanie Talbot,,,,,-214748340,-214748365
2026-04-26,401869973265,Chelsea Gray makes 9-foot step back jumpshot,Step Back Jump Shot,132,True,2,3:04,47,45,Las Vegas Aces,JAPAN,2529122.0,Chelsea Gray,,,,,20,8
2026-04-26,401869973266,Minami Yabu misses 24-foot three point pullup jump shot,Pullup Jump Shot,131,False,2,2:52,47,45,Las Vegas Aces,JAPAN,5346553.0,Minami Yabu,,,,,35,22
2026-04-26,401869973267,Chelsea Gray defensive rebound,Defensive Rebound,155,False,2,2:50,47,45,Las Vegas Aces,JAPAN,2529122.0,Chelsea Gray,,,,,35,22
2026-04-26,401869973268,Jackie Young misses 26-foot three point jumper,Jump Shot,92,False,2,2:34,47,45,Las Vegas Aces,JAPAN,4065870.0,Jackie Young,,,,,38,22
2026-04-26,401869973269,Chelsea Gray offensive rebound,Offensive Rebound,156,False,2,2:32,47,45,Las Vegas Aces,JAPAN,2529122.0,Chelsea Gray,,,,,38,22
2026-04-26,401869973270,Minami Yabu shooting foul,Shooting Foul,44,False,2,2:30,47,45,Las Vegas Aces,JAPAN,5346553.0,Minami Yabu,,,,,30,4
2026-04-26,401869973272,Chelsea Gray makes free throw 1 of 2,Free Throw - 1 of 2,98,True,2,2:30,48,45,Las Vegas Aces,JAPAN,2529122.0,Chelsea Gray,,,,,-214748340,-214748365
2026-04-26,401869973273,Cheyenne Parker-Tyus enters the game for Kierstan Bell,Substitution,584,False,2,2:30,48,45,Las Vegas Aces,JAPAN,2529458.0,Cheyenne Parker-Tyus,4433633.0,Kierstan Bell,,,-214748340,-214748365
2026-04-26,401869973274,Chennedy Carter enters the game for NaLyssa Smith,Substitution,584,False,2,2:30,48,45,Las Vegas Aces,JAPAN,4280892.0,Chennedy Carter,4398776.0,NaLyssa Smith,,,-214748340,-214748365
2026-04-26,401869973277,Chelsea Gray makes free throw 2 of 2,Free Throw - 2 of 2,99,True,2,2:30,49,45,Las Vegas Aces,JAPAN,2529122.0,Chelsea Gray,,,,,-214748340,-214748365
2026-04-26,401869973278,Cheyenne Parker-Tyus blocks Mai Yamamoto 's 14-foot pullup jump shot,Pullup Jump Shot,131,False,2,2:13,49,45,Las Vegas Aces,JAPAN,5220104.0,Mai Yamamoto,2529458.0,Cheyenne Parker-Tyus,,,28,14
2026-04-26,401869973280,Chennedy Carter defensive rebound,Defensive Rebound,155,False,2,2:11,49,45,Las Vegas Aces,JAPAN,4280892.0,Chennedy Carter,,,,,28,14
2026-04-26,401869973281,Mai Yamamoto personal foul,Personal Foul,45,False,2,2:11,49,45,Las Vegas Aces,JAPAN,5220104.0,Mai Yamamoto,,,,,40,19
2026-04-26,401869973283,Norika Konno enters the game for Mai Yamamoto,Substitution,584,False,2,2:11,49,45,Las Vegas Aces,JAPAN,4433094.0,Norika Konno,5220104.0,Mai Yamamoto,,,-214748340,-214748365
2026-04-26,401869973285,Minami Yabu personal foul,Personal Foul,45,False,2,2:00,49,45,Las Vegas Aces,JAPAN,5346553.0,Minami Yabu,,,,,19,13
2026-04-26,401869973287,Chelsea Gray makes free throw 1 of 2,Free Throw - 1 of 2,98,True,2,2:00,50,45,Las Vegas Aces,JAPAN,2529122.0,Chelsea Gray,,,,,-214748340,-214748365
2026-04-26,401869973288,Chelsea Gray makes free throw 2 of 2,Free Throw - 2 of 2,99,True,2,2:00,51,45,Las Vegas Aces,JAPAN,2529122.0,Chelsea Gray,,,,,-214748340,-214748365
2026-04-26,401869973289,Azusa Asahina offensive foul,Offensive Foul,42,False,2,1:49,51,45,Las Vegas Aces,JAPAN,5346552.0,Azusa Asahina,,,,,8,16
2026-04-26,401869973291,Azusa Asahina offensive foul turnover,Offensive Foul Turnover,84,False,2,1:49,51,45,Las Vegas Aces,JAPAN,5346552.0,Azusa Asahina,,,,,8,16
2026-04-26,401869973292,Kadysha Juna Umezawa enters the game for Azusa Asahina,Substitution,584,False,2,1:49,51,45,Las Vegas Aces,JAPAN,5346804.0,Kadysha Juna Umezawa,5346552.0,Azusa Asahina,,,-214748340,-214748365
2026-04-26,401869973293,Nanako Todo enters the game for Minami Yabu,Substitution,584,False,2,1:49,51,45,Las Vegas Aces,JAPAN,4873391.0,Nanako Todo,5346553.0,Minami Yabu,,,-214748340,-214748365
2026-04-26,401869973296,Jackie Young misses 26-foot three point pullup jump shot,Pullup Jump Shot,131,False,2,1:36,51,45,Las Vegas Aces,JAPAN,4065870.0,Jackie Young,,,,,39,22
2026-04-26,401869973297,Nanako Todo defensive rebound,Defensive Rebound,155,False,2,1:32,51,45,Las Vegas Aces,JAPAN,4873391.0,Nanako Todo,,,,,39,22
2026-04-26,401869973298,"Suzuno Higuchi bad pass
turnover (Jackie Young steals)","Bad Pass
Turnover",62,False,2,1:28,51,45,Las Vegas Aces,JAPAN,5346807.0,Suzuno Higuchi,4065870.0,Jackie Young,,,37,10
2026-04-26,401869973300,Chennedy Carter misses 22-foot three point jumper,Jump Shot,92,False,2,1:22,51,45,Las Vegas Aces,JAPAN,4280892.0,Chennedy Carter,,,,,2,-1
2026-04-26,401869973301,Japan defensive team rebound,Defensive Rebound,155,False,2,1:19,51,45,Las Vegas Aces,JAPAN,,,,,,,2,-1
2026-04-26,401869973303,Suzuno Higuchi out of bounds bad pass turnover,Out of Bounds - Bad Pass Turnover,90,False,2,1:08,51,45,Las Vegas Aces,JAPAN,5346807.0,Suzuno Higuchi,,,,,37,9
2026-04-26,401869973304,Nanami Tsuno enters the game for Suzuno Higuchi,Substitution,584,False,2,1:08,51,45,Las Vegas Aces,JAPAN,5346801.0,Nanami Tsuno,5346807.0,Suzuno Higuchi,,,-214748340,-214748365
2026-04-26,401869973306,Cheyenne Parker-Tyus misses 7-foot turnaround jump shot,Turnaround Jump Shot,114,False,2,52.1,51,45,Las Vegas Aces,JAPAN,2529458.0,Cheyenne Parker-Tyus,,,,,28,7
2026-04-26,401869973307,Japan defensive team rebound,Defensive Rebound,155,False,2,51.8,51,45,Las Vegas Aces,JAPAN,,,,,,,28,7
2026-04-26,401869973308,Cheyenne Parker-Tyus loose ball foul,Loose Ball Foul,43,False,2,51.8,51,45,Las Vegas Aces,JAPAN,2529458.0,Cheyenne Parker-Tyus,,,,,28,12
2026-04-26,401869973310,Nanako Todo misses 24-foot three point jumper,Jump Shot,92,False,2,44.6,51,45,Las Vegas Aces,JAPAN,4873391.0,Nanako Todo,,,,,3,11
2026-04-26,401869973311,Nanako Todo offensive rebound,Offensive Rebound,156,False,2,41.4,51,45,Las Vegas Aces,JAPAN,4873391.0,Nanako Todo,,,,,3,11
2026-04-26,401869973312,Nanami Tsuno lost ball turnover (Jackie Young steals),Lost Ball Turnover,63,False,2,32.6,51,45,Las Vegas Aces,JAPAN,5346801.0,Nanami Tsuno,4065870.0,Jackie Young,,,36,13
2026-04-26,401869973314,Nanami Tsuno transition take foul,Transition Take Foul,257,False,2,31.3,51,45,Las Vegas Aces,JAPAN,5346801.0,Nanami Tsuno,,,,,20,17
2026-04-26,401869973316,Jackie Young makes free throw 1 of 1,Free Throw - 1 of 1,97,True,2,31.3,52,45,Las Vegas Aces,JAPAN,4065870.0,Jackie Young,,,,,-214748340,-214748365
2026-04-26,401869973317,Cheyenne Parker-Tyus lost ball turnover (Norika Konno steals),Lost Ball Turnover,63,False,2,16.2,52,45,Las Vegas Aces,JAPAN,2529458.0,Cheyenne Parker-Tyus,4433094.0,Norika Konno,,,22,4
2026-04-26,401869973319,"Nanami Tsuno bad pass
turnover (Chelsea Gray steals)","Bad Pass
Turnover",62,False,2,2.0,52,45,Las Vegas Aces,JAPAN,5346801.0,Nanami Tsuno,2529122.0,Chelsea Gray,,,19,18
2026-04-26,401869973321,Jackie Young misses 26-foot three point jumper,Jump Shot,92,False,2,0.0,52,45,Las Vegas Aces,JAPAN,4065870.0,Jackie Young,,,,,16,24
2026-04-26,401869973322,Aces offensive team rebound,Offensive Rebound,156,False,2,0.0,52,45,Las Vegas Aces,JAPAN,,,,,,,16,24
2026-04-26,401869973323,End of the 2nd Quarter,End Period,412,False,2,0.0,52,45,Las Vegas Aces,JAPAN,,,,,,,-214748340,-214748365
2026-04-26,401869973324,Jewell Loyd enters the game for Chennedy Carter,Substitution,584,False,3,10:00,52,45,Las Vegas Aces,JAPAN,2987869.0,Jewell Loyd,4280892.0,Chennedy Carter,,,-214748340,-214748365
2026-04-26,401869973325,NaLyssa Smith enters the game for Cheyenne Parker-Tyus,Substitution,584,False,3,10:00,52,45,Las Vegas Aces,JAPAN,4398776.0,NaLyssa Smith,2529458.0,Cheyenne Parker-Tyus,,,-214748340,-214748365
2026-04-26,401869973326,Mai Yamamoto enters the game for Nanami Tsuno,Substitution,584,False,3,10:00,52,45,Las Vegas Aces,JAPAN,5220104.0,Mai Yamamoto,5346801.0,Nanami Tsuno,,,-214748340,-214748365
2026-04-26,401869973331,Chelsea Gray blocks Mona Tateyama 's 4-foot driving layup,Driving Layup Shot,110,False,3,9:43,52,45,Las Vegas Aces,JAPAN,5346803.0,Mona Tateyama,2529122.0,Chelsea Gray,,,22,3
2026-04-26,401869973333,Japan offensive team rebound,Offensive Rebound,156,False,3,9:43,52,45,Las Vegas Aces,JAPAN,,,,,,,22,3
2026-04-26,401869973335,Mai Yamamoto misses 31-foot three point jumper,Jump Shot,92,False,3,9:39,52,45,Las Vegas Aces,JAPAN,5220104.0,Mai Yamamoto,,,,,14,29
2026-04-26,401869973336,Aces defensive team rebound,Defensive Rebound,155,False,3,9:37,52,45,Las Vegas Aces,JAPAN,,,,,,,14,29
2026-04-26,401869973338,"Jackie Young bad pass
turnover (Norika Konno steals)","Bad Pass
Turnover",62,False,3,9:21,52,45,Las Vegas Aces,JAPAN,4065870.0,Jackie Young,4433094.0,Norika Konno,,,26,26
2026-04-26,401869973340,Norika Konno misses running layup,Running Layup Shot,109,False,3,9:16,52,45,Las Vegas Aces,JAPAN,4433094.0,Norika Konno,,,,,30,3
2026-04-26,401869973341,Stephanie Talbot defensive rebound,Defensive Rebound,155,False,3,9:14,52,45,Las Vegas Aces,JAPAN,3099736.0,Stephanie Talbot,,,,,30,3
2026-04-26,401869973342,Jackie Young makes driving layup,Driving Layup Shot,110,True,3,8:59,54,45,Las Vegas Aces,JAPAN,4065870.0,Jackie Young,,,,,29,1
2026-04-26,401869973343,Mai Yamamoto misses driving layup,Driving Layup Shot,110,False,3,8:45,54,45,Las Vegas Aces,JAPAN,5220104.0,Mai Yamamoto,,,,,21,1
2026-04-26,401869973344,NaLyssa Smith defensive rebound,Defensive Rebound,155,False,3,8:43,54,45,Las Vegas Aces,JAPAN,4398776.0,NaLyssa Smith,,,,,21,1
2026-04-26,401869973345,Jackie Young makes 10-foot pullup jump shot,Pullup Jump Shot,131,True,3,8:35,56,45,Las Vegas Aces,JAPAN,4065870.0,Jackie Young,,,,,33,7
2026-04-26,401869973346,Nanako Todo misses 25-foot three point jumper,Jump Shot,92,False,3,8:13,56,45,Las Vegas Aces,JAPAN,4873391.0,Nanako Todo,,,,,12,21
2026-04-26,401869973347,Jewell Loyd defensive rebound,Defensive Rebound,155,False,3,8:08,56,45,Las Vegas Aces,JAPAN,2987869.0,Jewell Loyd,,,,,12,21
2026-04-26,401869973348,Stephanie Talbot misses 24-foot three point jumper,Jump Shot,92,False,3,8:02,56,45,Las Vegas Aces,JAPAN,3099736.0,Stephanie Talbot,,,,,46,12
2026-04-26,401869973349,Norika Konno defensive rebound,Defensive Rebound,155,False,3,8:00,56,45,Las Vegas Aces,JAPAN,4433094.0,Norika Konno,,,,,46,12
2026-04-26,401869973350,Kadysha Juna Umezawa makes 24-foot three point jumper (Nanako Todo assists),Jump Shot,92,True,3,7:44,56,48,Las Vegas Aces,JAPAN,5346804.0,Kadysha Juna Umezawa,4873391.0,Nanako Todo,,,8,17
2026-04-26,401869973352,Jackie Young makes 17-foot step back jumpshot (Chelsea Gray assists),Step Back Jump Shot,132,True,3,7:26,58,48,Las Vegas Aces,JAPAN,4065870.0,Jackie Young,2529122.0,Chelsea Gray,,,30,16
2026-04-26,401869973354,Norika Konno misses 24-foot three point pullup jump shot,Pullup Jump Shot,131,False,3,7:14,58,48,Las Vegas Aces,JAPAN,4433094.0,Norika Konno,,,,,39,20
2026-04-26,401869973355,NaLyssa Smith defensive rebound,Defensive Rebound,155,False,3,7:11,58,48,Las Vegas Aces,JAPAN,4398776.0,NaLyssa Smith,,,,,39,20
2026-04-26,401869973356,Jackie Young misses 15-foot step back jumpshot,Step Back Jump Shot,132,False,3,7:05,58,48,Las Vegas Aces,JAPAN,4065870.0,Jackie Young,,,,,31,14
2026-04-26,401869973357,NaLyssa Smith offensive rebound,Offensive Rebound,156,False,3,7:02,58,48,Las Vegas Aces,JAPAN,4398776.0,NaLyssa Smith,,,,,31,14
2026-04-26,401869973358,Stephanie Talbot makes 5-foot two point shot,Turnaround Fade Away Jump Shot,137,True,3,6:51,60,48,Las Vegas Aces,JAPAN,3099736.0,Stephanie Talbot,,,,,22,5
2026-04-26,401869973359,"Kadysha Juna Umezawa bad pass
turnover (Chelsea Gray steals)","Bad Pass
Turnover",62,False,3,6:28,60,48,Las Vegas Aces,JAPAN,5346804.0,Kadysha Juna Umezawa,2529122.0,Chelsea Gray,,,16,2
2026-04-26,401869973361,Jackie Young misses running pullup jump shot,Running Pullup Jump Shot,146,False,3,6:23,60,48,Las Vegas Aces,JAPAN,4065870.0,Jackie Young,,,,,34,24
2026-04-26,401869973362,Nanako Todo defensive rebound,Defensive Rebound,155,False,3,6:19,60,48,Las Vegas Aces,JAPAN,4873391.0,Nanako Todo,,,,,34,24
2026-04-26,401869973363,Chelsea Gray blocks Mai Yamamoto 's 24-foot running pullup jump shot,Running Pullup Jump Shot,146,False,3,6:16,60,48,Las Vegas Aces,JAPAN,5220104.0,Mai Yamamoto,2529122.0,Chelsea Gray,,,16,23
2026-04-26,401869973365,Jackie Young defensive rebound,Defensive Rebound,155,False,3,6:15,60,48,Las Vegas Aces,JAPAN,4065870.0,Jackie Young,,,,,16,23
2026-04-26,401869973366,Mona Tateyama personal foul,Personal Foul,45,False,3,6:15,60,48,Las Vegas Aces,JAPAN,5346803.0,Mona Tateyama,,,,,37,26
2026-04-26,401869973368,Brianna Turner enters the game for NaLyssa Smith,Substitution,584,False,3,6:15,60,48,Las Vegas Aces,JAPAN,3142086.0,Brianna Turner,4398776.0,NaLyssa Smith,,,-214748340,-214748365
2026-04-26,401869973369,Azusa Asahina enters the game for Norika Konno,Substitution,584,False,3,6:15,60,48,Las Vegas Aces,JAPAN,5346552.0,Azusa Asahina,4433094.0,Norika Konno,,,-214748340,-214748365
2026-04-26,401869973370,Mio Shiraishi enters the game for Mona Tateyama,Substitution,584,False,3,6:15,60,48,Las Vegas Aces,JAPAN,5346806.0,Mio Shiraishi,5346803.0,Mona Tateyama,,,-214748340,-214748365
2026-04-26,401869973371,Suzuno Higuchi enters the game for Kadysha Juna Umezawa,Substitution,584,False,3,6:15,60,48,Las Vegas Aces,JAPAN,5346807.0,Suzuno Higuchi,5346804.0,Kadysha Juna Umezawa,,,-214748340,-214748365
2026-04-26,401869973376,Jackie Young makes 10-foot floating jump shot,Floating Jump Shot,130,True,3,6:05,62,48,Las Vegas Aces,JAPAN,4065870.0,Jackie Young,,,,,18,7
2026-04-26,401869973378,Minami Yabu enters the game for Nanako Todo,Substitution,584,False,3,5:51,62,48,Las Vegas Aces,JAPAN,5346553.0,Minami Yabu,4873391.0,Nanako Todo,,,-214748340,-214748365
2026-04-26,401869973380,Mai Yamamoto misses 26-foot three point jumper,Jump Shot,92,False,3,5:49,62,48,Las Vegas Aces,JAPAN,5220104.0,Mai Yamamoto,,,,,44,17
2026-04-26,401869973381,Jackie Young defensive rebound,Defensive Rebound,155,False,3,5:46,62,48,Las Vegas Aces,JAPAN,4065870.0,Jackie Young,,,,,44,17
2026-04-26,401869973382,Chelsea Gray misses 25-foot three point jumper,Jump Shot,92,False,3,5:39,62,48,Las Vegas Aces,JAPAN,2529122.0,Chelsea Gray,,,,,5,15
2026-04-26,401869973383,Japan defensive team rebound,Defensive Rebound,155,False,3,5:37,62,48,Las Vegas Aces,JAPAN,,,,,,,5,15
2026-04-26,401869973385,Jackie Young personal foul,Personal Foul,45,False,3,5:19,62,48,Las Vegas Aces,JAPAN,4065870.0,Jackie Young,,,,,44,12
2026-04-26,401869973387,Brianna Turner blocks Mai Yamamoto 's 5-foot driving layup,Driving Layup Shot,110,False,3,5:12,62,48,Las Vegas Aces,JAPAN,5220104.0,Mai Yamamoto,3142086.0,Brianna Turner,,,22,4
2026-04-26,401869973389,Brianna Turner defensive rebound,Defensive Rebound,155,False,3,5:08,62,48,Las Vegas Aces,JAPAN,3142086.0,Brianna Turner,,,,,22,4
2026-04-26,401869973390,Jewell Loyd misses 23-foot running jump shot,Running Jump Shot,113,False,3,5:04,62,48,Las Vegas Aces,JAPAN,2987869.0,Jewell Loyd,,,,,1,1
2026-04-26,401869973391,Azusa Asahina defensive rebound,Defensive Rebound,155,False,3,5:00,62,48,Las Vegas Aces,JAPAN,5346552.0,Azusa Asahina,,,,,1,1
2026-04-26,401869973392,Mio Shiraishi lost ball turnover (Brianna Turner steals),Lost Ball Turnover,63,False,3,4:49,62,48,Las Vegas Aces,JAPAN,5346806.0,Mio Shiraishi,3142086.0,Brianna Turner,,,26,16
2026-04-26,401869973394,Jackie Young misses 23-foot three point jumper,Jump Shot,92,False,3,4:41,62,48,Las Vegas Aces,JAPAN,4065870.0,Jackie Young,,,,,46,10
2026-04-26,401869973395,Minami Yabu defensive rebound,Defensive Rebound,155,False,3,4:35,62,48,Las Vegas Aces,JAPAN,5346553.0,Minami Yabu,,,,,46,10
2026-04-26,401869973396,Official timeout,Official Timeout,19,False,3,4:35,62,48,Las Vegas Aces,JAPAN,,,,,,,-214748340,-214748365
2026-04-26,401869973397,Kierstan Bell enters the game for Stephanie Talbot,Substitution,584,False,3,4:35,62,48,Las Vegas Aces,JAPAN,4433633.0,Kierstan Bell,3099736.0,Stephanie Talbot,,,-214748340,-214748365
2026-04-26,401869973399,Minami Yabu vs. Brianna Turner (Chelsea Gray gains possession),Jumpball,615,False,3,4:33,62,48,Las Vegas Aces,JAPAN,3142086.0,Brianna Turner,5346553.0,Minami Yabu,2529122.0,Chelsea Gray,-214748340,-214748365
2026-04-26,401869973402,Minami Yabu lost ball turnover (Brianna Turner steals),Lost Ball Turnover,63,False,3,4:33,62,48,Las Vegas Aces,JAPAN,5346553.0,Minami Yabu,3142086.0,Brianna Turner,,,-214748340,-214748365
2026-04-26,401869973404,Jewell Loyd makes 23-foot three point jumper (Chelsea Gray assists),Jump Shot,92,True,3,4:31,65,48,Las Vegas Aces,JAPAN,2987869.0,Jewell Loyd,2529122.0,Chelsea Gray,,,2,4
2026-04-26,401869973406,Minami Yabu misses 26-foot three point step back jumpshot,Step Back Jump Shot,132,False,3,4:12,65,48,Las Vegas Aces,JAPAN,5346553.0,Minami Yabu,,,,,21,26
2026-04-26,401869973407,Mai Yamamoto offensive rebound,Offensive Rebound,156,False,3,4:07,65,48,Las Vegas Aces,JAPAN,5220104.0,Mai Yamamoto,,,,,21,26
2026-04-26,401869973408,Azusa Asahina misses 25-foot three point jumper,Jump Shot,92,False,3,4:01,65,48,Las Vegas Aces,JAPAN,5346552.0,Azusa Asahina,,,,,40,21
2026-04-26,401869973409,Aces defensive team rebound,Defensive Rebound,155,False,3,3:59,65,48,Las Vegas Aces,JAPAN,,,,,,,40,21
2026-04-26,401869973411,Jackie Young makes 18-foot step back jumpshot,Step Back Jump Shot,132,True,3,3:46,67,48,Las Vegas Aces,JAPAN,4065870.0,Jackie Young,,,,,13,14
2026-04-26,401869973412,Mai Yamamoto misses 30-foot three point pullup jump shot,Pullup Jump Shot,131,False,3,3:24,67,48,Las Vegas Aces,JAPAN,5220104.0,Mai Yamamoto,,,,,40,26
2026-04-26,401869973413,Chelsea Gray defensive rebound,Defensive Rebound,155,False,3,3:21,67,48,Las Vegas Aces,JAPAN,2529122.0,Chelsea Gray,,,,,40,26
2026-04-26,401869973414,Chelsea Gray makes driving layup,Driving Layup Shot,110,True,3,3:06,69,48,Las Vegas Aces,JAPAN,2529122.0,Chelsea Gray,,,,,21,3
2026-04-26,401869973415,Suzuno Higuchi makes 22-foot three point jumper (Mai Yamamoto assists),Jump Shot,92,True,3,2:49,69,51,Las Vegas Aces,JAPAN,5346807.0,Suzuno Higuchi,5220104.0,Mai Yamamoto,,,2,1
2026-04-26,401869973417,Jackie Young misses 12-foot pullup jump shot,Pullup Jump Shot,131,False,3,2:38,69,51,Las Vegas Aces,JAPAN,4065870.0,Jackie Young,,,,,37,5
2026-04-26,401869973418,Minami Yabu defensive rebound,Defensive Rebound,155,False,3,2:35,69,51,Las Vegas Aces,JAPAN,5346553.0,Minami Yabu,,,,,37,5
2026-04-26,401869973419,Mai Yamamoto makes driving layup,Driving Layup Shot,110,True,3,2:28,69,53,Las Vegas Aces,JAPAN,5220104.0,Mai Yamamoto,,,,,31,4
2026-04-26,401869973420,Jewell Loyd misses 24-foot three point jumper,Jump Shot,92,False,3,2:17,69,53,Las Vegas Aces,JAPAN,2987869.0,Jewell Loyd,,,,,1,1
2026-04-26,401869973421,Mai Yamamoto defensive rebound,Defensive Rebound,155,False,3,2:15,69,53,Las Vegas Aces,JAPAN,5220104.0,Mai Yamamoto,,,,,1,1
2026-04-26,401869973422,Azusa Asahina misses layup,Cutting Layup Shot,141,False,3,2:09,69,53,Las Vegas Aces,JAPAN,5346552.0,Azusa Asahina,,,,,22,2
2026-04-26,401869973423,Kierstan Bell defensive rebound,Defensive Rebound,155,False,3,2:07,69,53,Las Vegas Aces,JAPAN,4433633.0,Kierstan Bell,,,,,22,2
2026-04-26,401869973424,"Kierstan Bell bad pass
turnover (Mai Yamamoto steals)","Bad Pass
Turnover",62,False,3,1:57,69,53,Las Vegas Aces,JAPAN,4433633.0,Kierstan Bell,5220104.0,Mai Yamamoto,,,20,6
2026-04-26,401869973426,Mio Shiraishi makes 8-foot two point shot (Mai Yamamoto assists),Turnaround Bank Jump Shot,136,True,3,1:35,69,55,Las Vegas Aces,JAPAN,5346806.0,Mio Shiraishi,5220104.0,Mai Yamamoto,,,18,5
2026-04-26,401869973428,Aces Full timeout,Full Timeout,16,False,3,1:35,69,55,Las Vegas Aces,JAPAN,,,,,,,-214748340,-214748365
2026-04-26,401869973429,Chennedy Carter enters the game for Jewell Loyd,Substitution,584,False,3,1:35,69,55,Las Vegas Aces,JAPAN,4280892.0,Chennedy Carter,2987869.0,Jewell Loyd,,,-214748340,-214748365
2026-04-26,401869973430,Nanami Tsuno enters the game for Mai Yamamoto,Substitution,584,False,3,1:35,69,55,Las Vegas Aces,JAPAN,5346801.0,Nanami Tsuno,5220104.0,Mai Yamamoto,,,-214748340,-214748365
2026-04-26,401869973431,Nanako Todo enters the game for Suzuno Higuchi,Substitution,584,False,3,1:35,69,55,Las Vegas Aces,JAPAN,4873391.0,Nanako Todo,5346807.0,Suzuno Higuchi,,,-214748340,-214748365
2026-04-26,401869973435,Chelsea Gray misses 23-foot three point jumper,Jump Shot,92,False,3,1:24,69,55,Las Vegas Aces,JAPAN,2529122.0,Chelsea Gray,,,,,48,6
2026-04-26,401869973436,Mio Shiraishi defensive rebound,Defensive Rebound,155,False,3,1:21,69,55,Las Vegas Aces,JAPAN,5346806.0,Mio Shiraishi,,,,,48,6
2026-04-26,401869973437,Chennedy Carter kicked ball violation,Kicked Ball,12,False,3,1:18,69,55,Las Vegas Aces,JAPAN,4280892.0,Chennedy Carter,,,,,-214748340,-214748365
2026-04-26,401869973438,"Nanami Tsuno bad pass
turnover (Jackie Young steals)","Bad Pass
Turnover",62,False,3,1:01,69,55,Las Vegas Aces,JAPAN,5346801.0,Nanami Tsuno,4065870.0,Jackie Young,,,30,11
2026-04-26,401869973441,Jackie Young misses 15-foot fade away jump shot,Fade Away Jump Shot,121,False,3,39.3,69,55,Las Vegas Aces,JAPAN,4065870.0,Jackie Young,,,,,19,14
2026-04-26,401869973442,Brianna Turner offensive rebound,Offensive Rebound,156,False,3,36.3,69,55,Las Vegas Aces,JAPAN,3142086.0,Brianna Turner,,,,,19,14
2026-04-26,401869973443,Brianna Turner makes 4-foot layup (Chennedy Carter assists),Cutting Layup Shot,141,True,3,33.1,71,55,Las Vegas Aces,JAPAN,3142086.0,Brianna Turner,4280892.0,Chennedy Carter,,,21,1
2026-04-26,401869973445,Minami Yabu misses 23-foot three point jumper,Jump Shot,92,False,3,20.2,71,55,Las Vegas Aces,JAPAN,5346553.0,Minami Yabu,,,,,3,9
2026-04-26,401869973446,Azusa Asahina offensive rebound,Offensive Rebound,156,False,3,16.8,71,55,Las Vegas Aces,JAPAN,5346552.0,Azusa Asahina,,,,,3,9
2026-04-26,401869973447,Mio Shiraishi makes 8-foot floating jump shot (Nanami Tsuno assists),Floating Jump Shot,130,True,3,13.4,71,57,Las Vegas Aces,JAPAN,5346806.0,Mio Shiraishi,5346801.0,Nanami Tsuno,,,32,5
2026-04-26,401869973449,Brianna Turner offensive foul,Offensive Foul,42,False,3,2.3,71,57,Las Vegas Aces,JAPAN,3142086.0,Brianna Turner,,,,,20,25
2026-04-26,401869973451,Brianna Turner offensive foul turnover,Offensive Foul Turnover,84,False,3,2.3,71,57,Las Vegas Aces,JAPAN,3142086.0,Brianna Turner,,,,,20,25
2026-04-26,401869973452,Jackie Young blocks Minami Yabu 's 33-foot three point jumper,Jump Shot,92,False,3,0.2,71,57,Las Vegas Aces,JAPAN,5346553.0,Minami Yabu,4065870.0,Jackie Young,,,8,29
2026-04-26,401869973454,Japan offensive team rebound,Offensive Rebound,156,False,3,0.2,71,57,Las Vegas Aces,JAPAN,,,,,,,8,29
2026-04-26,401869973455,End of the 3rd Quarter,End Period,412,False,3,0.0,71,57,Las Vegas Aces,JAPAN,,,,,,,-214748340,-214748365
2026-04-26,401869973456,Jewell Loyd enters the game for Jackie Young,Substitution,584,False,4,10:00,71,57,Las Vegas Aces,JAPAN,2987869.0,Jewell Loyd,4065870.0,Jackie Young,,,-214748340,-214748365
2026-04-26,401869973457,Stephanie Talbot enters the game for Chelsea Gray,Substitution,584,False,4,10:00,71,57,Las Vegas Aces,JAPAN,3099736.0,Stephanie Talbot,2529122.0,Chelsea Gray,,,-214748340,-214748365
2026-04-26,401869973461,Kierstan Bell makes driving layup (Chennedy Carter assists),Driving Layup Shot,110,True,4,9:45,73,57,Las Vegas Aces,JAPAN,4433633.0,Kierstan Bell,4280892.0,Chennedy Carter,,,22,4
2026-04-26,401869973463,Mio Shiraishi shooting foul,Shooting Foul,44,False,4,9:45,73,57,Las Vegas Aces,JAPAN,5346806.0,Mio Shiraishi,,,,,22,3
2026-04-26,401869973465,Kierstan Bell makes free throw 1 of 1,Free Throw - 1 of 1,97,True,4,9:45,74,57,Las Vegas Aces,JAPAN,4433633.0,Kierstan Bell,,,,,-214748340,-214748365
2026-04-26,401869973466,Jewell Loyd kicked ball violation,Kicked Ball,12,False,4,9:38,74,57,Las Vegas Aces,JAPAN,2987869.0,Jewell Loyd,,,,,-214748340,-214748365
2026-04-26,401869973467,Nanami Tsuno misses 29-foot three point jumper,Jump Shot,92,False,4,9:34,74,57,Las Vegas Aces,JAPAN,5346801.0,Nanami Tsuno,,,,,41,24
2026-04-26,401869973468,Stephanie Talbot defensive rebound,Defensive Rebound,155,False,4,9:30,74,57,Las Vegas Aces,JAPAN,3099736.0,Stephanie Talbot,,,,,41,24
2026-04-26,401869973469,Kierstan Bell misses 26-foot three point step back jumpshot,Step Back Jump Shot,132,False,4,9:21,74,57,Las Vegas Aces,JAPAN,4433633.0,Kierstan Bell,,,,,9,21
2026-04-26,401869973470,Stephanie Talbot offensive rebound,Offensive Rebound,156,False,4,9:18,74,57,Las Vegas Aces,JAPAN,3099736.0,Stephanie Talbot,,,,,9,21
2026-04-26,401869973471,Stephanie Talbot misses 5-foot reverse layup,Reverse Layup Shot,112,False,4,9:17,74,57,Las Vegas Aces,JAPAN,3099736.0,Stephanie Talbot,,,,,20,2
2026-04-26,401869973472,Japan defensive team rebound,Defensive Rebound,155,False,4,9:17,74,57,Las Vegas Aces,JAPAN,,,,,,,20,2
2026-04-26,401869973474,Mio Shiraishi misses 7-foot turnaround jump shot,Turnaround Jump Shot,114,False,4,8:55,74,57,Las Vegas Aces,JAPAN,5346806.0,Mio Shiraishi,,,,,25,7
2026-04-26,401869973475,Brianna Turner defensive rebound,Defensive Rebound,155,False,4,8:53,74,57,Las Vegas Aces,JAPAN,3142086.0,Brianna Turner,,,,,25,7
2026-04-26,401869973476,Jewell Loyd misses 25-foot three point step back jumpshot,Step Back Jump Shot,132,False,4,8:38,74,57,Las Vegas Aces,JAPAN,2987869.0,Jewell Loyd,,,,,8,19
2026-04-26,401869973477,Minami Yabu defensive rebound,Defensive Rebound,155,False,4,8:35,74,57,Las Vegas Aces,JAPAN,5346553.0,Minami Yabu,,,,,8,19
2026-04-26,401869973478,Nanami Tsuno misses 17-foot floating jump shot,Floating Jump Shot,130,False,4,8:29,74,57,Las Vegas Aces,JAPAN,5346801.0,Nanami Tsuno,,,,,36,14
2026-04-26,401869973479,Brianna Turner defensive rebound,Defensive Rebound,155,False,4,8:24,74,57,Las Vegas Aces,JAPAN,3142086.0,Brianna Turner,,,,,36,14
2026-04-26,401869973480,Nanako Todo personal foul,Personal Foul,45,False,4,8:22,74,57,Las Vegas Aces,JAPAN,4873391.0,Nanako Todo,,,,,5,30
2026-04-26,401869973482,Mai Yamamoto enters the game for Nanami Tsuno,Substitution,584,False,4,8:22,74,57,Las Vegas Aces,JAPAN,5220104.0,Mai Yamamoto,5346801.0,Nanami Tsuno,,,-214748340,-214748365
2026-04-26,401869973483,Kadysha Juna Umezawa enters the game for Azusa Asahina,Substitution,584,False,4,8:22,74,57,Las Vegas Aces,JAPAN,5346804.0,Kadysha Juna Umezawa,5346552.0,Azusa Asahina,,,-214748340,-214748365
2026-04-26,401869973486,Chennedy Carter makes driving layup (Kierstan Bell assists),Driving Layup Shot,110,True,4,8:11,76,57,Las Vegas Aces,JAPAN,4280892.0,Chennedy Carter,4433633.0,Kierstan Bell,,,22,4
2026-04-26,401869973488,"Nanako Todo bad pass
turnover (Jewell Loyd steals)","Bad Pass
Turnover",62,False,4,7:59,76,57,Las Vegas Aces,JAPAN,4873391.0,Nanako Todo,2987869.0,Jewell Loyd,,,31,7
2026-04-26,401869973490,Chennedy Carter misses 20-foot pullup jump shot,Pullup Jump Shot,131,False,4,7:53,76,57,Las Vegas Aces,JAPAN,4280892.0,Chennedy Carter,,,,,41,12
2026-04-26,401869973491,Stephanie Talbot offensive rebound,Offensive Rebound,156,False,4,7:49,76,57,Las Vegas Aces,JAPAN,3099736.0,Stephanie Talbot,,,,,41,12
2026-04-26,401869973492,Kierstan Bell misses 23-foot three point jumper,Jump Shot,92,False,4,7:44,76,57,Las Vegas Aces,JAPAN,4433633.0,Kierstan Bell,,,,,2,6
2026-04-26,401869973493,Mai Yamamoto defensive rebound,Defensive Rebound,155,False,4,7:40,76,57,Las Vegas Aces,JAPAN,5220104.0,Mai Yamamoto,,,,,2,6
2026-04-26,401869973494,Mai Yamamoto misses running layup,Running Layup Shot,109,False,4,7:35,76,57,Las Vegas Aces,JAPAN,5220104.0,Mai Yamamoto,,,,,23,3
2026-04-26,401869973495,Japan offensive team rebound,Offensive Rebound,156,False,4,7:34,76,57,Las Vegas Aces,JAPAN,,,,,,,23,3
2026-04-26,401869973496,Stephanie Talbot personal foul,Personal Foul,45,False,4,7:34,76,57,Las Vegas Aces,JAPAN,3099736.0,Stephanie Talbot,,,,,26,6
2026-04-26,401869973498,Norika Konno enters the game for Minami Yabu,Substitution,584,False,4,7:34,76,57,Las Vegas Aces,JAPAN,4433094.0,Norika Konno,5346553.0,Minami Yabu,,,-214748340,-214748365
2026-04-26,401869973500,Chennedy Carter blocks Nanako Todo 's 27-foot three point jumper,Jump Shot,92,False,4,7:23,76,57,Las Vegas Aces,JAPAN,4873391.0,Nanako Todo,4280892.0,Chennedy Carter,,,41,22
2026-04-26,401869973502,Kadysha Juna Umezawa offensive rebound,Offensive Rebound,156,False,4,7:19,76,57,Las Vegas Aces,JAPAN,5346804.0,Kadysha Juna Umezawa,,,,,41,22
2026-04-26,401869973503,Nanako Todo makes 26-foot three point step back jumpshot (Kadysha Juna Umezawa assists),Step Back Jump Shot,132,True,4,7:16,76,60,Las Vegas Aces,JAPAN,4873391.0,Nanako Todo,5346804.0,Kadysha Juna Umezawa,,,49,10
2026-04-26,401869973504,Jewell Loyd makes 25-foot three pointer,Pullup Jump Shot,131,True,4,7:08,79,60,Las Vegas Aces,JAPAN,2987869.0,Jewell Loyd,,,,,13,22
2026-04-26,401869973505,Mai Yamamoto makes 23-foot three point jumper (Nanako Todo assists),Jump Shot,92,True,4,6:48,79,63,Las Vegas Aces,JAPAN,5220104.0,Mai Yamamoto,4873391.0,Nanako Todo,,,48,3
2026-04-26,401869973507,Kierstan Bell misses 25-foot three point jumper,Jump Shot,92,False,4,6:24,79,63,Las Vegas Aces,JAPAN,4433633.0,Kierstan Bell,,,,,10,21
2026-04-26,401869973508,Norika Konno defensive rebound,Defensive Rebound,155,False,4,6:18,79,63,Las Vegas Aces,JAPAN,4433094.0,Norika Konno,,,,,10,21
2026-04-26,401869973509,Chennedy Carter personal foul,Personal Foul,45,False,4,6:17,79,63,Las Vegas Aces,JAPAN,4280892.0,Chennedy Carter,,,,,18,30
2026-04-26,401869973511,Janiah Barker enters the game for Chennedy Carter,Substitution,584,False,4,6:17,79,63,Las Vegas Aces,JAPAN,4565501.0,Janiah Barker,4280892.0,Chennedy Carter,,,-214748340,-214748365
2026-04-26,401869973512,Suzuno Higuchi enters the game for Kadysha Juna Umezawa,Substitution,584,False,4,6:17,79,63,Las Vegas Aces,JAPAN,5346807.0,Suzuno Higuchi,5346804.0,Kadysha Juna Umezawa,,,-214748340,-214748365
2026-04-26,401869973513,Azusa Asahina enters the game for Mio Shiraishi,Substitution,584,False,4,6:17,79,63,Las Vegas Aces,JAPAN,5346552.0,Azusa Asahina,5346806.0,Mio Shiraishi,,,-214748340,-214748365
2026-04-26,401869973514,Mona Tateyama enters the game for Nanako Todo,Substitution,584,False,4,6:17,79,63,Las Vegas Aces,JAPAN,5346803.0,Mona Tateyama,4873391.0,Nanako Todo,,,-214748340,-214748365
2026-04-26,401869973519,Mona Tateyama misses 18-foot pullup jump shot,Pullup Jump Shot,131,False,4,6:08,79,63,Las Vegas Aces,JAPAN,5346803.0,Mona Tateyama,,,,,27,18
2026-04-26,401869973520,Mai Yamamoto offensive rebound,Offensive Rebound,156,False,4,6:06,79,63,Las Vegas Aces,JAPAN,5220104.0,Mai Yamamoto,,,,,27,18
2026-04-26,401869973521,Norika Konno makes 24-foot three point jumper (Mona Tateyama assists),Jump Shot,92,True,4,6:01,79,66,Las Vegas Aces,JAPAN,4433094.0,Norika Konno,5346803.0,Mona Tateyama,,,7,16
2026-04-26,401869973523,Kierstan Bell misses 24-foot three point jumper,Jump Shot,92,False,4,5:45,79,66,Las Vegas Aces,JAPAN,4433633.0,Kierstan Bell,,,,,1,0
2026-04-26,401869973524,Mai Yamamoto defensive rebound,Defensive Rebound,155,False,4,5:41,79,66,Las Vegas Aces,JAPAN,5220104.0,Mai Yamamoto,,,,,1,0
2026-04-26,401869973525,Norika Konno makes driving layup,Driving Layup Shot,110,True,4,5:30,79,68,Las Vegas Aces,JAPAN,4433094.0,Norika Konno,,,,,29,5
2026-04-26,401869973526,Jewell Loyd makes 16-foot step back jumpshot,Step Back Jump Shot,132,True,4,5:05,81,68,Las Vegas Aces,JAPAN,2987869.0,Jewell Loyd,,,,,16,13
2026-04-26,401869973528,Official timeout,Official Timeout,19,False,4,4:55,81,68,Las Vegas Aces,JAPAN,,,,,,,-214748340,-214748365
2026-04-26,401869973529,Jordan Obi enters the game for Stephanie Talbot,Substitution,584,False,4,4:55,81,68,Las Vegas Aces,JAPAN,4705226.0,Jordan Obi,3099736.0,Stephanie Talbot,,,-214748340,-214748365
2026-04-26,401869973531,Mai Yamamoto lost ball turnover (Janiah Barker steals),Lost Ball Turnover,63,False,4,4:48,81,68,Las Vegas Aces,JAPAN,5220104.0,Mai Yamamoto,4565501.0,Janiah Barker,,,47,12
2026-04-26,401869973533,Mai Yamamoto personal foul,Personal Foul,45,False,4,4:43,81,68,Las Vegas Aces,JAPAN,5220104.0,Mai Yamamoto,,,,,5,12
2026-04-26,401869973535,Nanami Tsuno enters the game for Mai Yamamoto,Substitution,584,False,4,4:43,81,68,Las Vegas Aces,JAPAN,5346801.0,Nanami Tsuno,5220104.0,Mai Yamamoto,,,-214748340,-214748365
2026-04-26,401869973537,Mona Tateyama personal foul,Personal Foul,45,False,4,4:39,81,68,Las Vegas Aces,JAPAN,5346803.0,Mona Tateyama,,,,,24,4
2026-04-26,401869973539,Mona Tateyama shooting foul,Shooting Foul,44,False,4,4:31,81,68,Las Vegas Aces,JAPAN,5346803.0,Mona Tateyama,,,,,25,6
2026-04-26,401869973541,Janiah Barker makes free throw 1 of 2,Free Throw - 1 of 2,98,True,4,4:31,82,68,Las Vegas Aces,JAPAN,4565501.0,Janiah Barker,,,,,-214748340,-214748365
2026-04-26,401869973542,Janiah Barker misses free throw 2 of 2,Free Throw - 2 of 2,99,False,4,4:31,82,68,Las Vegas Aces,JAPAN,4565501.0,Janiah Barker,,,,,-214748340,-214748365
2026-04-26,401869973543,Mona Tateyama defensive rebound,Defensive Rebound,155,False,4,4:29,82,68,Las Vegas Aces,JAPAN,5346803.0,Mona Tateyama,,,,,-214748340,-214748365
2026-04-26,401869973544,Mona Tateyama makes driving layup,Driving Layup Shot,110,True,4,4:19,82,70,Las Vegas Aces,JAPAN,5346803.0,Mona Tateyama,,,,,22,3
2026-04-26,401869973545,Brianna Turner shooting foul,Shooting Foul,44,False,4,4:19,82,70,Las Vegas Aces,JAPAN,3142086.0,Brianna Turner,,,,,23,4
2026-04-26,401869973547,Mona Tateyama misses free throw 1 of 1,Free Throw - 1 of 1,97,False,4,4:19,82,70,Las Vegas Aces,JAPAN,5346803.0,Mona Tateyama,,,,,-214748340,-214748365
2026-04-26,401869973548,Janiah Barker defensive rebound,Defensive Rebound,155,False,4,4:17,82,70,Las Vegas Aces,JAPAN,4565501.0,Janiah Barker,,,,,-214748340,-214748365
2026-04-26,401869973549,Jordan Obi misses layup,Layup Shot,95,False,4,4:05,82,70,Las Vegas Aces,JAPAN,4705226.0,Jordan Obi,,,,,20,3
2026-04-26,401869973550,Norika Konno defensive rebound,Defensive Rebound,155,False,4,4:03,82,70,Las Vegas Aces,JAPAN,4433094.0,Norika Konno,,,,,20,3
2026-04-26,401869973551,Norika Konno misses 13-foot step back jumpshot,Step Back Jump Shot,132,False,4,3:51,82,70,Las Vegas Aces,JAPAN,4433094.0,Norika Konno,,,,,12,2
2026-04-26,401869973552,Janiah Barker defensive rebound,Defensive Rebound,155,False,4,3:50,82,70,Las Vegas Aces,JAPAN,4565501.0,Janiah Barker,,,,,12,2
2026-04-26,401869973553,Jordan Obi out of bounds bad pass turnover,Out of Bounds - Bad Pass Turnover,90,False,4,3:38,82,70,Las Vegas Aces,JAPAN,4705226.0,Jordan Obi,,,,,32,9
2026-04-26,401869973554,Chennedy Carter enters the game for Jewell Loyd,Substitution,584,False,4,3:38,82,70,Las Vegas Aces,JAPAN,4280892.0,Chennedy Carter,2987869.0,Jewell Loyd,,,-214748340,-214748365
2026-04-26,401869973555,Mai Yamamoto enters the game for Suzuno Higuchi,Substitution,584,False,4,3:38,82,70,Las Vegas Aces,JAPAN,5220104.0,Mai Yamamoto,5346807.0,Suzuno Higuchi,,,-214748340,-214748365
2026-04-26,401869973558,Aces delay of game violation,Delay of Game,8,False,4,3:38,82,70,Las Vegas Aces,JAPAN,,,,,,,-214748340,-214748365
2026-04-26,401869973559,shot clock turnover ,Shot Clock Turnover,70,False,4,3:14,82,70,Las Vegas Aces,JAPAN,,,,,,,29,26
2026-04-26,401869973560,Nanami Tsuno personal foul,Personal Foul,45,False,4,3:05,82,70,Las Vegas Aces,JAPAN,5346801.0,Nanami Tsuno,,,,,25,29
2026-04-26,401869973562,Chennedy Carter makes free throw 1 of 2,Free Throw - 1 of 2,98,True,4,3:05,83,70,Las Vegas Aces,JAPAN,4280892.0,Chennedy Carter,,,,,-214748340,-214748365
2026-04-26,401869973563,Chennedy Carter makes free throw 2 of 2,Free Throw - 2 of 2,99,True,4,3:05,84,70,Las Vegas Aces,JAPAN,4280892.0,Chennedy Carter,,,,,-214748340,-214748365
2026-04-26,401869973565,Janiah Barker shooting foul,Shooting Foul,44,False,4,2:54,84,70,Las Vegas Aces,JAPAN,4565501.0,Janiah Barker,,,,,22,2
2026-04-26,401869973567,Japan Full timeout,Full Timeout,16,False,4,2:54,84,70,Las Vegas Aces,JAPAN,,,,,,,-214748340,-214748365
2026-04-26,401869973568,Kadysha Juna Umezawa enters the game for Azusa Asahina,Substitution,584,False,4,2:54,84,70,Las Vegas Aces,JAPAN,5346804.0,Kadysha Juna Umezawa,5346552.0,Azusa Asahina,,,-214748340,-214748365
2026-04-26,401869973570,Mona Tateyama makes free throw 1 of 2,Free Throw - 1 of 2,98,True,4,2:54,84,71,Las Vegas Aces,JAPAN,5346803.0,Mona Tateyama,,,,,-214748340,-214748365
2026-04-26,401869973571,Mona Tateyama makes free throw 2 of 2,Free Throw - 2 of 2,99,True,4,2:54,84,72,Las Vegas Aces,JAPAN,5346803.0,Mona Tateyama,,,,,-214748340,-214748365
2026-04-26,401869973572,Kierstan Bell misses 23-foot three point jumper,Jump Shot,92,False,4,2:49,84,72,Las Vegas Aces,JAPAN,4433633.0,Kierstan Bell,,,,,49,-2
2026-04-26,401869973573,Jordan Obi offensive rebound,Offensive Rebound,156,False,4,2:46,84,72,Las Vegas Aces,JAPAN,4705226.0,Jordan Obi,,,,,49,-2
2026-04-26,401869973574,Chennedy Carter misses 25-foot three point jumper,Jump Shot,92,False,4,2:44,84,72,Las Vegas Aces,JAPAN,4280892.0,Chennedy Carter,,,,,2,12
2026-04-26,401869973575,Kierstan Bell offensive rebound,Offensive Rebound,156,False,4,2:42,84,72,Las Vegas Aces,JAPAN,4433633.0,Kierstan Bell,,,,,2,12
2026-04-26,401869973576,Chennedy Carter makes 23-foot three point jumper (Kierstan Bell assists),Jump Shot,92,True,4,2:40,87,72,Las Vegas Aces,JAPAN,4280892.0,Chennedy Carter,4433633.0,Kierstan Bell,,,1,0
2026-04-26,401869973578,Mai Yamamoto makes 27-foot three point jumper (Mona Tateyama assists),Jump Shot,92,True,4,2:15,87,75,Las Vegas Aces,JAPAN,5220104.0,Mai Yamamoto,5346803.0,Mona Tateyama,,,9,22
2026-04-26,401869973580,Aces Full timeout,Full Timeout,16,False,4,2:14,87,75,Las Vegas Aces,JAPAN,,,,,,,-214748340,-214748365
2026-04-26,401869973581,NaLyssa Smith enters the game for Janiah Barker,Substitution,584,False,4,2:14,87,75,Las Vegas Aces,JAPAN,4398776.0,NaLyssa Smith,4565501.0,Janiah Barker,,,-214748340,-214748365
2026-04-26,401869973582,Mio Shiraishi enters the game for Mona Tateyama,Substitution,584,False,4,2:14,87,75,Las Vegas Aces,JAPAN,5346806.0,Mio Shiraishi,5346803.0,Mona Tateyama,,,-214748340,-214748365
2026-04-26,401869973585,Kierstan Bell makes 24-foot three point jumper (Jordan Obi assists),Jump Shot,92,True,4,2:05,90,75,Las Vegas Aces,JAPAN,4433633.0,Kierstan Bell,4705226.0,Jordan Obi,,,47,10
2026-04-26,401869973587,Norika Konno misses 25-foot three point pullup jump shot,Pullup Jump Shot,131,False,4,1:50,90,75,Las Vegas Aces,JAPAN,4433094.0,Norika Konno,,,,,6,18
2026-04-26,401869973588,NaLyssa Smith defensive rebound,Defensive Rebound,155,False,4,1:48,90,75,Las Vegas Aces,JAPAN,4398776.0,NaLyssa Smith,,,,,6,18
2026-04-26,401869973589,Jordan Obi misses 6-foot turnaround jump shot,Turnaround Jump Shot,114,False,4,1:29,90,75,Las Vegas Aces,JAPAN,4705226.0,Jordan Obi,,,,,22,6
2026-04-26,401869973590,NaLyssa Smith offensive rebound,Offensive Rebound,156,False,4,1:25,90,75,Las Vegas Aces,JAPAN,4398776.0,NaLyssa Smith,,,,,22,6
2026-04-26,401869973591,Chennedy Carter makes 4-foot layup (Kierstan Bell assists),Cutting Layup Shot,141,True,4,1:23,92,75,Las Vegas Aces,JAPAN,4280892.0,Chennedy Carter,4433633.0,Kierstan Bell,,,21,2
2026-04-26,401869973593,Mai Yamamoto misses 27-foot three point jumper,Jump Shot,92,False,4,1:06,92,75,Las Vegas Aces,JAPAN,5220104.0,Mai Yamamoto,,,,,40,22
2026-04-26,401869973594,Kierstan Bell defensive rebound,Defensive Rebound,155,False,4,1:02,92,75,Las Vegas Aces,JAPAN,4433633.0,Kierstan Bell,,,,,40,22
2026-04-26,401869973595,Nanami Tsuno personal foul,Personal Foul,45,False,4,55.5,92,75,Las Vegas Aces,JAPAN,5346801.0,Nanami Tsuno,,,,,33,15
2026-04-26,401869973597,Chennedy Carter makes free throw 1 of 2,Free Throw - 1 of 2,98,True,4,55.5,93,75,Las Vegas Aces,JAPAN,4280892.0,Chennedy Carter,,,,,-214748340,-214748365
2026-04-26,401869973598,Chennedy Carter makes free throw 2 of 2,Free Throw - 2 of 2,99,True,4,55.5,94,75,Las Vegas Aces,JAPAN,4280892.0,Chennedy Carter,,,,,-214748340,-214748365
2026-04-26,401869973599,Nanami Tsuno misses driving layup,Driving Layup Shot,110,False,4,48.7,94,75,Las Vegas Aces,JAPAN,5346801.0,Nanami Tsuno,,,,,20,1
2026-04-26,401869973600,Kadysha Juna Umezawa offensive rebound,Offensive Rebound,156,False,4,46.4,94,75,Las Vegas Aces,JAPAN,5346804.0,Kadysha Juna Umezawa,,,,,20,1
2026-04-26,401869973601,Brianna Turner blocks Kadysha Juna Umezawa 's 4-foot two point shot,Layup Shot Putback,125,False,4,45.3,94,75,Las Vegas Aces,JAPAN,5346804.0,Kadysha Juna Umezawa,3142086.0,Brianna Turner,,,23,4
2026-04-26,401869973603,NaLyssa Smith defensive rebound,Defensive Rebound,155,False,4,43.1,94,75,Las Vegas Aces,JAPAN,4398776.0,NaLyssa Smith,,,,,23,4
2026-04-26,401869973604,Jordan Obi misses 6-foot hook shot,Hook Shot,93,False,4,28.3,94,75,Las Vegas Aces,JAPAN,4705226.0,Jordan Obi,,,,,23,5
2026-04-26,401869973605,NaLyssa Smith offensive rebound,Offensive Rebound,156,False,4,27.1,94,75,Las Vegas Aces,JAPAN,4398776.0,NaLyssa Smith,,,,,23,5
2026-04-26,401869973606,Kadysha Juna Umezawa blocks NaLyssa Smith 's 5-foot two point shot,Layup Shot Putback,125,False,4,25.8,94,75,Las Vegas Aces,JAPAN,4398776.0,NaLyssa Smith,5346804.0,Kadysha Juna Umezawa,,,20,1
2026-04-26,401869973608,Norika Konno defensive rebound,Defensive Rebound,155,False,4,25.8,94,75,Las Vegas Aces,JAPAN,4433094.0,Norika Konno,,,,,20,1
2026-04-26,401869973609,Mai Yamamoto makes 29-foot three pointer,Pullup Jump Shot,131,True,4,11.8,94,78,Las Vegas Aces,JAPAN,5220104.0,Mai Yamamoto,,,,,37,27
2026-04-26,401869973610,End of the 4th Quarter,End Period,412,False,4,0.0,94,78,Las Vegas Aces,JAPAN,,,,,,,-214748340,-214748365
2026-04-26,401869973611,End of Game,End Game,402,False,4,0.0,94,78,Las Vegas Aces,JAPAN,,,,,,,-214748340,-214748365
2026-04-27,4018677914,Pallas Kunaiyi vs. Jade Masogayo (Jade Masogayo gains possession),Jumpball,615,False,1,10:00,0,0,Minnesota Lynx,NIGERIA,5109356.0,Jade Masogayo,3926411.0,Pallas Kunaiyi,5109356.0,Jade Masogayo,-214748340,-214748365
2026-04-27,4018677917,Courtney Williams makes 10-foot pullup jump shot,Pullup Jump Shot,131,True,1,9:41,2,0,Minnesota Lynx,NIGERIA,2987891.0,Courtney Williams,,,,,15,3
2026-04-27,4018677918,Antonia Delaere personal foul,Personal Foul,45,False,1,9:29,2,0,Minnesota Lynx,NIGERIA,4873358.0,Antonia Delaere,,,,,19,21
2026-04-27,40186779110,Uche Izoje misses layup,Layup Shot,95,False,1,9:26,2,0,Minnesota Lynx,NIGERIA,5312424.0,Uche Izoje,,,,,27,1
2026-04-27,40186779111,Nia Coffey defensive rebound,Defensive Rebound,155,False,1,9:24,2,0,Minnesota Lynx,NIGERIA,3054590.0,Nia Coffey,,,,,27,1
2026-04-27,40186779112,Jade Masogayo makes 13-foot turnaround jump shot (Antonia Delaere assists),Turnaround Jump Shot,114,True,1,9:16,4,0,Minnesota Lynx,NIGERIA,5109356.0,Jade Masogayo,4873358.0,Antonia Delaere,,,30,12
2026-04-27,40186779114,Uche Izoje makes 10-foot pullup jump shot,Pullup Jump Shot,131,True,1,9:03,4,2,Minnesota Lynx,NIGERIA,5312424.0,Uche Izoje,,,,,24,10
2026-04-27,40186779115,Nia Coffey misses 24-foot three point jumper,Jump Shot,92,False,1,8:48,4,2,Minnesota Lynx,NIGERIA,3054590.0,Nia Coffey,,,,,21,24
2026-04-27,40186779116,Pallas Kunaiyi defensive rebound,Defensive Rebound,155,False,1,8:46,4,2,Minnesota Lynx,NIGERIA,3926411.0,Pallas Kunaiyi,,,,,21,24
2026-04-27,40186779118,Ezinne Kalu misses 7-foot two point shot,Turnaround Hook Shot,120,False,1,8:32,4,2,Minnesota Lynx,NIGERIA,2531437.0,Ezinne Kalu,,,,,32,2
2026-04-27,40186779119,Jade Masogayo defensive rebound,Defensive Rebound,155,False,1,8:28,4,2,Minnesota Lynx,NIGERIA,5109356.0,Jade Masogayo,,,,,32,2
2026-04-27,40186779120,Courtney Williams out of bounds bad pass turnover,Out of Bounds - Bad Pass Turnover,90,False,1,8:23,4,2,Minnesota Lynx,NIGERIA,2987891.0,Courtney Williams,,,,,23,-2
2026-04-27,40186779121,Jade Masogayo shooting foul,Shooting Foul,44,False,1,8:08,4,2,Minnesota Lynx,NIGERIA,5109356.0,Jade Masogayo,,,,,21,0
2026-04-27,40186779123,Pallas Kunaiyi makes free throw 1 of 2,Free Throw - 1 of 2,98,True,1,8:08,4,3,Minnesota Lynx,NIGERIA,3926411.0,Pallas Kunaiyi,,,,,-214748340,-214748365
2026-04-27,40186779124,Pallas Kunaiyi makes free throw 2 of 2,Free Throw - 2 of 2,99,True,1,8:08,4,4,Minnesota Lynx,NIGERIA,3926411.0,Pallas Kunaiyi,,,,,-214748340,-214748365
2026-04-27,40186779125,Courtney Williams makes 23-foot three point jumper (Olivia Miles assists),Jump Shot,92,True,1,8:00,7,4,Minnesota Lynx,NIGERIA,2987891.0,Courtney Williams,4433791.0,Olivia Miles,,,18,22
2026-04-27,40186779127,Ezinne Kalu lost ball turnover (Jade Masogayo steals),Lost Ball Turnover,63,False,1,7:40,7,4,Minnesota Lynx,NIGERIA,2531437.0,Ezinne Kalu,5109356.0,Jade Masogayo,,,18,3
2026-04-27,40186779129,Olivia Miles makes two point shot (Jade Masogayo assists),Running Finger Roll Layup,129,True,1,7:33,9,4,Minnesota Lynx,NIGERIA,4433791.0,Olivia Miles,5109356.0,Jade Masogayo,,,28,0
2026-04-27,40186779130,Ezinne Kalu misses 23-foot three point jumper,Jump Shot,92,False,1,7:20,9,4,Minnesota Lynx,NIGERIA,2531437.0,Ezinne Kalu,,,,,49,0
2026-04-27,40186779131,Courtney Williams defensive rebound,Defensive Rebound,155,False,1,7:20,9,4,Minnesota Lynx,NIGERIA,2987891.0,Courtney Williams,,,,,49,0
2026-04-27,40186779132,Nia Coffey makes 2-foot two point shot (Courtney Williams assists),Driving Floating Bank Jump Shot,145,True,1,7:14,11,4,Minnesota Lynx,NIGERIA,3054590.0,Nia Coffey,2987891.0,Courtney Williams,,,24,2
2026-04-27,40186779134,Suzie Rafiu shooting foul,Shooting Foul,44,False,1,7:14,11,4,Minnesota Lynx,NIGERIA,5346853.0,Suzie Rafiu,,,,,24,2
2026-04-27,40186779136,Gabby White enters the game for Ezinne Kalu,Substitution,584,False,1,7:14,11,4,Minnesota Lynx,NIGERIA,5312434.0,Gabby White,2531437.0,Ezinne Kalu,,,-214748340,-214748365
2026-04-27,40186779138,Nia Coffey misses free throw 1 of 1,Free Throw - 1 of 1,97,False,1,7:14,11,4,Minnesota Lynx,NIGERIA,3054590.0,Nia Coffey,,,,,-214748340,-214748365
2026-04-27,40186779139,Suzie Rafiu defensive rebound,Defensive Rebound,155,False,1,7:11,11,4,Minnesota Lynx,NIGERIA,5346853.0,Suzie Rafiu,,,,,-214748340,-214748365
2026-04-27,40186779140,Gabby White makes 2-foot two point shot,Driving Finger Roll Layup,128,True,1,6:59,11,6,Minnesota Lynx,NIGERIA,5312434.0,Gabby White,,,,,23,2
2026-04-27,40186779141,Antonia Delaere misses 23-foot three point jumper,Jump Shot,92,False,1,6:52,11,6,Minnesota Lynx,NIGERIA,4873358.0,Antonia Delaere,,,,,4,10
2026-04-27,40186779142,Uche Izoje defensive rebound,Defensive Rebound,155,False,1,6:48,11,6,Minnesota Lynx,NIGERIA,5312424.0,Uche Izoje,,,,,4,10
2026-04-27,40186779143,Uche Izoje misses 23-foot three point jumper,Jump Shot,92,False,1,6:41,11,6,Minnesota Lynx,NIGERIA,5312424.0,Uche Izoje,,,,,12,20
2026-04-27,40186779144,Pallas Kunaiyi offensive rebound,Offensive Rebound,156,False,1,6:37,11,6,Minnesota Lynx,NIGERIA,3926411.0,Pallas Kunaiyi,,,,,12,20
2026-04-27,40186779145,Pallas Kunaiyi misses two point shot,Layup Shot Putback,125,False,1,6:37,11,6,Minnesota Lynx,NIGERIA,3926411.0,Pallas Kunaiyi,,,,,27,0
2026-04-27,40186779146,Pallas Kunaiyi offensive rebound,Offensive Rebound,156,False,1,6:35,11,6,Minnesota Lynx,NIGERIA,3926411.0,Pallas Kunaiyi,,,,,27,0
2026-04-27,40186779147,Suzie Rafiu misses 22-foot three point jumper,Jump Shot,92,False,1,6:34,11,6,Minnesota Lynx,NIGERIA,5346853.0,Suzie Rafiu,,,,,2,-1
2026-04-27,40186779148,Olivia Miles defensive rebound,Defensive Rebound,155,False,1,6:30,11,6,Minnesota Lynx,NIGERIA,4433791.0,Olivia Miles,,,,,2,-1
2026-04-27,40186779149,Gabby White blocks Jade Masogayo 's 5-foot layup,Layup Shot,95,False,1,6:20,11,6,Minnesota Lynx,NIGERIA,5109356.0,Jade Masogayo,5312434.0,Gabby White,,,21,2
2026-04-27,40186779151,Promise Amukamara defensive rebound,Defensive Rebound,155,False,1,6:18,11,6,Minnesota Lynx,NIGERIA,2592228.0,Promise Amukamara,,,,,21,2
2026-04-27,40186779152,Uche Izoje makes 10-foot pullup jump shot (Promise Amukamara assists),Pullup Jump Shot,131,True,1,6:05,11,8,Minnesota Lynx,NIGERIA,5312424.0,Uche Izoje,2592228.0,Promise Amukamara,,,30,10
2026-04-27,40186779154,"Courtney Williams bad pass
turnover (Suzie Rafiu steals)","Bad Pass
Turnover",62,False,1,5:54,11,8,Minnesota Lynx,NIGERIA,2987891.0,Courtney Williams,5346853.0,Suzie Rafiu,,,35,11
2026-04-27,40186779156,Promise Amukamara misses 31-foot three point jumper,Jump Shot,92,False,1,5:34,11,8,Minnesota Lynx,NIGERIA,2592228.0,Promise Amukamara,,,,,16,30
2026-04-27,40186779157,Lynx defensive team rebound,Defensive Rebound,155,False,1,5:32,11,8,Minnesota Lynx,NIGERIA,,,,,,,16,30
2026-04-27,40186779159,Eliska Hamzova enters the game for Olivia Miles,Substitution,584,False,1,5:32,11,8,Minnesota Lynx,NIGERIA,5345478.0,Eliska Joklova,4433791.0,Olivia Miles,,,-214748340,-214748365
2026-04-27,40186779160,Ra Shaya Kyle enters the game for Nia Coffey,Substitution,584,False,1,5:32,11,8,Minnesota Lynx,NIGERIA,4703766.0,Ra Shaya Kyle,3054590.0,Nia Coffey,,,-214748340,-214748365
2026-04-27,40186779161,Saylor Poffenbarger enters the game for Jade Masogayo,Substitution,584,False,1,5:32,11,8,Minnesota Lynx,NIGERIA,4433542.0,Saylor Poffenbarger,5109356.0,Jade Masogayo,,,-214748340,-214748365
2026-04-27,40186779162,Blessing Ejiofor enters the game for Pallas Kunaiyi,Substitution,584,False,1,5:32,11,8,Minnesota Lynx,NIGERIA,4280899.0,Blessing Ejiofor,3926411.0,Pallas Kunaiyi,,,-214748340,-214748365
2026-04-27,40186779167,Courtney Williams makes 7-foot turnaround jump shot (Eliska Hamzova assists),Turnaround Jump Shot,114,True,1,5:23,13,8,Minnesota Lynx,NIGERIA,2987891.0,Courtney Williams,5345478.0,Eliska Joklova,,,28,7
2026-04-27,40186779169,Uche Izoje shooting foul,Shooting Foul,44,False,1,5:23,13,8,Minnesota Lynx,NIGERIA,5312424.0,Uche Izoje,,,,,28,7
2026-04-27,40186779171,Courtney Williams makes free throw 1 of 1,Free Throw - 1 of 1,97,True,1,5:23,14,8,Minnesota Lynx,NIGERIA,2987891.0,Courtney Williams,,,,,-214748340,-214748365
2026-04-27,40186779172,Gabby White out of bounds bad pass turnover,Out of Bounds - Bad Pass Turnover,90,False,1,5:12,14,8,Minnesota Lynx,NIGERIA,5312434.0,Gabby White,,,,,28,5
2026-04-27,40186779173,Courtney Williams makes 23-foot three point jumper (Eliska Hamzova assists),Jump Shot,92,True,1,5:02,17,8,Minnesota Lynx,NIGERIA,2987891.0,Courtney Williams,5345478.0,Eliska Joklova,,,18,22
2026-04-27,40186779175,Nigeria Full timeout,Full Timeout,16,False,1,4:57,17,8,Minnesota Lynx,NIGERIA,,,,,,,-214748340,-214748365
2026-04-27,40186779176,Ezinne Kalu enters the game for Promise Amukamara,Substitution,584,False,1,4:57,17,8,Minnesota Lynx,NIGERIA,2531437.0,Ezinne Kalu,2592228.0,Promise Amukamara,,,-214748340,-214748365
2026-04-27,40186779177,Victoria Macaulay enters the game for Uche Izoje,Substitution,584,False,1,4:57,17,8,Minnesota Lynx,NIGERIA,2491811.0,Victoria Macaulay,5312424.0,Uche Izoje,,,-214748340,-214748365
2026-04-27,40186779181,Gabby White makes 10-foot step back jumpshot,Step Back Jump Shot,132,True,1,4:40,17,10,Minnesota Lynx,NIGERIA,5312434.0,Gabby White,,,,,18,7
2026-04-27,40186779182,Eliska Hamzova lost ball turnover (Ezinne Kalu steals),Lost Ball Turnover,63,False,1,4:18,17,10,Minnesota Lynx,NIGERIA,5345478.0,Eliska Joklova,2531437.0,Ezinne Kalu,,,37,33
2026-04-27,40186779184,Eliska Hamzova shooting foul,Shooting Foul,44,False,1,4:15,17,10,Minnesota Lynx,NIGERIA,5345478.0,Eliska Joklova,,,,,27,1
2026-04-27,40186779186,Ezinne Kalu makes free throw 1 of 2,Free Throw - 1 of 2,98,True,1,4:15,17,11,Minnesota Lynx,NIGERIA,2531437.0,Ezinne Kalu,,,,,-214748340,-214748365
2026-04-27,40186779187,Vera Ojenuwa enters the game for Suzie Rafiu,Substitution,584,False,1,4:15,17,11,Minnesota Lynx,NIGERIA,5346856.0,Vera Ojenuwa,5346853.0,Suzie Rafiu,,,-214748340,-214748365
2026-04-27,40186779189,Ezinne Kalu misses free throw 2 of 2,Free Throw - 2 of 2,99,False,1,4:15,17,11,Minnesota Lynx,NIGERIA,2531437.0,Ezinne Kalu,,,,,-214748340,-214748365
2026-04-27,40186779190,Blessing Ejiofor offensive rebound,Offensive Rebound,156,False,1,4:14,17,11,Minnesota Lynx,NIGERIA,4280899.0,Blessing Ejiofor,,,,,-214748340,-214748365
2026-04-27,401867791172,Blessing Ejiofor misses two point shot,Layup Shot Putback,125,False,1,4:14,17,11,Minnesota Lynx,NIGERIA,4280899.0,Blessing Ejiofor,,,,,23,1
2026-04-27,401867791173,Ra Shaya Kyle defensive rebound,Defensive Rebound,155,False,1,4:12,17,11,Minnesota Lynx,NIGERIA,4703766.0,Ra Shaya Kyle,,,,,23,1
2026-04-27,40186779193,Courtney Williams misses 18-foot pullup jump shot,Pullup Jump Shot,131,False,1,4:02,17,11,Minnesota Lynx,NIGERIA,2987891.0,Courtney Williams,,,,,15,15
2026-04-27,40186779194,Olivia Miles enters the game for Antonia Delaere,Substitution,584,False,1,4:01,17,11,Minnesota Lynx,NIGERIA,4433791.0,Olivia Miles,4873358.0,Antonia Delaere,,,-214748340,-214748365
2026-04-27,40186779195,Liatu King enters the game for Courtney Williams,Substitution,584,False,1,4:01,17,11,Minnesota Lynx,NIGERIA,4596309.0,Liatu King,2987891.0,Courtney Williams,,,-214748340,-214748365
2026-04-27,401867791101,Lynx offensive team rebound,Offensive Rebound,156,False,1,4:01,17,11,Minnesota Lynx,NIGERIA,,,,,,,15,15
2026-04-27,40186779198,Blessing Ejiofor vs. Eliska Hamzova (Saylor Poffenbarger gains possession),Jumpball,615,False,1,3:58,17,11,Minnesota Lynx,NIGERIA,5345478.0,Eliska Joklova,4280899.0,Blessing Ejiofor,4433542.0,Saylor Poffenbarger,-214748340,-214748365
2026-04-27,401867791102,Victoria Macaulay personal foul,Personal Foul,45,False,1,3:54,17,11,Minnesota Lynx,NIGERIA,2491811.0,Victoria Macaulay,,,,,32,6
2026-04-27,401867791104,Pallas Kunaiyi enters the game for Blessing Ejiofor,Substitution,584,False,1,3:54,17,11,Minnesota Lynx,NIGERIA,3926411.0,Pallas Kunaiyi,4280899.0,Blessing Ejiofor,,,-214748340,-214748365
2026-04-27,401867791106,Saylor Poffenbarger back court turnover,Back Court Turnover,72,False,1,3:52,17,11,Minnesota Lynx,NIGERIA,4433542.0,Saylor Poffenbarger,,,,,44,32
2026-04-27,401867791107,Pallas Kunaiyi makes 2-foot layup (Ezinne Kalu assists),Cutting Layup Shot,141,True,1,3:39,17,13,Minnesota Lynx,NIGERIA,3926411.0,Pallas Kunaiyi,2531437.0,Ezinne Kalu,,,23,1
2026-04-27,401867791109,Ra Shaya Kyle lost ball turnover (Pallas Kunaiyi steals),Lost Ball Turnover,63,False,1,3:29,17,13,Minnesota Lynx,NIGERIA,4703766.0,Ra Shaya Kyle,3926411.0,Pallas Kunaiyi,,,27,24
2026-04-27,401867791111,Ezinne Kalu makes 25-foot three point jumper (Gabby White assists),Jump Shot,92,True,1,3:18,17,16,Minnesota Lynx,NIGERIA,2531437.0,Ezinne Kalu,5312434.0,Gabby White,,,45,16
2026-04-27,401867791113,Lynx Full timeout,Full Timeout,16,False,1,3:09,17,16,Minnesota Lynx,NIGERIA,,,,,,,-214748340,-214748365
2026-04-27,401867791116,Saylor Poffenbarger makes 24-foot three point jumper (Olivia Miles assists),Jump Shot,92,True,1,3:01,20,16,Minnesota Lynx,NIGERIA,4433542.0,Saylor Poffenbarger,4433791.0,Olivia Miles,,,11,20
2026-04-27,401867791119,Gabby White misses 11-foot pullup jump shot,Pullup Jump Shot,131,False,1,2:49,20,16,Minnesota Lynx,NIGERIA,5312434.0,Gabby White,,,,,29,10
2026-04-27,401867791120,Olivia Miles defensive rebound,Defensive Rebound,155,False,1,2:46,20,16,Minnesota Lynx,NIGERIA,4433791.0,Olivia Miles,,,,,29,10
2026-04-27,401867791121,Eliska Hamzova steps out of bounds turnover,Out of Bounds - Step Turnover,86,False,1,2:43,20,16,Minnesota Lynx,NIGERIA,5345478.0,Eliska Joklova,,,,,1,7
2026-04-27,401867791122,Uche Izoje enters the game for Vera Ojenuwa,Substitution,584,False,1,2:43,20,16,Minnesota Lynx,NIGERIA,5312424.0,Uche Izoje,5346856.0,Vera Ojenuwa,,,-214748340,-214748365
2026-04-27,401867791124,Ezinne Kalu makes 21-foot jumper,Jump Shot,92,True,1,2:23,20,18,Minnesota Lynx,NIGERIA,2531437.0,Ezinne Kalu,,,,,45,7
2026-04-27,401867791125,Liatu King shooting foul,Shooting Foul,44,False,1,2:23,20,18,Minnesota Lynx,NIGERIA,4596309.0,Liatu King,,,,,44,4
2026-04-27,401867791127,Ezinne Kalu makes free throw 1 of 1,Free Throw - 1 of 1,97,True,1,2:23,20,19,Minnesota Lynx,NIGERIA,2531437.0,Ezinne Kalu,,,,,-214748340,-214748365
2026-04-27,401867791128,Victoria Macaulay personal foul,Personal Foul,45,False,1,2:14,20,19,Minnesota Lynx,NIGERIA,2491811.0,Victoria Macaulay,,,,,38,16
2026-04-27,401867791130,Liatu King out of bounds bad pass turnover,Out of Bounds - Bad Pass Turnover,90,False,1,2:11,20,19,Minnesota Lynx,NIGERIA,4596309.0,Liatu King,,,,,32,23
2026-04-27,401867791131,Gabby White misses 24-foot three point jumper,Jump Shot,92,False,1,1:52,20,19,Minnesota Lynx,NIGERIA,5312434.0,Gabby White,,,,,14,21
2026-04-27,401867791132,Ezinne Kalu offensive rebound,Offensive Rebound,156,False,1,1:49,20,19,Minnesota Lynx,NIGERIA,2531437.0,Ezinne Kalu,,,,,14,21
2026-04-27,401867791133,Olivia Miles personal foul,Personal Foul,45,False,1,1:49,20,19,Minnesota Lynx,NIGERIA,4433791.0,Olivia Miles,,,,,2,1
2026-04-27,401867791135,Ezinne Kalu misses free throw 1 of 2,Free Throw - 1 of 2,98,False,1,1:49,20,19,Minnesota Lynx,NIGERIA,2531437.0,Ezinne Kalu,,,,,-214748340,-214748365
2026-04-27,401867791136,Nigeria offensive team rebound,Offensive Rebound,156,False,1,1:49,20,19,Minnesota Lynx,NIGERIA,,,,,,,-214748340,-214748365
2026-04-27,401867791137,Sakima Walker enters the game for Olivia Miles,Substitution,584,False,1,1:49,20,19,Minnesota Lynx,NIGERIA,4433745.0,Sakima Walker,4433791.0,Olivia Miles,,,-214748340,-214748365
2026-04-27,401867791138,Courtney Williams enters the game for Ra Shaya Kyle,Substitution,584,False,1,1:49,20,19,Minnesota Lynx,NIGERIA,2987891.0,Courtney Williams,4703766.0,Ra Shaya Kyle,,,-214748340,-214748365
2026-04-27,401867791141,Ezinne Kalu makes free throw 2 of 2,Free Throw - 2 of 2,99,True,1,1:49,20,20,Minnesota Lynx,NIGERIA,2531437.0,Ezinne Kalu,,,,,-214748340,-214748365
2026-04-27,401867791142,Ezinne Kalu personal foul,Personal Foul,45,False,1,1:42,20,20,Minnesota Lynx,NIGERIA,2531437.0,Ezinne Kalu,,,,,38,20
2026-04-27,401867791144,Eliska Hamzova makes free throw 1 of 2,Free Throw - 1 of 2,98,True,1,1:42,21,20,Minnesota Lynx,NIGERIA,5345478.0,Eliska Joklova,,,,,-214748340,-214748365
2026-04-27,401867791145,Promise Amukamara enters the game for Ezinne Kalu,Substitution,584,False,1,1:42,21,20,Minnesota Lynx,NIGERIA,2592228.0,Promise Amukamara,2531437.0,Ezinne Kalu,,,-214748340,-214748365
2026-04-27,401867791147,Eliska Hamzova makes free throw 2 of 2,Free Throw - 2 of 2,99,True,1,1:42,22,20,Minnesota Lynx,NIGERIA,5345478.0,Eliska Joklova,,,,,-214748340,-214748365
2026-04-27,401867791149,Liatu King shooting foul,Shooting Foul,44,False,1,1:24,22,20,Minnesota Lynx,NIGERIA,4596309.0,Liatu King,,,,,22,2
2026-04-27,401867791151,Victoria Macaulay makes free throw 1 of 2,Free Throw - 1 of 2,98,True,1,1:24,22,21,Minnesota Lynx,NIGERIA,2491811.0,Victoria Macaulay,,,,,-214748340,-214748365
2026-04-27,401867791152,Nia Coffey enters the game for Liatu King,Substitution,584,False,1,1:24,22,21,Minnesota Lynx,NIGERIA,3054590.0,Nia Coffey,4596309.0,Liatu King,,,-214748340,-214748365
2026-04-27,401867791154,Victoria Macaulay makes free throw 2 of 2,Free Throw - 2 of 2,99,True,1,1:24,22,22,Minnesota Lynx,NIGERIA,2491811.0,Victoria Macaulay,,,,,-214748340,-214748365
2026-04-27,401867791155,Saylor Poffenbarger makes 23-foot three point jumper (Eliska Hamzova assists),Jump Shot,92,True,1,1:12,25,22,Minnesota Lynx,NIGERIA,4433542.0,Saylor Poffenbarger,5345478.0,Eliska Joklova,,,45,12
2026-04-27,401867791157,Victoria Macaulay misses 23-foot three point jumper,Jump Shot,92,False,1,55.8,25,22,Minnesota Lynx,NIGERIA,2491811.0,Victoria Macaulay,,,,,37,20
2026-04-27,401867791158,Pallas Kunaiyi offensive rebound,Offensive Rebound,156,False,1,51.3,25,22,Minnesota Lynx,NIGERIA,3926411.0,Pallas Kunaiyi,,,,,37,20
2026-04-27,401867791159,Saylor Poffenbarger blocks Uche Izoje 's 2-foot layup,Layup Shot,95,False,1,46.9,25,22,Minnesota Lynx,NIGERIA,5312424.0,Uche Izoje,4433542.0,Saylor Poffenbarger,,,27,1
2026-04-27,401867791160,Uche Izoje offensive rebound,Offensive Rebound,156,False,1,45.4,25,22,Minnesota Lynx,NIGERIA,5312424.0,Uche Izoje,,,,,27,1
2026-04-27,401867791161,Uche Izoje makes two point shot,Layup Shot Putback,125,True,1,44.6,25,24,Minnesota Lynx,NIGERIA,5312424.0,Uche Izoje,,,,,27,0
2026-04-27,401867791163,Saylor Poffenbarger misses 24-foot three point jumper,Jump Shot,92,False,1,38.9,25,24,Minnesota Lynx,NIGERIA,4433542.0,Saylor Poffenbarger,,,,,11,20
2026-04-27,401867791164,Gabby White defensive rebound,Defensive Rebound,155,False,1,38.9,25,24,Minnesota Lynx,NIGERIA,5312434.0,Gabby White,,,,,11,20
2026-04-27,401867791165,Gabby White makes driving layup,Driving Layup Shot,110,True,1,24.9,25,26,Minnesota Lynx,NIGERIA,5312434.0,Gabby White,,,,,28,1
2026-04-27,401867791166,Courtney Williams makes 20-foot pullup jump shot,Pullup Jump Shot,131,True,1,5.4,27,26,Minnesota Lynx,NIGERIA,2987891.0,Courtney Williams,,,,,39,15
2026-04-27,401867791167,Gabby White misses 25-foot three point pullup jump shot,Pullup Jump Shot,131,False,1,0.0,27,26,Minnesota Lynx,NIGERIA,5312434.0,Gabby White,,,,,15,23
2026-04-27,401867791168,Nigeria offensive team rebound,Offensive Rebound,156,False,1,0.0,27,26,Minnesota Lynx,NIGERIA,,,,,,,15,23
2026-04-27,401867791169,End of the 1st Quarter,End Period,412,False,1,0.0,27,26,Minnesota Lynx,NIGERIA,,,,,,,-214748340,-214748365
2026-04-27,401867791174,Ezinne Kalu enters the game for Pallas Kunaiyi,Substitution,584,False,2,10:00,27,26,Minnesota Lynx,NIGERIA,2531437.0,Ezinne Kalu,3926411.0,Pallas Kunaiyi,,,-214748340,-214748365
2026-04-27,401867791175,Vera Ojenuwa enters the game for Gabby White,Substitution,584,False,2,10:00,27,26,Minnesota Lynx,NIGERIA,5346856.0,Vera Ojenuwa,5312434.0,Gabby White,,,-214748340,-214748365
2026-04-27,401867791195,Ezinne Kalu makes 24-foot three point jumper (Uche Izoje assists),Jump Shot,92,True,2,9:39,27,29,Minnesota Lynx,NIGERIA,2531437.0,Ezinne Kalu,5312424.0,Uche Izoje,,,44,15
2026-04-27,401867791200,Courtney Williams makes 15-foot pullup jump shot,Pullup Jump Shot,131,True,2,9:24,29,29,Minnesota Lynx,NIGERIA,2987891.0,Courtney Williams,,,,,15,12
2026-04-27,401867791210,Vera Ojenuwa offensive foul,Offensive Foul,42,False,2,9:08,29,29,Minnesota Lynx,NIGERIA,5346856.0,Vera Ojenuwa,,,,,7,7
2026-04-27,401867791211,Vera Ojenuwa offensive foul turnover,Offensive Foul Turnover,84,False,2,9:08,29,29,Minnesota Lynx,NIGERIA,5346856.0,Vera Ojenuwa,,,,,7,7
2026-04-27,401867791213,Saylor Poffenbarger misses 23-foot three point jumper,Jump Shot,92,False,2,8:53,29,29,Minnesota Lynx,NIGERIA,4433542.0,Saylor Poffenbarger,,,,,16,21
2026-04-27,401867791214,Nigeria defensive team rebound,Defensive Rebound,155,False,2,8:50,29,29,Minnesota Lynx,NIGERIA,,,,,,,16,21
2026-04-27,401867791215,Nia Coffey shooting foul,Shooting Foul,44,False,2,8:38,29,29,Minnesota Lynx,NIGERIA,3054590.0,Nia Coffey,,,,,26,4
2026-04-27,401867791217,Victoria Macaulay makes free throw 1 of 2,Free Throw - 1 of 2,98,True,2,8:38,29,30,Minnesota Lynx,NIGERIA,2491811.0,Victoria Macaulay,,,,,-214748340,-214748365
2026-04-27,401867791218,Victoria Macaulay makes free throw 2 of 2,Free Throw - 2 of 2,99,True,2,8:38,29,31,Minnesota Lynx,NIGERIA,2491811.0,Victoria Macaulay,,,,,-214748340,-214748365
2026-04-27,401867791227,Nia Coffey out of bounds bad pass turnover,Out of Bounds - Bad Pass Turnover,90,False,2,8:28,29,31,Minnesota Lynx,NIGERIA,3054590.0,Nia Coffey,,,,,47,11
2026-04-27,401867791179,Ezinne Kalu misses 17-foot jumper,Pullup Jump Shot,131,False,2,8:13,27,26,Minnesota Lynx,NIGERIA,2531437.0,Ezinne Kalu,,,,,15,14
2026-04-27,401867791180,Victoria Macaulay offensive rebound,Offensive Rebound,156,False,2,8:07,27,26,Minnesota Lynx,NIGERIA,2491811.0,Victoria Macaulay,,,,,15,14
2026-04-27,401867791181,"Uche Izoje bad pass
turnover (Courtney Williams steals)","Bad Pass
Turnover",62,False,2,8:01,27,26,Minnesota Lynx,NIGERIA,5312424.0,Uche Izoje,2987891.0,Courtney Williams,,,20,15
2026-04-27,401867791183,Courtney Williams misses two point shot,Running Finger Roll Layup,129,False,2,7:57,27,26,Minnesota Lynx,NIGERIA,2987891.0,Courtney Williams,,,,,25,-1
2026-04-27,401867791184,Ezinne Kalu defensive rebound,Defensive Rebound,155,False,2,7:53,27,26,Minnesota Lynx,NIGERIA,2531437.0,Ezinne Kalu,,,,,25,-1
2026-04-27,401867791187,Sakima Walker shooting foul,Shooting Foul,44,False,2,7:50,27,26,Minnesota Lynx,NIGERIA,4433745.0,Sakima Walker,,,,,24,4
2026-04-27,401867791189,Ezinne Kalu makes free throw 1 of 2,Free Throw - 1 of 2,98,True,2,7:50,27,27,Minnesota Lynx,NIGERIA,2531437.0,Ezinne Kalu,,,,,-214748340,-214748365
2026-04-27,401867791190,Olivia Miles enters the game for Courtney Williams,Substitution,584,False,2,7:50,27,27,Minnesota Lynx,NIGERIA,4433791.0,Olivia Miles,2987891.0,Courtney Williams,,,-214748340,-214748365
2026-04-27,401867791191,Jade Masogayo enters the game for Sakima Walker,Substitution,584,False,2,7:50,27,27,Minnesota Lynx,NIGERIA,5109356.0,Jade Masogayo,4433745.0,Sakima Walker,,,-214748340,-214748365
2026-04-27,401867791194,Ezinne Kalu makes free throw 2 of 2,Free Throw - 2 of 2,99,True,2,7:50,27,28,Minnesota Lynx,NIGERIA,2531437.0,Ezinne Kalu,,,,,-214748340,-214748365
2026-04-27,401867791196,Uche Izoje personal foul,Personal Foul,45,False,2,7:44,27,31,Minnesota Lynx,NIGERIA,5312424.0,Uche Izoje,,,,,21,9
2026-04-27,401867791198,Uche Izoje personal foul,Personal Foul,45,False,2,7:40,27,31,Minnesota Lynx,NIGERIA,5312424.0,Uche Izoje,,,,,15,16
2026-04-27,401867791201,Gabby White enters the game for Uche Izoje,Substitution,584,False,2,7:40,29,31,Minnesota Lynx,NIGERIA,5312434.0,Gabby White,5312424.0,Uche Izoje,,,-214748340,-214748365
2026-04-27,401867791203,Nia Coffey misses 24-foot three point jumper,Jump Shot,92,False,2,7:32,29,31,Minnesota Lynx,NIGERIA,3054590.0,Nia Coffey,,,,,13,21
2026-04-27,401867791204,Gabby White defensive rebound,Defensive Rebound,155,False,2,7:28,29,31,Minnesota Lynx,NIGERIA,5312434.0,Gabby White,,,,,13,21
2026-04-27,401867791205,Ezinne Kalu misses 25-foot three point pullup jump shot,Pullup Jump Shot,131,False,2,7:11,29,31,Minnesota Lynx,NIGERIA,2531437.0,Ezinne Kalu,,,,,38,21
2026-04-27,401867791206,Jade Masogayo defensive rebound,Defensive Rebound,155,False,2,7:09,29,31,Minnesota Lynx,NIGERIA,5109356.0,Jade Masogayo,,,,,38,21
2026-04-27,401867791207,Vera Ojenuwa personal foul,Personal Foul,45,False,2,7:09,29,31,Minnesota Lynx,NIGERIA,5346856.0,Vera Ojenuwa,,,,,29,15
2026-04-27,401867791209,Nigeria Full timeout,Full Timeout,16,False,2,7:09,29,31,Minnesota Lynx,NIGERIA,,,,,,,-214748340,-214748365
2026-04-27,401867791219,Antonia Delaere enters the game for Eliska Hamzova,Substitution,584,False,2,7:09,29,33,Minnesota Lynx,NIGERIA,4873358.0,Antonia Delaere,5345478.0,Eliska Joklova,,,-214748340,-214748365
2026-04-27,401867791221,Nia Coffey makes driving layup (Olivia Miles assists),Driving Layup Shot,110,True,2,6:58,31,33,Minnesota Lynx,NIGERIA,3054590.0,Nia Coffey,4433791.0,Olivia Miles,,,23,1
2026-04-27,401867791224,Gabby White misses 11-foot pullup jump shot,Pullup Jump Shot,131,False,2,6:43,31,33,Minnesota Lynx,NIGERIA,5312434.0,Gabby White,,,,,29,11
2026-04-27,401867791225,Lynx defensive team rebound,Defensive Rebound,155,False,2,6:43,31,33,Minnesota Lynx,NIGERIA,,,,,,,29,11
2026-04-27,401867791228,Nia Coffey misses 24-foot three point jumper,Jump Shot,92,False,2,6:33,31,33,Minnesota Lynx,NIGERIA,3054590.0,Nia Coffey,,,,,23,24
2026-04-27,401867791229,Ezinne Kalu defensive rebound,Defensive Rebound,155,False,2,6:29,31,33,Minnesota Lynx,NIGERIA,2531437.0,Ezinne Kalu,,,,,23,24
2026-04-27,401867791230,Antonia Delaere shooting foul,Shooting Foul,44,False,2,6:15,31,33,Minnesota Lynx,NIGERIA,4873358.0,Antonia Delaere,,,,,28,12
2026-04-27,401867791232,Promise Amukamara makes free throw 1 of 2,Free Throw - 1 of 2,98,True,2,6:15,31,34,Minnesota Lynx,NIGERIA,2592228.0,Promise Amukamara,,,,,-214748340,-214748365
2026-04-27,401867791233,Promise Amukamara makes free throw 2 of 2,Free Throw - 2 of 2,99,True,2,6:15,31,35,Minnesota Lynx,NIGERIA,2592228.0,Promise Amukamara,,,,,-214748340,-214748365
2026-04-27,401867791234,Olivia Miles makes driving layup,Driving Layup Shot,110,True,2,6:05,33,35,Minnesota Lynx,NIGERIA,4433791.0,Olivia Miles,,,,,22,2
2026-04-27,401867791235,Vera Ojenuwa shooting foul,Shooting Foul,44,False,2,6:05,33,35,Minnesota Lynx,NIGERIA,5346856.0,Vera Ojenuwa,,,,,22,2
2026-04-27,401867791237,Pallas Kunaiyi enters the game for Vera Ojenuwa,Substitution,584,False,2,6:05,33,35,Minnesota Lynx,NIGERIA,3926411.0,Pallas Kunaiyi,5346856.0,Vera Ojenuwa,,,-214748340,-214748365
2026-04-27,401867791239,Olivia Miles misses free throw 1 of 1,Free Throw - 1 of 1,97,False,2,6:05,33,35,Minnesota Lynx,NIGERIA,4433791.0,Olivia Miles,,,,,-214748340,-214748365
2026-04-27,401867791240,Promise Amukamara defensive rebound,Defensive Rebound,155,False,2,6:00,33,35,Minnesota Lynx,NIGERIA,2592228.0,Promise Amukamara,,,,,-214748340,-214748365
2026-04-27,401867791241,Ezinne Kalu makes driving layup (Promise Amukamara assists),Driving Layup Shot,110,True,2,5:57,33,37,Minnesota Lynx,NIGERIA,2531437.0,Ezinne Kalu,2592228.0,Promise Amukamara,,,24,1
2026-04-27,401867791243,Pallas Kunaiyi personal foul,Personal Foul,45,False,2,5:51,33,37,Minnesota Lynx,NIGERIA,3926411.0,Pallas Kunaiyi,,,,,27,5
2026-04-27,401867791245,Olivia Miles makes free throw 1 of 2,Free Throw - 1 of 2,98,True,2,5:51,34,37,Minnesota Lynx,NIGERIA,4433791.0,Olivia Miles,,,,,-214748340,-214748365
2026-04-27,401867791246,Olivia Miles makes free throw 2 of 2,Free Throw - 2 of 2,99,True,2,5:51,35,37,Minnesota Lynx,NIGERIA,4433791.0,Olivia Miles,,,,,-214748340,-214748365
2026-04-27,401867791247,Pallas Kunaiyi offensive foul,Offensive Foul,42,False,2,5:43,35,37,Minnesota Lynx,NIGERIA,3926411.0,Pallas Kunaiyi,,,,,38,17
2026-04-27,401867791249,Pallas Kunaiyi offensive foul turnover,Offensive Foul Turnover,84,False,2,5:43,35,37,Minnesota Lynx,NIGERIA,3926411.0,Pallas Kunaiyi,,,,,38,17
2026-04-27,401867791250,technical foul,Technical Foul,35,False,2,5:43,35,37,Minnesota Lynx,NIGERIA,,,,,,,-214748340,-214748365
2026-04-27,401867791251,Olivia Miles makes technical free throw,Free Throw - Technical,103,True,2,5:43,36,37,Minnesota Lynx,NIGERIA,4433791.0,Olivia Miles,,,,,-214748340,-214748365
2026-04-27,401867791252,Uche Izoje enters the game for Victoria Macaulay,Substitution,584,False,2,5:43,36,37,Minnesota Lynx,NIGERIA,5312424.0,Uche Izoje,2491811.0,Victoria Macaulay,,,-214748340,-214748365
2026-04-27,401867791254,Jade Masogayo out of bounds lost ball turnover,Out of Bounds - Lost Ball Turnover,87,False,2,5:33,36,37,Minnesota Lynx,NIGERIA,5109356.0,Jade Masogayo,,,,,21,-2
2026-04-27,401867791255,Gabby White out of bounds bad pass turnover,Out of Bounds - Bad Pass Turnover,90,False,2,5:23,36,37,Minnesota Lynx,NIGERIA,5312434.0,Gabby White,,,,,19,28
2026-04-27,401867791256,Jade Masogayo makes layup (Antonia Delaere assists),Layup Shot,95,True,2,5:11,38,37,Minnesota Lynx,NIGERIA,5109356.0,Jade Masogayo,4873358.0,Antonia Delaere,,,27,-2
2026-04-27,401867791258,Pallas Kunaiyi misses 18-foot pullup jump shot,Pullup Jump Shot,131,False,2,4:57,38,37,Minnesota Lynx,NIGERIA,3926411.0,Pallas Kunaiyi,,,,,36,15
2026-04-27,401867791259,Nia Coffey defensive rebound,Defensive Rebound,155,False,2,4:57,38,37,Minnesota Lynx,NIGERIA,3054590.0,Nia Coffey,,,,,36,15
2026-04-27,401867791260,Saylor Poffenbarger misses 22-foot three point jumper,Jump Shot,92,False,2,4:50,38,37,Minnesota Lynx,NIGERIA,4433542.0,Saylor Poffenbarger,,,,,3,-2
2026-04-27,401867791261,Gabby White defensive rebound,Defensive Rebound,155,False,2,4:45,38,37,Minnesota Lynx,NIGERIA,5312434.0,Gabby White,,,,,3,-2
2026-04-27,401867791262,Uche Izoje makes alley oop layup (Promise Amukamara assists),Alley Oop Layup Shot,111,True,2,4:41,38,39,Minnesota Lynx,NIGERIA,5312424.0,Uche Izoje,2592228.0,Promise Amukamara,,,23,1
2026-04-27,401867791264,Pallas Kunaiyi blocks Jade Masogayo 's 2-foot driving layup,Driving Layup Shot,110,False,2,4:20,38,39,Minnesota Lynx,NIGERIA,5109356.0,Jade Masogayo,3926411.0,Pallas Kunaiyi,,,26,2
2026-04-27,401867791266,Gabby White defensive rebound,Defensive Rebound,155,False,2,4:17,38,39,Minnesota Lynx,NIGERIA,5312434.0,Gabby White,,,,,26,2
2026-04-27,401867791267,Ezinne Kalu misses driving floating jump shot,Driving Floating Jump Shot,144,False,2,4:12,38,39,Minnesota Lynx,NIGERIA,2531437.0,Ezinne Kalu,,,,,23,10
2026-04-27,401867791268,Uche Izoje offensive rebound,Offensive Rebound,156,False,2,4:12,38,39,Minnesota Lynx,NIGERIA,5312424.0,Uche Izoje,,,,,23,10
2026-04-27,401867791269,Uche Izoje misses 13-foot pullup jump shot,Pullup Jump Shot,131,False,2,4:07,38,39,Minnesota Lynx,NIGERIA,5312424.0,Uche Izoje,,,,,25,13
2026-04-27,401867791270,Jade Masogayo defensive rebound,Defensive Rebound,155,False,2,4:03,38,39,Minnesota Lynx,NIGERIA,5109356.0,Jade Masogayo,,,,,25,13
2026-04-27,401867791271,Jade Masogayo misses 6-foot two point shot,Turnaround Bank Jump Shot,136,False,2,3:42,38,39,Minnesota Lynx,NIGERIA,5109356.0,Jade Masogayo,,,,,19,2
2026-04-27,401867791272,Pallas Kunaiyi defensive rebound,Defensive Rebound,155,False,2,3:39,38,39,Minnesota Lynx,NIGERIA,3926411.0,Pallas Kunaiyi,,,,,19,2
2026-04-27,401867791273,Pallas Kunaiyi 3 second turnover,3-Second Turnover,67,False,2,3:30,38,39,Minnesota Lynx,NIGERIA,3926411.0,Pallas Kunaiyi,,,,,23,11
2026-04-27,401867791274,Jaylyn Sherrod enters the game for Olivia Miles,Substitution,584,False,2,3:30,38,39,Minnesota Lynx,NIGERIA,4433386.0,Jaylyn Sherrod,4433791.0,Olivia Miles,,,-214748340,-214748365
2026-04-27,401867791275,Maryam Dauda enters the game for Pallas Kunaiyi,Substitution,584,False,2,3:30,38,39,Minnesota Lynx,NIGERIA,4434019.0,Maryam Dauda,3926411.0,Pallas Kunaiyi,,,-214748340,-214748365
2026-04-27,401867791278,"Jade Masogayo bad pass
turnover (Promise Amukamara steals)","Bad Pass
Turnover",62,False,2,3:07,38,39,Minnesota Lynx,NIGERIA,5109356.0,Jade Masogayo,2592228.0,Promise Amukamara,,,39,2
2026-04-27,401867791280,Ezinne Kalu makes 22-foot three point jumper (Promise Amukamara assists),Jump Shot,92,True,2,2:43,38,42,Minnesota Lynx,NIGERIA,2531437.0,Ezinne Kalu,2592228.0,Promise Amukamara,,,3,5
2026-04-27,401867791282,Promise Amukamara shooting foul,Shooting Foul,44,False,2,2:27,38,42,Minnesota Lynx,NIGERIA,2592228.0,Promise Amukamara,,,,,22,2
2026-04-27,401867791284,Official timeout,Official Timeout,19,False,2,2:27,38,42,Minnesota Lynx,NIGERIA,,,,,,,-214748340,-214748365
2026-04-27,401867791285,Liatu King enters the game for Jade Masogayo,Substitution,584,False,2,2:27,38,42,Minnesota Lynx,NIGERIA,4596309.0,Liatu King,5109356.0,Jade Masogayo,,,-214748340,-214748365
2026-04-27,401867791286,Suzie Rafiu enters the game for Promise Amukamara,Substitution,584,False,2,2:27,38,42,Minnesota Lynx,NIGERIA,5346853.0,Suzie Rafiu,2592228.0,Promise Amukamara,,,-214748340,-214748365
2026-04-27,401867791287,Victoria Macaulay enters the game for Uche Izoje,Substitution,584,False,2,2:27,38,42,Minnesota Lynx,NIGERIA,2491811.0,Victoria Macaulay,5312424.0,Uche Izoje,,,-214748340,-214748365
2026-04-27,401867791291,Nia Coffey makes free throw 1 of 2,Free Throw - 1 of 2,98,True,2,2:27,39,42,Minnesota Lynx,NIGERIA,3054590.0,Nia Coffey,,,,,-214748340,-214748365
2026-04-27,401867791292,Nia Coffey makes free throw 2 of 2,Free Throw - 2 of 2,99,True,2,2:27,40,42,Minnesota Lynx,NIGERIA,3054590.0,Nia Coffey,,,,,-214748340,-214748365
2026-04-27,401867791293,Victoria Macaulay misses 10-foot turnaround jump shot,Turnaround Jump Shot,114,False,2,2:12,40,42,Minnesota Lynx,NIGERIA,2491811.0,Victoria Macaulay,,,,,15,1
2026-04-27,401867791294,Nia Coffey defensive rebound,Defensive Rebound,155,False,2,2:08,40,42,Minnesota Lynx,NIGERIA,3054590.0,Nia Coffey,,,,,15,1
2026-04-27,401867791295,Nia Coffey misses running layup,Running Layup Shot,109,False,2,2:05,40,42,Minnesota Lynx,NIGERIA,3054590.0,Nia Coffey,,,,,27,3
2026-04-27,401867791296,Suzie Rafiu defensive rebound,Defensive Rebound,155,False,2,2:03,40,42,Minnesota Lynx,NIGERIA,5346853.0,Suzie Rafiu,,,,,27,3
2026-04-27,401867791297,"Ezinne Kalu bad pass
turnover","Bad Pass
Turnover",62,False,2,1:48,40,42,Minnesota Lynx,NIGERIA,2531437.0,Ezinne Kalu,,,,,22,26
2026-04-27,401867791299,Suzie Rafiu loose ball foul,Loose Ball Foul,43,False,2,1:48,40,42,Minnesota Lynx,NIGERIA,5346853.0,Suzie Rafiu,,,,,34,8
2026-04-27,401867791301,(01:48) [Nigeria] COACH'S CHALLENGE (REPLAY SUPPORTS CALL) [Nigeria] charged with a timeout,Coach's Challenge (Supported),214,False,2,1:48,40,42,Minnesota Lynx,NIGERIA,,,,,,,-214748340,-214748365
2026-04-27,401867791302,Nigeria Full timeout,Full Timeout,16,False,2,1:48,40,42,Minnesota Lynx,NIGERIA,,,,,,,-214748340,-214748365
2026-04-27,401867791303,Liatu King makes free throw 1 of 2,Free Throw - 1 of 2,98,True,2,1:48,41,42,Minnesota Lynx,NIGERIA,4596309.0,Liatu King,,,,,-214748340,-214748365
2026-04-27,401867791304,Liatu King makes free throw 2 of 2,Free Throw - 2 of 2,99,True,2,1:48,42,42,Minnesota Lynx,NIGERIA,4596309.0,Liatu King,,,,,-214748340,-214748365
2026-04-27,401867791305,Aubrey Griffin enters the game for Nia Coffey,Substitution,584,False,2,1:48,42,42,Minnesota Lynx,NIGERIA,4432844.0,Aubrey Griffin,3054590.0,Nia Coffey,,,-214748340,-214748365
2026-04-27,401867791307,Liatu King shooting foul,Shooting Foul,44,False,2,1:29,42,42,Minnesota Lynx,NIGERIA,4596309.0,Liatu King,,,,,23,3
2026-04-27,401867791309,Gabby White misses free throw 1 of 2,Free Throw - 1 of 2,98,False,2,1:29,42,42,Minnesota Lynx,NIGERIA,5312434.0,Gabby White,,,,,-214748340,-214748365
2026-04-27,401867791310,Nigeria offensive team rebound,Offensive Rebound,156,False,2,1:29,42,42,Minnesota Lynx,NIGERIA,,,,,,,-214748340,-214748365
2026-04-27,401867791311,Gabby White makes free throw 2 of 2,Free Throw - 2 of 2,99,True,2,1:29,42,43,Minnesota Lynx,NIGERIA,5312434.0,Gabby White,,,,,-214748340,-214748365
2026-04-27,401867791312,Saylor Poffenbarger misses 26-foot three point jumper,Jump Shot,92,False,2,1:15,42,43,Minnesota Lynx,NIGERIA,4433542.0,Saylor Poffenbarger,,,,,41,20
2026-04-27,401867791313,Victoria Macaulay defensive rebound,Defensive Rebound,155,False,2,1:09,42,43,Minnesota Lynx,NIGERIA,2491811.0,Victoria Macaulay,,,,,41,20
2026-04-27,401867791314,"Ezinne Kalu bad pass
turnover (Jaylyn Sherrod steals)","Bad Pass
Turnover",62,False,2,53.6,42,43,Minnesota Lynx,NIGERIA,2531437.0,Ezinne Kalu,4433386.0,Jaylyn Sherrod,,,22,33
2026-04-27,401867791316,Jaylyn Sherrod makes running layup,Running Layup Shot,109,True,2,51.2,44,43,Minnesota Lynx,NIGERIA,4433386.0,Jaylyn Sherrod,,,,,25,0
2026-04-27,401867791317,Ezinne Kalu misses 24-foot three point pullup jump shot,Pullup Jump Shot,131,False,2,29.6,44,43,Minnesota Lynx,NIGERIA,2531437.0,Ezinne Kalu,,,,,36,22
2026-04-27,401867791318,Saylor Poffenbarger defensive rebound,Defensive Rebound,155,False,2,27.2,44,43,Minnesota Lynx,NIGERIA,4433542.0,Saylor Poffenbarger,,,,,36,22
2026-04-27,401867791319,Gabby White shooting foul,Shooting Foul,44,False,2,8.2,44,43,Minnesota Lynx,NIGERIA,5312434.0,Gabby White,,,,,23,1
2026-04-27,401867791321,Jaylyn Sherrod makes free throw 1 of 2,Free Throw - 1 of 2,98,True,2,8.2,45,43,Minnesota Lynx,NIGERIA,4433386.0,Jaylyn Sherrod,,,,,-214748340,-214748365
2026-04-27,401867791322,Nia Coffey enters the game for Liatu King,Substitution,584,False,2,8.2,45,43,Minnesota Lynx,NIGERIA,3054590.0,Nia Coffey,4596309.0,Liatu King,,,-214748340,-214748365
2026-04-27,401867791323,Promise Amukamara enters the game for Maryam Dauda,Substitution,584,False,2,8.2,45,43,Minnesota Lynx,NIGERIA,2592228.0,Promise Amukamara,4434019.0,Maryam Dauda,,,-214748340,-214748365
2026-04-27,401867791324,Pallas Kunaiyi enters the game for Ezinne Kalu,Substitution,584,False,2,8.2,45,43,Minnesota Lynx,NIGERIA,3926411.0,Pallas Kunaiyi,2531437.0,Ezinne Kalu,,,-214748340,-214748365
2026-04-27,401867791332,Jaylyn Sherrod makes free throw 2 of 2,Free Throw - 2 of 2,99,True,2,8.2,46,43,Minnesota Lynx,NIGERIA,4433386.0,Jaylyn Sherrod,,,,,-214748340,-214748365
2026-04-27,401867791337,Uche Izoje enters the game for Suzie Rafiu,Substitution,584,False,2,8.2,46,43,Minnesota Lynx,NIGERIA,5312424.0,Uche Izoje,5346853.0,Suzie Rafiu,,,-214748340,-214748365
2026-04-27,401867791333,Saylor Poffenbarger blocks Gabby White 's 2-foot driving layup,Driving Layup Shot,110,False,2,1.0,46,43,Minnesota Lynx,NIGERIA,5312434.0,Gabby White,4433542.0,Saylor Poffenbarger,,,28,1
2026-04-27,401867791335,Nigeria offensive team rebound,Offensive Rebound,156,False,2,1.0,46,43,Minnesota Lynx,NIGERIA,,,,,,,28,1
2026-04-27,401867791336,End of the 2nd Quarter,End Period,412,False,2,0.0,46,43,Minnesota Lynx,NIGERIA,,,,,,,-214748340,-214748365
2026-04-27,401867791338,Olivia Miles enters the game for Jaylyn Sherrod,Substitution,584,False,3,10:00,46,43,Minnesota Lynx,NIGERIA,4433791.0,Olivia Miles,4433386.0,Jaylyn Sherrod,,,-214748340,-214748365
2026-04-27,401867791339,Courtney Williams enters the game for Aubrey Griffin,Substitution,584,False,3,10:00,46,43,Minnesota Lynx,NIGERIA,2987891.0,Courtney Williams,4432844.0,Aubrey Griffin,,,-214748340,-214748365
2026-04-27,401867791340,Suzie Rafiu enters the game for Gabby White,Substitution,584,False,3,10:00,46,43,Minnesota Lynx,NIGERIA,5346853.0,Suzie Rafiu,5312434.0,Gabby White,,,-214748340,-214748365
2026-04-27,401867791341,Ezinne Kalu enters the game for Uche Izoje,Substitution,584,False,3,10:00,46,43,Minnesota Lynx,NIGERIA,2531437.0,Ezinne Kalu,5312424.0,Uche Izoje,,,-214748340,-214748365
2026-04-27,401867791347,Victoria Macaulay misses 11-foot pullup jump shot,Pullup Jump Shot,131,False,3,9:44,46,43,Minnesota Lynx,NIGERIA,2491811.0,Victoria Macaulay,,,,,13,0
2026-04-27,401867791348,Antonia Delaere defensive rebound,Defensive Rebound,155,False,3,9:40,46,43,Minnesota Lynx,NIGERIA,4873358.0,Antonia Delaere,,,,,13,0
2026-04-27,401867791349,Courtney Williams makes 20-foot running pullup jump shot,Running Pullup Jump Shot,146,True,3,9:36,48,43,Minnesota Lynx,NIGERIA,2987891.0,Courtney Williams,,,,,29,20
2026-04-27,401867791350,Pallas Kunaiyi makes driving layup,Driving Layup Shot,110,True,3,9:16,48,45,Minnesota Lynx,NIGERIA,3926411.0,Pallas Kunaiyi,,,,,24,1
2026-04-27,401867791351,Saylor Poffenbarger shooting foul,Shooting Foul,44,False,3,9:16,48,45,Minnesota Lynx,NIGERIA,4433542.0,Saylor Poffenbarger,,,,,24,1
2026-04-27,401867791353,Pallas Kunaiyi makes free throw 1 of 1,Free Throw - 1 of 1,97,True,3,9:16,48,46,Minnesota Lynx,NIGERIA,3926411.0,Pallas Kunaiyi,,,,,-214748340,-214748365
2026-04-27,401867791362,Olivia Miles misses 8-foot floating jump shot,Floating Jump Shot,130,False,3,9:05,48,46,Minnesota Lynx,NIGERIA,4433791.0,Olivia Miles,,,,,28,8
2026-04-27,401867791363,Ezinne Kalu defensive rebound,Defensive Rebound,155,False,3,9:04,48,46,Minnesota Lynx,NIGERIA,2531437.0,Ezinne Kalu,,,,,28,8
2026-04-27,401867791356,Pallas Kunaiyi misses driving layup,Driving Layup Shot,110,False,3,8:56,48,46,Minnesota Lynx,NIGERIA,3926411.0,Pallas Kunaiyi,,,,,27,2
2026-04-27,401867791357,Lynx defensive team rebound,Defensive Rebound,155,False,3,8:56,48,46,Minnesota Lynx,NIGERIA,,,,,,,27,2
2026-04-27,401867791359,Saylor Poffenbarger out of bounds bad pass turnover,Out of Bounds - Bad Pass Turnover,90,False,3,8:39,48,46,Minnesota Lynx,NIGERIA,4433542.0,Saylor Poffenbarger,,,,,33,0
2026-04-27,401867791360,Ezinne Kalu out of bounds bad pass turnover,Out of Bounds - Bad Pass Turnover,90,False,3,8:30,48,46,Minnesota Lynx,NIGERIA,2531437.0,Ezinne Kalu,,,,,19,7
2026-04-27,401867791361,Olivia Miles misses 27-foot three point pullup jump shot,Pullup Jump Shot,131,False,3,8:12,48,46,Minnesota Lynx,NIGERIA,4433791.0,Olivia Miles,,,,,21,27
2026-04-27,401867791364,Olivia Miles offensive rebound,Offensive Rebound,156,False,3,8:09,48,46,Minnesota Lynx,NIGERIA,4433791.0,Olivia Miles,,,,,21,27
2026-04-27,401867791365,Antonia Delaere makes 24-foot three point jumper (Olivia Miles assists),Jump Shot,92,True,3,8:07,51,46,Minnesota Lynx,NIGERIA,4873358.0,Antonia Delaere,4433791.0,Olivia Miles,,,45,14
2026-04-27,401867791367,Victoria Macaulay misses 17-foot jumper,Jump Shot,92,False,3,7:45,51,46,Minnesota Lynx,NIGERIA,2491811.0,Victoria Macaulay,,,,,30,16
2026-04-27,401867791368,Olivia Miles defensive rebound,Defensive Rebound,155,False,3,7:45,51,46,Minnesota Lynx,NIGERIA,4433791.0,Olivia Miles,,,,,30,16
2026-04-27,401867791369,Pallas Kunaiyi personal foul,Personal Foul,45,False,3,7:31,51,46,Minnesota Lynx,NIGERIA,3926411.0,Pallas Kunaiyi,,,,,25,10
2026-04-27,401867791371,Jaylyn Sherrod enters the game for Courtney Williams,Substitution,584,False,3,7:31,51,46,Minnesota Lynx,NIGERIA,4433386.0,Jaylyn Sherrod,2987891.0,Courtney Williams,,,-214748340,-214748365
2026-04-27,401867791373,Nia Coffey makes 2-foot two point shot (Saylor Poffenbarger assists),Driving Finger Roll Layup,128,True,3,7:26,53,46,Minnesota Lynx,NIGERIA,3054590.0,Nia Coffey,4433542.0,Saylor Poffenbarger,,,24,2
2026-04-27,401867791375,Blessing Ejiofor enters the game for Suzie Rafiu,Substitution,584,False,3,7:01,53,46,Minnesota Lynx,NIGERIA,4280899.0,Blessing Ejiofor,5346853.0,Suzie Rafiu,,,-214748340,-214748365
2026-04-27,401867791376,Uche Izoje enters the game for Pallas Kunaiyi,Substitution,584,False,3,7:01,53,46,Minnesota Lynx,NIGERIA,5312424.0,Uche Izoje,3926411.0,Pallas Kunaiyi,,,-214748340,-214748365
2026-04-27,401867791379,Victoria Macaulay vs. Jaylyn Sherrod (Blessing Ejiofor gains possession),Jumpball,615,False,3,7:01,53,46,Minnesota Lynx,NIGERIA,2491811.0,Victoria Macaulay,4433386.0,Jaylyn Sherrod,4280899.0,Blessing Ejiofor,-214748340,-214748365
2026-04-27,401867791382,shot clock turnover ,Shot Clock Turnover,70,False,3,6:58,53,46,Minnesota Lynx,NIGERIA,,,,,,,11,20
2026-04-27,401867791383,Gabby White enters the game for Victoria Macaulay,Substitution,584,False,3,6:58,53,46,Minnesota Lynx,NIGERIA,5312434.0,Gabby White,2491811.0,Victoria Macaulay,,,-214748340,-214748365
2026-04-27,401867791385,Gabby White personal foul,Personal Foul,45,False,3,6:49,53,46,Minnesota Lynx,NIGERIA,5312434.0,Gabby White,,,,,28,5
2026-04-27,401867791387,Uche Izoje personal foul,Personal Foul,45,False,3,6:43,53,46,Minnesota Lynx,NIGERIA,5312424.0,Uche Izoje,,,,,17,3
2026-04-27,401867791389,Promise Amukamara shooting foul,Shooting Foul,44,False,3,6:40,53,46,Minnesota Lynx,NIGERIA,2592228.0,Promise Amukamara,,,,,26,3
2026-04-27,401867791391,Olivia Miles makes free throw 1 of 2,Free Throw - 1 of 2,98,True,3,6:40,54,46,Minnesota Lynx,NIGERIA,4433791.0,Olivia Miles,,,,,-214748340,-214748365
2026-04-27,401867791392,Olivia Miles misses free throw 2 of 2,Free Throw - 2 of 2,99,False,3,6:40,54,46,Minnesota Lynx,NIGERIA,4433791.0,Olivia Miles,,,,,-214748340,-214748365
2026-04-27,401867791393,Uche Izoje defensive rebound,Defensive Rebound,155,False,3,6:37,54,46,Minnesota Lynx,NIGERIA,5312424.0,Uche Izoje,,,,,-214748340,-214748365
2026-04-27,401867791394,Jaylyn Sherrod shooting foul,Shooting Foul,44,False,3,6:18,54,46,Minnesota Lynx,NIGERIA,4433386.0,Jaylyn Sherrod,,,,,18,24
2026-04-27,401867791396,Ezinne Kalu makes free throw 1 of 3,Free Throw - 1 of 3,100,True,3,6:18,54,47,Minnesota Lynx,NIGERIA,2531437.0,Ezinne Kalu,,,,,-214748340,-214748365
2026-04-27,401867791397,Ezinne Kalu makes free throw 2 of 3,Free Throw - 2 of 3,101,True,3,6:18,54,48,Minnesota Lynx,NIGERIA,2531437.0,Ezinne Kalu,,,,,-214748340,-214748365
2026-04-27,401867791398,Ezinne Kalu makes free throw 3 of 3,Free Throw - 3 of 3,102,True,3,6:18,54,49,Minnesota Lynx,NIGERIA,2531437.0,Ezinne Kalu,,,,,-214748340,-214748365
2026-04-27,401867791399,Saylor Poffenbarger misses 24-foot three point jumper,Jump Shot,92,False,3,6:07,54,49,Minnesota Lynx,NIGERIA,4433542.0,Saylor Poffenbarger,,,,,35,22
2026-04-27,401867791400,Olivia Miles offensive rebound,Offensive Rebound,156,False,3,6:04,54,49,Minnesota Lynx,NIGERIA,4433791.0,Olivia Miles,,,,,35,22
2026-04-27,401867791401,Saylor Poffenbarger makes 18-foot jumper (Olivia Miles assists),Jump Shot,92,True,3,5:57,56,49,Minnesota Lynx,NIGERIA,4433542.0,Saylor Poffenbarger,4433791.0,Olivia Miles,,,7,2
2026-04-27,401867791403,Blessing Ejiofor makes 13-foot jumper (Gabby White assists),Jump Shot,92,True,3,5:31,56,51,Minnesota Lynx,NIGERIA,4280899.0,Blessing Ejiofor,5312434.0,Gabby White,,,12,-1
2026-04-27,401867791405,Ezinne Kalu shooting foul,Shooting Foul,44,False,3,5:24,56,51,Minnesota Lynx,NIGERIA,2531437.0,Ezinne Kalu,,,,,21,1
2026-04-27,401867791407,Jaylyn Sherrod makes free throw 1 of 2,Free Throw - 1 of 2,98,True,3,5:24,57,51,Minnesota Lynx,NIGERIA,4433386.0,Jaylyn Sherrod,,,,,-214748340,-214748365
2026-04-27,401867791408,Jaylyn Sherrod makes free throw 2 of 2,Free Throw - 2 of 2,99,True,3,5:24,58,51,Minnesota Lynx,NIGERIA,4433386.0,Jaylyn Sherrod,,,,,-214748340,-214748365
2026-04-27,401867791409,Ezinne Kalu misses 11-foot turnaround jump shot,Turnaround Jump Shot,114,False,3,5:00,58,51,Minnesota Lynx,NIGERIA,2531437.0,Ezinne Kalu,,,,,24,11
2026-04-27,401867791410,Nigeria offensive team rebound,Offensive Rebound,156,False,3,5:00,58,51,Minnesota Lynx,NIGERIA,,,,,,,24,11
2026-04-27,401867791411,shot clock turnover ,Shot Clock Turnover,70,False,3,5:00,58,51,Minnesota Lynx,NIGERIA,,,,,,,21,5
2026-04-27,401867791412,Promise Amukamara shooting foul,Shooting Foul,44,False,3,4:41,58,51,Minnesota Lynx,NIGERIA,2592228.0,Promise Amukamara,,,,,29,8
2026-04-27,401867791414,Official timeout,Official Timeout,19,False,3,4:41,58,51,Minnesota Lynx,NIGERIA,,,,,,,-214748340,-214748365
2026-04-27,401867791415,(04:41) [Nigeria] REF-INITIATED REVIEW (REPLAY SUPPORTS CALL),Ref-Initiated Review (Supported),278,False,3,4:41,58,51,Minnesota Lynx,NIGERIA,,,,,,,-214748340,-214748365
2026-04-27,401867791416,Regina Donanu enters the game for Promise Amukamara,Substitution,584,False,3,4:41,58,51,Minnesota Lynx,NIGERIA,5346854.0,Regina Donanu,2592228.0,Promise Amukamara,,,-214748340,-214748365
2026-04-27,401867791418,Olivia Miles makes free throw 1 of 2,Free Throw - 1 of 2,98,True,3,4:41,59,51,Minnesota Lynx,NIGERIA,4433791.0,Olivia Miles,,,,,-214748340,-214748365
2026-04-27,401867791419,Olivia Miles misses free throw 2 of 2,Free Throw - 2 of 2,99,False,3,4:41,59,51,Minnesota Lynx,NIGERIA,4433791.0,Olivia Miles,,,,,-214748340,-214748365
2026-04-27,401867791420,Nigeria defensive team rebound,Defensive Rebound,155,False,3,4:38,59,51,Minnesota Lynx,NIGERIA,,,,,,,-214748340,-214748365
2026-04-27,401867791422,"Ezinne Kalu bad pass
turnover (Antonia Delaere steals)","Bad Pass
Turnover",62,False,3,4:18,59,51,Minnesota Lynx,NIGERIA,2531437.0,Ezinne Kalu,4873358.0,Antonia Delaere,,,11,5
2026-04-27,401867791424,Nia Coffey makes driving layup (Antonia Delaere assists),Driving Layup Shot,110,True,3,4:02,61,51,Minnesota Lynx,NIGERIA,3054590.0,Nia Coffey,4873358.0,Antonia Delaere,,,23,2
2026-04-27,401867791426,Gabby White makes driving layup,Driving Layup Shot,110,True,3,3:43,61,53,Minnesota Lynx,NIGERIA,5312434.0,Gabby White,,,,,21,1
2026-04-27,401867791427,Olivia Miles makes two point shot (Nia Coffey assists),Layup Driving Reverse,126,True,3,3:25,63,53,Minnesota Lynx,NIGERIA,4433791.0,Olivia Miles,3054590.0,Nia Coffey,,,24,2
2026-04-27,401867791429,Gabby White makes 15-foot pullup jump shot,Pullup Jump Shot,131,True,3,2:56,63,55,Minnesota Lynx,NIGERIA,5312434.0,Gabby White,,,,,26,16
2026-04-27,401867791430,Saylor Poffenbarger misses 23-foot three point jumper,Jump Shot,92,False,3,2:39,63,55,Minnesota Lynx,NIGERIA,4433542.0,Saylor Poffenbarger,,,,,48,5
2026-04-27,401867791431,Gabby White defensive rebound,Defensive Rebound,155,False,3,2:36,63,55,Minnesota Lynx,NIGERIA,5312434.0,Gabby White,,,,,48,5
2026-04-27,401867791432,Gabby White misses driving layup,Driving Layup Shot,110,False,3,2:26,63,55,Minnesota Lynx,NIGERIA,5312434.0,Gabby White,,,,,20,2
2026-04-27,401867791433,Uche Izoje offensive rebound,Offensive Rebound,156,False,3,2:24,63,55,Minnesota Lynx,NIGERIA,5312424.0,Uche Izoje,,,,,20,2
2026-04-27,401867791434,Nia Coffey blocks Uche Izoje 's 3-foot two point shot,Layup Shot Putback,125,False,3,2:23,63,55,Minnesota Lynx,NIGERIA,5312424.0,Uche Izoje,3054590.0,Nia Coffey,,,22,1
2026-04-27,401867791436,Saylor Poffenbarger defensive rebound,Defensive Rebound,155,False,3,2:23,63,55,Minnesota Lynx,NIGERIA,4433542.0,Saylor Poffenbarger,,,,,22,1
2026-04-27,401867791437,Saylor Poffenbarger misses 25-foot three point jumper,Jump Shot,92,False,3,2:14,63,55,Minnesota Lynx,NIGERIA,4433542.0,Saylor Poffenbarger,,,,,20,25
2026-04-27,401867791438,Blessing Ejiofor defensive rebound,Defensive Rebound,155,False,3,2:11,63,55,Minnesota Lynx,NIGERIA,4280899.0,Blessing Ejiofor,,,,,20,25
2026-04-27,401867791439,Blessing Ejiofor makes layup (Uche Izoje assists),Layup Shot,95,True,3,1:57,63,57,Minnesota Lynx,NIGERIA,4280899.0,Blessing Ejiofor,5312424.0,Uche Izoje,,,27,1
2026-04-27,401867791441,Jaylyn Sherrod lost ball turnover (Blessing Ejiofor steals),Lost Ball Turnover,63,False,3,1:39,63,57,Minnesota Lynx,NIGERIA,4433386.0,Jaylyn Sherrod,4280899.0,Blessing Ejiofor,,,21,1
2026-04-27,401867791443,Nia Coffey shooting foul,Shooting Foul,44,False,3,1:31,63,57,Minnesota Lynx,NIGERIA,3054590.0,Nia Coffey,,,,,25,2
2026-04-27,401867791445,Ezinne Kalu makes free throw 1 of 2,Free Throw - 1 of 2,98,True,3,1:31,63,58,Minnesota Lynx,NIGERIA,2531437.0,Ezinne Kalu,,,,,-214748340,-214748365
2026-04-27,401867791446,Liatu King enters the game for Olivia Miles,Substitution,584,False,3,1:31,63,58,Minnesota Lynx,NIGERIA,4596309.0,Liatu King,4433791.0,Olivia Miles,,,-214748340,-214748365
2026-04-27,401867791447,Aubrey Griffin enters the game for Antonia Delaere,Substitution,584,False,3,1:31,63,58,Minnesota Lynx,NIGERIA,4432844.0,Aubrey Griffin,4873358.0,Antonia Delaere,,,-214748340,-214748365
2026-04-27,401867791448,Eliska Hamzova enters the game for Saylor Poffenbarger,Substitution,584,False,3,1:31,63,58,Minnesota Lynx,NIGERIA,5345478.0,Eliska Joklova,4433542.0,Saylor Poffenbarger,,,-214748340,-214748365
2026-04-27,401867791449,Reigan Richardson enters the game for Nia Coffey,Substitution,584,False,3,1:31,63,58,Minnesota Lynx,NIGERIA,4433543.0,Reigan Richardson,3054590.0,Nia Coffey,,,-214748340,-214748365
2026-04-27,401867791450,Vera Ojenuwa enters the game for Uche Izoje,Substitution,584,False,3,1:31,63,58,Minnesota Lynx,NIGERIA,5346856.0,Vera Ojenuwa,5312424.0,Uche Izoje,,,-214748340,-214748365
2026-04-27,401867791456,Ezinne Kalu makes free throw 2 of 2,Free Throw - 2 of 2,99,True,3,1:31,63,59,Minnesota Lynx,NIGERIA,2531437.0,Ezinne Kalu,,,,,-214748340,-214748365
2026-04-27,401867791457,Jaylyn Sherrod misses 14-foot step back jumpshot,Step Back Jump Shot,132,False,3,1:09,63,59,Minnesota Lynx,NIGERIA,4433386.0,Jaylyn Sherrod,,,,,18,12
2026-04-27,401867791458,Liatu King offensive rebound,Offensive Rebound,156,False,3,1:05,63,59,Minnesota Lynx,NIGERIA,4596309.0,Liatu King,,,,,18,12
2026-04-27,401867791459,Eliska Hamzova makes 23-foot three point jumper (Liatu King assists),Jump Shot,92,True,3,1:04,66,59,Minnesota Lynx,NIGERIA,5345478.0,Eliska Joklova,4596309.0,Liatu King,,,41,17
2026-04-27,401867791461,Eliska Hamzova personal foul,Personal Foul,45,False,3,48.0,66,59,Minnesota Lynx,NIGERIA,5345478.0,Eliska Joklova,,,,,38,23
2026-04-27,401867791463,Gabby White misses free throw 1 of 2,Free Throw - 1 of 2,98,False,3,48.0,66,59,Minnesota Lynx,NIGERIA,5312434.0,Gabby White,,,,,-214748340,-214748365
2026-04-27,401867791464,Nigeria offensive team rebound,Offensive Rebound,156,False,3,48.0,66,59,Minnesota Lynx,NIGERIA,,,,,,,-214748340,-214748365
2026-04-27,401867791467,Gabby White misses free throw 2 of 2,Free Throw - 2 of 2,99,False,3,48.0,66,59,Minnesota Lynx,NIGERIA,5312434.0,Gabby White,,,,,-214748340,-214748365
2026-04-27,401867791500,Promise Amukamara enters the game for Ezinne Kalu,Substitution,584,False,3,48.0,66,59,Minnesota Lynx,NIGERIA,2592228.0,Promise Amukamara,2531437.0,Ezinne Kalu,,,-214748340,-214748365
2026-04-27,401867791468,Reigan Richardson defensive rebound,Defensive Rebound,155,False,3,46.1,66,59,Minnesota Lynx,NIGERIA,4433543.0,Reigan Richardson,,,,,-214748340,-214748365
2026-04-27,401867791492,Eliska Hamzova misses two point shot,Running Finger Roll Layup,129,False,3,40.5,66,59,Minnesota Lynx,NIGERIA,5345478.0,Eliska Joklova,,,,,24,0
2026-04-27,401867791493,Blessing Ejiofor defensive rebound,Defensive Rebound,155,False,3,39.1,66,59,Minnesota Lynx,NIGERIA,4280899.0,Blessing Ejiofor,,,,,24,0
2026-04-27,401867791470,Blessing Ejiofor vs. Eliska Hamzova (Promise Amukamara gains possession),Jumpball,615,False,3,37.3,66,59,Minnesota Lynx,NIGERIA,4280899.0,Blessing Ejiofor,5345478.0,Eliska Joklova,2592228.0,Promise Amukamara,-214748340,-214748365
2026-04-27,401867791552,Aubrey Griffin shooting foul,Shooting Foul,44,False,3,20.9,66,59,Minnesota Lynx,NIGERIA,4432844.0,Aubrey Griffin,,,,,29,2
2026-04-27,401867791555,Blessing Ejiofor misses free throw 1 of 2,Free Throw - 1 of 2,98,False,3,20.9,66,59,Minnesota Lynx,NIGERIA,4280899.0,Blessing Ejiofor,,,,,-214748340,-214748365
2026-04-27,401867791556,Nigeria offensive team rebound,Offensive Rebound,156,False,3,20.9,66,59,Minnesota Lynx,NIGERIA,,,,,,,-214748340,-214748365
2026-04-27,401867791557,Blessing Ejiofor misses free throw 2 of 2,Free Throw - 2 of 2,99,False,3,20.9,66,59,Minnesota Lynx,NIGERIA,4280899.0,Blessing Ejiofor,,,,,-214748340,-214748365
2026-04-27,401867791559,Jerni Kiaku enters the game for Regina Donanu,Substitution,584,False,3,20.9,66,59,Minnesota Lynx,NIGERIA,5346857.0,Jerni Kiaku,5346854.0,Regina Donanu,,,-214748340,-214748365
2026-04-27,401867791558,Lynx defensive team rebound,Defensive Rebound,155,False,3,19.8,66,59,Minnesota Lynx,NIGERIA,,,,,,,-214748340,-214748365
2026-04-27,401867791484,Blessing Ejiofor shooting foul,Shooting Foul,44,False,3,0.9,66,59,Minnesota Lynx,NIGERIA,4280899.0,Blessing Ejiofor,,,,,24,6
2026-04-27,401867791487,(00:00.9) [Nigeria] REF-INITIATED REVIEW (REPLAY SUPPORTS CALL),Ref-Initiated Review (Supported),278,False,3,0.9,66,59,Minnesota Lynx,NIGERIA,,,,,,,-214748340,-214748365
2026-04-27,401867791488,Eliska Hamzova misses free throw 1 of 2,Free Throw - 1 of 2,98,False,3,0.9,66,59,Minnesota Lynx,NIGERIA,5345478.0,Eliska Joklova,,,,,-214748340,-214748365
2026-04-27,401867791489,Lynx offensive team rebound,Offensive Rebound,156,False,3,0.9,66,59,Minnesota Lynx,NIGERIA,,,,,,,-214748340,-214748365
2026-04-27,401867791490,Eliska Hamzova makes free throw 2 of 2,Free Throw - 2 of 2,99,True,3,0.9,67,59,Minnesota Lynx,NIGERIA,5345478.0,Eliska Joklova,,,,,-214748340,-214748365
2026-04-27,401867791491,End of the 3rd Quarter,End Period,412,False,3,0.0,67,59,Minnesota Lynx,NIGERIA,,,,,,,-214748340,-214748365
2026-04-27,401867791494,Lani White enters the game for Jaylyn Sherrod,Substitution,584,False,4,10:00,67,59,Minnesota Lynx,NIGERIA,5105748.0,Lani White,4433386.0,Jaylyn Sherrod,,,-214748340,-214748365
2026-04-27,401867791495,Victoria Macaulay enters the game for Jerni Kiaku,Substitution,584,False,4,10:00,67,59,Minnesota Lynx,NIGERIA,2491811.0,Victoria Macaulay,5346857.0,Jerni Kiaku,,,-214748340,-214748365
2026-04-27,401867791502,Lani White makes 23-foot three point jumper (Liatu King assists),Jump Shot,92,True,4,9:47,70,59,Minnesota Lynx,NIGERIA,5105748.0,Lani White,4596309.0,Liatu King,,,45,12
2026-04-27,401867791504,Promise Amukamara makes 24-foot three point step back jumpshot,Step Back Jump Shot,132,True,4,9:21,70,62,Minnesota Lynx,NIGERIA,2592228.0,Promise Amukamara,,,,,41,18
2026-04-27,401867791505,Eliska Hamzova lost ball turnover (Gabby White steals),Lost Ball Turnover,63,False,4,9:05,70,62,Minnesota Lynx,NIGERIA,5345478.0,Eliska Joklova,5312434.0,Gabby White,,,28,10
2026-04-27,401867791507,Vera Ojenuwa traveling turnover,Traveling,64,False,4,8:55,70,62,Minnesota Lynx,NIGERIA,5346856.0,Vera Ojenuwa,,,,,25,1
2026-04-27,401867791508,Ezinne Kalu enters the game for Gabby White,Substitution,584,False,4,8:55,70,62,Minnesota Lynx,NIGERIA,2531437.0,Ezinne Kalu,5312434.0,Gabby White,,,-214748340,-214748365
2026-04-27,401867791510,Reigan Richardson misses 22-foot three point jumper,Jump Shot,92,False,4,8:36,70,62,Minnesota Lynx,NIGERIA,4433543.0,Reigan Richardson,,,,,2,3
2026-04-27,401867791511,Eliska Hamzova offensive rebound,Offensive Rebound,156,False,4,8:33,70,62,Minnesota Lynx,NIGERIA,5345478.0,Eliska Joklova,,,,,2,3
2026-04-27,401867791512,Eliska Hamzova misses driving floating jump shot,Driving Floating Jump Shot,144,False,4,8:22,70,62,Minnesota Lynx,NIGERIA,5345478.0,Eliska Joklova,,,,,34,10
2026-04-27,401867791513,Victoria Macaulay defensive rebound,Defensive Rebound,155,False,4,8:17,70,62,Minnesota Lynx,NIGERIA,2491811.0,Victoria Macaulay,,,,,34,10
2026-04-27,401867791514,Victoria Macaulay misses 24-foot three point jumper,Jump Shot,92,False,4,8:09,70,62,Minnesota Lynx,NIGERIA,2491811.0,Victoria Macaulay,,,,,5,13
2026-04-27,401867791515,Lani White defensive rebound,Defensive Rebound,155,False,4,8:06,70,62,Minnesota Lynx,NIGERIA,5105748.0,Lani White,,,,,5,13
2026-04-27,401867791516,Eliska Hamzova traveling turnover,Traveling,64,False,4,8:01,70,62,Minnesota Lynx,NIGERIA,5345478.0,Eliska Joklova,,,,,24,7
2026-04-27,401867791518,Ezinne Kalu misses 23-foot three point jumper,Jump Shot,92,False,4,7:50,70,62,Minnesota Lynx,NIGERIA,2531437.0,Ezinne Kalu,,,,,2,-1
2026-04-27,401867791519,Liatu King defensive rebound,Defensive Rebound,155,False,4,7:46,70,62,Minnesota Lynx,NIGERIA,4596309.0,Liatu King,,,,,2,-1
2026-04-27,401867791520,Reigan Richardson makes running layup (Liatu King assists),Running Layup Shot,109,True,4,7:44,72,62,Minnesota Lynx,NIGERIA,4433543.0,Reigan Richardson,4596309.0,Liatu King,,,24,3
2026-04-27,401867791522,Aubrey Griffin personal foul,Personal Foul,45,False,4,7:34,72,62,Minnesota Lynx,NIGERIA,4432844.0,Aubrey Griffin,,,,,18,5
2026-04-27,401867791524,Saylor Poffenbarger enters the game for Aubrey Griffin,Substitution,584,False,4,7:34,72,62,Minnesota Lynx,NIGERIA,4433542.0,Saylor Poffenbarger,4432844.0,Aubrey Griffin,,,-214748340,-214748365
2026-04-27,401867791525,Uche Izoje enters the game for Vera Ojenuwa,Substitution,584,False,4,7:34,72,62,Minnesota Lynx,NIGERIA,5312424.0,Uche Izoje,5346856.0,Vera Ojenuwa,,,-214748340,-214748365
2026-04-27,401867791528,Promise Amukamara misses 24-foot three point jumper,Jump Shot,92,False,4,7:26,72,62,Minnesota Lynx,NIGERIA,2592228.0,Promise Amukamara,,,,,3,11
2026-04-27,401867791529,Blessing Ejiofor offensive rebound,Offensive Rebound,156,False,4,7:24,72,62,Minnesota Lynx,NIGERIA,4280899.0,Blessing Ejiofor,,,,,3,11
2026-04-27,401867791530,Eliska Hamzova blocks Blessing Ejiofor's driving layup,Driving Layup Shot,110,False,4,7:21,72,62,Minnesota Lynx,NIGERIA,4280899.0,Blessing Ejiofor,5345478.0,Eliska Joklova,,,26,3
2026-04-27,401867791531,Saylor Poffenbarger defensive rebound,Defensive Rebound,155,False,4,7:19,72,62,Minnesota Lynx,NIGERIA,4433542.0,Saylor Poffenbarger,,,,,26,3
2026-04-27,401867791533,Liatu King makes 10-foot jumper (Eliska Hamzova assists),Jump Shot,92,True,4,7:06,74,62,Minnesota Lynx,NIGERIA,4596309.0,Liatu King,5345478.0,Eliska Joklova,,,25,11
2026-04-27,401867791535,Uche Izoje misses two point shot,Driving Finger Roll Layup,128,False,4,6:50,74,62,Minnesota Lynx,NIGERIA,5312424.0,Uche Izoje,,,,,31,3
2026-04-27,401867791536,Liatu King defensive rebound,Defensive Rebound,155,False,4,6:47,74,62,Minnesota Lynx,NIGERIA,4596309.0,Liatu King,,,,,31,3
2026-04-27,401867791537,Lani White makes running layup (Eliska Hamzova assists),Running Layup Shot,109,True,4,6:43,76,62,Minnesota Lynx,NIGERIA,5105748.0,Lani White,5345478.0,Eliska Joklova,,,24,2
2026-04-27,401867791539,Nigeria Full timeout,Full Timeout,16,False,4,6:42,76,62,Minnesota Lynx,NIGERIA,,,,,,,-214748340,-214748365
2026-04-27,401867791540,Pallas Kunaiyi enters the game for Blessing Ejiofor,Substitution,584,False,4,6:42,76,62,Minnesota Lynx,NIGERIA,3926411.0,Pallas Kunaiyi,4280899.0,Blessing Ejiofor,,,-214748340,-214748365
2026-04-27,401867791542,Eliska Hamzova personal foul,Personal Foul,45,False,4,6:27,76,62,Minnesota Lynx,NIGERIA,5345478.0,Eliska Joklova,,,,,23,9
2026-04-27,401867791544,Gabby White enters the game for Victoria Macaulay,Substitution,584,False,4,6:27,76,62,Minnesota Lynx,NIGERIA,5312434.0,Gabby White,2491811.0,Victoria Macaulay,,,-214748340,-214748365
2026-04-27,401867791546,Saylor Poffenbarger personal foul,Personal Foul,45,False,4,6:27,76,62,Minnesota Lynx,NIGERIA,4433542.0,Saylor Poffenbarger,,,,,17,0
2026-04-27,401867791548,Eliska Hamzova personal foul,Personal Foul,45,False,4,6:26,76,62,Minnesota Lynx,NIGERIA,5345478.0,Eliska Joklova,,,,,20,6
2026-04-27,401867791550,Eliska Hamzova shooting foul,Shooting Foul,44,False,4,6:17,76,62,Minnesota Lynx,NIGERIA,5345478.0,Eliska Joklova,,,,,23,2
2026-04-27,401867791554,Lynx Full timeout,Full Timeout,16,False,4,6:17,76,62,Minnesota Lynx,NIGERIA,,,,,,,-214748340,-214748365
2026-04-27,401867791561,Jaylyn Sherrod enters the game for Eliska Hamzova,Substitution,584,False,4,6:17,76,62,Minnesota Lynx,NIGERIA,4433386.0,Jaylyn Sherrod,5345478.0,Eliska Joklova,,,-214748340,-214748365
2026-04-27,401867791563,Pallas Kunaiyi misses free throw 1 of 2,Free Throw - 1 of 2,98,False,4,6:17,76,62,Minnesota Lynx,NIGERIA,3926411.0,Pallas Kunaiyi,,,,,-214748340,-214748365
2026-04-27,401867791564,Nigeria offensive team rebound,Offensive Rebound,156,False,4,6:17,76,62,Minnesota Lynx,NIGERIA,,,,,,,-214748340,-214748365
2026-04-27,401867791565,Pallas Kunaiyi makes free throw 2 of 2,Free Throw - 2 of 2,99,True,4,6:17,76,63,Minnesota Lynx,NIGERIA,3926411.0,Pallas Kunaiyi,,,,,-214748340,-214748365
2026-04-27,401867791566,Lani White misses 16-foot pullup jump shot,Pullup Jump Shot,131,False,4,5:55,76,63,Minnesota Lynx,NIGERIA,5105748.0,Lani White,,,,,23,16
2026-04-27,401867791567,Uche Izoje defensive rebound,Defensive Rebound,155,False,4,5:52,76,63,Minnesota Lynx,NIGERIA,5312424.0,Uche Izoje,,,,,23,16
2026-04-27,401867791568,Uche Izoje traveling turnover,Traveling,64,False,4,5:52,76,63,Minnesota Lynx,NIGERIA,5312424.0,Uche Izoje,,,,,16,3
2026-04-27,401867791569,Saylor Poffenbarger misses 27-foot three point jumper,Jump Shot,92,False,4,5:49,76,63,Minnesota Lynx,NIGERIA,4433542.0,Saylor Poffenbarger,,,,,11,23
2026-04-27,401867791570,Pallas Kunaiyi defensive rebound,Defensive Rebound,155,False,4,5:45,76,63,Minnesota Lynx,NIGERIA,3926411.0,Pallas Kunaiyi,,,,,11,23
2026-04-27,401867791571,Jaylyn Sherrod personal foul,Personal Foul,45,False,4,5:32,76,63,Minnesota Lynx,NIGERIA,4433386.0,Jaylyn Sherrod,,,,,20,2
2026-04-27,401867791573,Pallas Kunaiyi makes free throw 1 of 2,Free Throw - 1 of 2,98,True,4,5:32,76,64,Minnesota Lynx,NIGERIA,3926411.0,Pallas Kunaiyi,,,,,-214748340,-214748365
2026-04-27,401867791574,Eliska Hamzova enters the game for Jaylyn Sherrod,Substitution,584,False,4,5:32,76,64,Minnesota Lynx,NIGERIA,5345478.0,Eliska Joklova,4433386.0,Jaylyn Sherrod,,,-214748340,-214748365
2026-04-27,401867791576,Pallas Kunaiyi misses free throw 2 of 2,Free Throw - 2 of 2,99,False,4,5:32,76,64,Minnesota Lynx,NIGERIA,3926411.0,Pallas Kunaiyi,,,,,-214748340,-214748365
2026-04-27,401867791577,Uche Izoje offensive rebound,Offensive Rebound,156,False,4,5:29,76,64,Minnesota Lynx,NIGERIA,5312424.0,Uche Izoje,,,,,-214748340,-214748365
2026-04-27,401867791578,Gabby White makes driving layup,Driving Layup Shot,110,True,4,5:19,76,66,Minnesota Lynx,NIGERIA,5312434.0,Gabby White,,,,,20,3
2026-04-27,401867791579,"Eliska Hamzova bad pass
turnover (Pallas Kunaiyi steals)","Bad Pass
Turnover",62,False,4,5:08,76,66,Minnesota Lynx,NIGERIA,5345478.0,Eliska Joklova,3926411.0,Pallas Kunaiyi,,,10,33
2026-04-27,401867791581,Liatu King shooting foul,Shooting Foul,44,False,4,5:04,76,66,Minnesota Lynx,NIGERIA,4596309.0,Liatu King,,,,,27,1
2026-04-27,401867791583,Pallas Kunaiyi makes free throw 1 of 2,Free Throw - 1 of 2,98,True,4,5:04,76,67,Minnesota Lynx,NIGERIA,3926411.0,Pallas Kunaiyi,,,,,-214748340,-214748365
2026-04-27,401867791584,Vera Ojenuwa enters the game for Uche Izoje,Substitution,584,False,4,5:04,76,67,Minnesota Lynx,NIGERIA,5346856.0,Vera Ojenuwa,5312424.0,Uche Izoje,,,-214748340,-214748365
2026-04-27,401867791586,Pallas Kunaiyi makes free throw 2 of 2,Free Throw - 2 of 2,99,True,4,5:04,76,68,Minnesota Lynx,NIGERIA,3926411.0,Pallas Kunaiyi,,,,,-214748340,-214748365
2026-04-27,401867791587,Promise Amukamara personal foul,Personal Foul,45,False,4,4:53,76,68,Minnesota Lynx,NIGERIA,2592228.0,Promise Amukamara,,,,,30,1
2026-04-27,401867791589,Lani White misses 24-foot three point jumper,Jump Shot,92,False,4,4:48,76,68,Minnesota Lynx,NIGERIA,5105748.0,Lani White,,,,,34,23
2026-04-27,401867791590,Lani White offensive rebound,Offensive Rebound,156,False,4,4:46,76,68,Minnesota Lynx,NIGERIA,5105748.0,Lani White,,,,,34,23
2026-04-27,401867791591,Lani White misses two point shot,Layup Shot Putback,125,False,4,4:44,76,68,Minnesota Lynx,NIGERIA,5105748.0,Lani White,,,,,29,1
2026-04-27,401867791592,Gabby White defensive rebound,Defensive Rebound,155,False,4,4:44,76,68,Minnesota Lynx,NIGERIA,5312434.0,Gabby White,,,,,29,1
2026-04-27,401867791593,Regina Donanu enters the game for Promise Amukamara,Substitution,584,False,4,4:41,76,68,Minnesota Lynx,NIGERIA,5346854.0,Regina Donanu,2592228.0,Promise Amukamara,,,-214748340,-214748365
2026-04-27,401867791595,Gabby White vs. Liatu King (Pallas Kunaiyi gains possession),Jumpball,615,False,4,4:41,76,68,Minnesota Lynx,NIGERIA,5312434.0,Gabby White,4596309.0,Liatu King,3926411.0,Pallas Kunaiyi,-214748340,-214748365
2026-04-27,401867791598,Ezinne Kalu misses 23-foot three point jumper,Jump Shot,92,False,4,4:29,76,68,Minnesota Lynx,NIGERIA,2531437.0,Ezinne Kalu,,,,,46,10
2026-04-27,401867791599,Nigeria offensive team rebound,Offensive Rebound,156,False,4,4:26,76,68,Minnesota Lynx,NIGERIA,,,,,,,46,10
2026-04-27,401867791601,Aubrey Griffin enters the game for Saylor Poffenbarger,Substitution,584,False,4,4:26,76,68,Minnesota Lynx,NIGERIA,4432844.0,Aubrey Griffin,4433542.0,Saylor Poffenbarger,,,-214748340,-214748365
2026-04-27,401867791603,Vera Ojenuwa offensive foul,Offensive Foul,42,False,4,4:25,76,68,Minnesota Lynx,NIGERIA,5346856.0,Vera Ojenuwa,,,,,36,13
2026-04-27,401867791605,Vera Ojenuwa offensive foul turnover,Offensive Foul Turnover,84,False,4,4:25,76,68,Minnesota Lynx,NIGERIA,5346856.0,Vera Ojenuwa,,,,,36,13
2026-04-27,401867791606,Promise Amukamara enters the game for Regina Donanu,Substitution,584,False,4,4:25,76,68,Minnesota Lynx,NIGERIA,2592228.0,Promise Amukamara,5346854.0,Regina Donanu,,,-214748340,-214748365
2026-04-27,401867791608,Gabby White shooting foul,Shooting Foul,44,False,4,4:08,76,68,Minnesota Lynx,NIGERIA,5312434.0,Gabby White,,,,,32,23
2026-04-27,401867791610,Lani White makes free throw 1 of 3,Free Throw - 1 of 3,100,True,4,4:08,77,68,Minnesota Lynx,NIGERIA,5105748.0,Lani White,,,,,-214748340,-214748365
2026-04-27,401867791611,Lani White makes free throw 2 of 3,Free Throw - 2 of 3,101,True,4,4:08,78,68,Minnesota Lynx,NIGERIA,5105748.0,Lani White,,,,,-214748340,-214748365
2026-04-27,401867791612,Lani White makes free throw 3 of 3,Free Throw - 3 of 3,102,True,4,4:08,79,68,Minnesota Lynx,NIGERIA,5105748.0,Lani White,,,,,-214748340,-214748365
2026-04-27,401867791614,Pallas Kunaiyi lost ball turnover (Liatu King steals),Lost Ball Turnover,63,False,4,3:48,79,68,Minnesota Lynx,NIGERIA,3926411.0,Pallas Kunaiyi,4596309.0,Liatu King,,,26,6
2026-04-27,401867791616,Vera Ojenuwa personal foul,Personal Foul,45,False,4,3:41,79,68,Minnesota Lynx,NIGERIA,5346856.0,Vera Ojenuwa,,,,,26,7
2026-04-27,401867791618,Victoria Macaulay enters the game for Vera Ojenuwa,Substitution,584,False,4,3:41,79,68,Minnesota Lynx,NIGERIA,2491811.0,Victoria Macaulay,5346856.0,Vera Ojenuwa,,,-214748340,-214748365
2026-04-27,401867791620,Lani White makes 24-foot three point jumper (Eliska Hamzova assists),Jump Shot,92,True,4,3:27,82,68,Minnesota Lynx,NIGERIA,5105748.0,Lani White,5345478.0,Eliska Joklova,,,43,16
2026-04-27,401867791622,Victoria Macaulay makes 7-foot turnaround jump shot (Ezinne Kalu assists),Turnaround Jump Shot,114,True,4,3:08,82,70,Minnesota Lynx,NIGERIA,2491811.0,Victoria Macaulay,2531437.0,Ezinne Kalu,,,25,7
2026-04-27,401867791624,Eliska Hamzova makes driving layup (Liatu King assists),Driving Layup Shot,110,True,4,2:50,84,70,Minnesota Lynx,NIGERIA,5345478.0,Eliska Joklova,4596309.0,Liatu King,,,27,1
2026-04-27,401867791626,Pallas Kunaiyi shooting foul,Shooting Foul,44,False,4,2:50,84,70,Minnesota Lynx,NIGERIA,3926411.0,Pallas Kunaiyi,,,,,27,1
2026-04-27,401867791628,Blessing Ejiofor enters the game for Pallas Kunaiyi,Substitution,584,False,4,2:50,84,70,Minnesota Lynx,NIGERIA,4280899.0,Blessing Ejiofor,3926411.0,Pallas Kunaiyi,,,-214748340,-214748365
2026-04-27,401867791630,Eliska Hamzova misses free throw 1 of 1,Free Throw - 1 of 1,97,False,4,2:50,84,70,Minnesota Lynx,NIGERIA,5345478.0,Eliska Joklova,,,,,-214748340,-214748365
2026-04-27,401867791631,Gabby White defensive rebound,Defensive Rebound,155,False,4,2:48,84,70,Minnesota Lynx,NIGERIA,5312434.0,Gabby White,,,,,-214748340,-214748365
2026-04-27,401867791632,Promise Amukamara misses 24-foot three point jumper,Jump Shot,92,False,4,2:36,84,70,Minnesota Lynx,NIGERIA,2592228.0,Promise Amukamara,,,,,43,17
2026-04-27,401867791633,Lynx defensive team rebound,Defensive Rebound,155,False,4,2:32,84,70,Minnesota Lynx,NIGERIA,,,,,,,43,17
2026-04-27,401867791635,Lani White lost ball turnover (Promise Amukamara steals),Lost Ball Turnover,63,False,4,2:09,84,70,Minnesota Lynx,NIGERIA,5105748.0,Lani White,2592228.0,Promise Amukamara,,,29,27
2026-04-27,401867791637,Gabby White makes running layup (Promise Amukamara assists),Running Layup Shot,109,True,4,2:03,84,72,Minnesota Lynx,NIGERIA,5312434.0,Gabby White,2592228.0,Promise Amukamara,,,24,1
2026-04-27,401867791639,Reigan Richardson makes 2-foot layup (Eliska Hamzova assists),Cutting Layup Shot,141,True,4,1:58,86,72,Minnesota Lynx,NIGERIA,4433543.0,Reigan Richardson,5345478.0,Eliska Joklova,,,24,1
2026-04-27,401867791641,Ezinne Kalu shooting foul,Shooting Foul,44,False,4,1:58,86,72,Minnesota Lynx,NIGERIA,2531437.0,Ezinne Kalu,,,,,24,1
2026-04-27,401867791643,Reigan Richardson makes free throw 1 of 1,Free Throw - 1 of 1,97,True,4,1:58,87,72,Minnesota Lynx,NIGERIA,4433543.0,Reigan Richardson,,,,,-214748340,-214748365
2026-04-27,401867791644,Lani White personal foul,Personal Foul,45,False,4,1:42,87,72,Minnesota Lynx,NIGERIA,5105748.0,Lani White,,,,,33,21
2026-04-27,401867791646,Ezinne Kalu makes free throw 1 of 2,Free Throw - 1 of 2,98,True,4,1:42,87,73,Minnesota Lynx,NIGERIA,2531437.0,Ezinne Kalu,,,,,-214748340,-214748365
2026-04-27,401867791647,Amaya Battle enters the game for Eliska Hamzova,Substitution,584,False,4,1:42,87,73,Minnesota Lynx,NIGERIA,4682766.0,Amaya Battle,5345478.0,Eliska Joklova,,,-214748340,-214748365
2026-04-27,401867791649,Ezinne Kalu makes free throw 2 of 2,Free Throw - 2 of 2,99,True,4,1:42,87,74,Minnesota Lynx,NIGERIA,2531437.0,Ezinne Kalu,,,,,-214748340,-214748365
2026-04-27,401867791650,Lani White misses 23-foot three point jumper,Jump Shot,92,False,4,1:33,87,74,Minnesota Lynx,NIGERIA,5105748.0,Lani White,,,,,47,9
2026-04-27,401867791651,Liatu King offensive rebound,Offensive Rebound,156,False,4,1:29,87,74,Minnesota Lynx,NIGERIA,4596309.0,Liatu King,,,,,47,9
2026-04-27,401867791652,Lani White misses 24-foot three point jumper,Jump Shot,92,False,4,1:18,87,74,Minnesota Lynx,NIGERIA,5105748.0,Lani White,,,,,43,16
2026-04-27,401867791653,Nigeria defensive team rebound,Defensive Rebound,155,False,4,1:17,87,74,Minnesota Lynx,NIGERIA,,,,,,,43,16
2026-04-27,401867791655,Blessing Ejiofor makes 16-foot turnaround jump shot,Turnaround Jump Shot,114,True,4,1:01,87,76,Minnesota Lynx,NIGERIA,4280899.0,Blessing Ejiofor,,,,,42,1
2026-04-27,401867791656,Blessing Ejiofor personal foul,Personal Foul,45,False,4,50.6,87,76,Minnesota Lynx,NIGERIA,4280899.0,Blessing Ejiofor,,,,,17,10
2026-04-27,401867791658,Liatu King misses free throw 1 of 2,Free Throw - 1 of 2,98,False,4,50.6,87,76,Minnesota Lynx,NIGERIA,4596309.0,Liatu King,,,,,-214748340,-214748365
2026-04-27,401867791659,Lynx offensive team rebound,Offensive Rebound,156,False,4,50.6,87,76,Minnesota Lynx,NIGERIA,,,,,,,-214748340,-214748365
2026-04-27,401867791660,Suzie Rafiu enters the game for Blessing Ejiofor,Substitution,584,False,4,50.6,87,76,Minnesota Lynx,NIGERIA,5346853.0,Suzie Rafiu,4280899.0,Blessing Ejiofor,,,-214748340,-214748365
2026-04-27,401867791661,Jerni Kiaku enters the game for Ezinne Kalu,Substitution,584,False,4,50.6,87,76,Minnesota Lynx,NIGERIA,5346857.0,Jerni Kiaku,2531437.0,Ezinne Kalu,,,-214748340,-214748365
2026-04-27,401867791662,Maryam Dauda enters the game for Victoria Macaulay,Substitution,584,False,4,50.6,87,76,Minnesota Lynx,NIGERIA,4434019.0,Maryam Dauda,2491811.0,Victoria Macaulay,,,-214748340,-214748365
2026-04-27,401867791666,Liatu King makes free throw 2 of 2,Free Throw - 2 of 2,99,True,4,50.6,88,76,Minnesota Lynx,NIGERIA,4596309.0,Liatu King,,,,,-214748340,-214748365
2026-04-27,401867791667,Liatu King personal foul,Personal Foul,45,False,4,38.8,88,76,Minnesota Lynx,NIGERIA,4596309.0,Liatu King,,,,,39,33
2026-04-27,401867791669,Gabby White misses free throw 1 of 2,Free Throw - 1 of 2,98,False,4,38.8,88,76,Minnesota Lynx,NIGERIA,5312434.0,Gabby White,,,,,-214748340,-214748365
2026-04-27,401867791670,Nigeria offensive team rebound,Offensive Rebound,156,False,4,38.8,88,76,Minnesota Lynx,NIGERIA,,,,,,,-214748340,-214748365
2026-04-27,401867791671,Regina Donanu enters the game for Promise Amukamara,Substitution,584,False,4,38.8,88,76,Minnesota Lynx,NIGERIA,5346854.0,Regina Donanu,2592228.0,Promise Amukamara,,,-214748340,-214748365
2026-04-27,401867791673,Gabby White makes free throw 2 of 2,Free Throw - 2 of 2,99,True,4,38.8,88,77,Minnesota Lynx,NIGERIA,5312434.0,Gabby White,,,,,-214748340,-214748365
2026-04-27,401867791674,Liatu King offensive foul,Offensive Foul,42,False,4,23.3,88,77,Minnesota Lynx,NIGERIA,4596309.0,Liatu King,,,,,19,4
2026-04-27,401867791676,Liatu King offensive foul turnover,Offensive Foul Turnover,84,False,4,23.3,88,77,Minnesota Lynx,NIGERIA,4596309.0,Liatu King,,,,,19,4
2026-04-27,401867791677,Saylor Poffenbarger enters the game for Liatu King,Substitution,584,False,4,23.3,88,77,Minnesota Lynx,NIGERIA,4433542.0,Saylor Poffenbarger,4596309.0,Liatu King,,,-214748340,-214748365
2026-04-27,401867791679,Gabby White misses driving layup,Driving Layup Shot,110,False,4,10.1,88,77,Minnesota Lynx,NIGERIA,5312434.0,Gabby White,,,,,23,1
2026-04-27,401867791680,Suzie Rafiu offensive rebound,Offensive Rebound,156,False,4,6.1,88,77,Minnesota Lynx,NIGERIA,5346853.0,Suzie Rafiu,,,,,23,1
2026-04-27,401867791681,Suzie Rafiu makes two point shot,Layup Shot Putback,125,True,4,4.7,88,79,Minnesota Lynx,NIGERIA,5346853.0,Suzie Rafiu,,,,,28,1
2026-04-27,401867791682,End of the 4th Quarter,End Period,412,False,4,0.0,88,79,Minnesota Lynx,NIGERIA,,,,,,,-214748340,-214748365
2026-04-27,401867791683,End of Game,End Game,402,False,4,0.0,88,79,Minnesota Lynx,NIGERIA,,,,,,,-214748340,-214748365
2026-08-24,4018571714,Kiah Stokes vs. Natasha Howard (Kayla Thornton gains possession),Jumpball,615,False,1,10:00,0,0,Minnesota Lynx,Golden State Valkyries,2590093,Kiah Stokes,2529130,Natasha Howard,2529622,Kayla Thornton,-214748340,-214748365
2026-08-24,4018571717,Kayla Thornton misses 22-foot three point jumper,Jump Shot,92,False,1,9:46,0,0,Minnesota Lynx,Golden State Valkyries,2529622,Kayla Thornton,,,,,47,1
2026-08-24,4018571718,Napheesa Collier defensive rebound,Defensive Rebound,155,False,1,9:44,0,0,Minnesota Lynx,Golden State Valkyries,3917450,Napheesa Collier,,,,,47,1
2026-08-24,4018571719,Natasha Howard misses driving layup,Driving Layup Shot,110,False,1,9:21,0,0,Minnesota Lynx,Golden State Valkyries,2529130,Natasha Howard,,,,,23,1
2026-08-24,40185717110,Kiah Stokes defensive rebound,Defensive Rebound,155,False,1,9:20,0,0,Minnesota Lynx,Golden State Valkyries,2590093,Kiah Stokes,,,,,23,1
2026-08-24,40185717111,Gabby Williams misses 22-foot three point jumper,Jump Shot,92,False,1,9:12,0,0,Minnesota Lynx,Golden State Valkyries,3142328,Gabby Williams,,,,,2,-2
2026-08-24,40185717112,Veronica Burton offensive rebound,Offensive Rebound,156,False,1,9:08,0,0,Minnesota Lynx,Golden State Valkyries,4398935,Veronica Burton,,,,,2,-2
2026-08-24,40185717113,Kayla Thornton misses 24-foot three point jumper,Jump Shot,92,False,1,9:05,0,0,Minnesota Lynx,Golden State Valkyries,2529622,Kayla Thornton,,,,,43,17
2026-08-24,40185717114,Napheesa Collier defensive rebound,Defensive Rebound,155,False,1,9:02,0,0,Minnesota Lynx,Golden State Valkyries,3917450,Napheesa Collier,,,,,43,17
2026-08-24,40185717115,Olivia Miles misses 24-foot three point pullup jump shot,Pullup Jump Shot,131,False,1,8:55,0,0,Minnesota Lynx,Golden State Valkyries,4433791,Olivia Miles,,,,,36,21
2026-08-24,40185717116,Natasha Howard offensive rebound,Offensive Rebound,156,False,1,8:52,0,0,Minnesota Lynx,Golden State Valkyries,2529130,Natasha Howard,,,,,36,21
2026-08-24,40185717117,Natasha Howard misses two point shot,Layup Shot Putback,125,False,1,8:50,0,0,Minnesota Lynx,Golden State Valkyries,2529130,Natasha Howard,,,,,28,1
2026-08-24,40185717118,Natasha Howard offensive rebound,Offensive Rebound,156,False,1,8:50,0,0,Minnesota Lynx,Golden State Valkyries,2529130,Natasha Howard,,,,,28,1
2026-08-24,40185717119,Natasha Howard makes tip shot,Tip Shot,94,True,1,8:47,2,0,Minnesota Lynx,Golden State Valkyries,2529130,Natasha Howard,,,,,25,0
2026-08-24,40185717120,shot clock turnover ,Shot Clock Turnover,70,False,1,8:23,2,0,Minnesota Lynx,Golden State Valkyries,,,,,,,18,22
2026-08-24,40185717121,Kayla McBride misses 26-foot three point jumper,Jump Shot,92,False,1,8:12,2,0,Minnesota Lynx,Golden State Valkyries,2529205,Kayla McBride,,,,,12,22
2026-08-24,40185717122,Kiah Stokes defensive rebound,Defensive Rebound,155,False,1,8:09,2,0,Minnesota Lynx,Golden State Valkyries,2590093,Kiah Stokes,,,,,12,22
2026-08-24,40185717123,Cecilia Zandalasini misses 14-foot pullup jump shot,Pullup Jump Shot,131,False,1,7:58,2,0,Minnesota Lynx,Golden State Valkyries,4257500,Cecilia Zandalasini,,,,,24,14
2026-08-24,40185717124,Natasha Howard defensive rebound,Defensive Rebound,155,False,1,7:55,2,0,Minnesota Lynx,Golden State Valkyries,2529130,Natasha Howard,,,,,24,14
2026-08-24,40185717125,Napheesa Collier makes 13-foot jumper (Olivia Miles assists),Jump Shot,92,True,1,7:48,4,0,Minnesota Lynx,Golden State Valkyries,3917450,Napheesa Collier,4433791,Olivia Miles,,,39,1
2026-08-24,40185717127,Cecilia Zandalasini misses 24-foot three point step back jumpshot,Step Back Jump Shot,132,False,1,7:20,4,0,Minnesota Lynx,Golden State Valkyries,4257500,Cecilia Zandalasini,,,,,30,24
2026-08-24,40185717128,Napheesa Collier defensive rebound,Defensive Rebound,155,False,1,7:18,4,0,Minnesota Lynx,Golden State Valkyries,3917450,Napheesa Collier,,,,,30,24
2026-08-24,40185717129,Kiah Stokes shooting foul,Shooting Foul,44,False,1,7:10,4,0,Minnesota Lynx,Golden State Valkyries,2590093,Kiah Stokes,,,,,30,2
2026-08-24,40185717131,Olivia Miles misses free throw 1 of 2,Free Throw - 1 of 2,98,False,1,7:10,4,0,Minnesota Lynx,Golden State Valkyries,4433791,Olivia Miles,,,,,-214748340,-214748365
2026-08-24,40185717132,Lynx offensive team rebound,Offensive Rebound,156,False,1,7:10,4,0,Minnesota Lynx,Golden State Valkyries,,,,,,,-214748340,-214748365
2026-08-24,40185717133,Tiffany Hayes enters the game for Kiah Stokes,Substitution,584,False,1,7:10,4,0,Minnesota Lynx,Golden State Valkyries,1054,Tiffany Hayes,2590093,Kiah Stokes,,,-214748340,-214748365
2026-08-24,40185717134,Janelle Salaun enters the game for Kayla Thornton,Substitution,584,False,1,7:10,4,0,Minnesota Lynx,Golden State Valkyries,4790264,Janelle Salaun,2529622,Kayla Thornton,,,-214748340,-214748365
2026-08-24,40185717137,Olivia Miles makes free throw 2 of 2,Free Throw - 2 of 2,99,True,1,7:10,5,0,Minnesota Lynx,Golden State Valkyries,4433791,Olivia Miles,,,,,-214748340,-214748365
2026-08-24,40185717138,Gabby Williams misses 15-foot pullup jump shot,Pullup Jump Shot,131,False,1,6:46,5,0,Minnesota Lynx,Golden State Valkyries,3142328,Gabby Williams,,,,,27,15
2026-08-24,40185717139,Olivia Miles defensive rebound,Defensive Rebound,155,False,1,6:44,5,0,Minnesota Lynx,Golden State Valkyries,4433791,Olivia Miles,,,,,27,15
2026-08-24,40185717140,"Olivia Miles bad pass
turnover (Veronica Burton steals)","Bad Pass
Turnover",62,False,1,6:33,5,0,Minnesota Lynx,Golden State Valkyries,4433791,Olivia Miles,4398935,Veronica Burton,,,21,2
2026-08-24,40185717142,Janelle Salaun misses 23-foot three point jumper,Jump Shot,92,False,1,6:26,5,0,Minnesota Lynx,Golden State Valkyries,4790264,Janelle Salaun,,,,,2,-2
2026-08-24,40185717143,Napheesa Collier defensive rebound,Defensive Rebound,155,False,1,6:22,5,0,Minnesota Lynx,Golden State Valkyries,3917450,Napheesa Collier,,,,,2,-2
2026-08-24,40185717144,Kayla McBride makes 26-foot three point jumper (Natasha Howard assists),Jump Shot,92,True,1,6:15,8,0,Minnesota Lynx,Golden State Valkyries,2529205,Kayla McBride,2529130,Natasha Howard,,,5,16
2026-08-24,40185717146,Tiffany Hayes makes 1-foot two point shot (Veronica Burton assists),Driving Finger Roll Layup,128,True,1,5:56,8,2,Minnesota Lynx,Golden State Valkyries,1054,Tiffany Hayes,4398935,Veronica Burton,,,25,1
2026-08-24,40185717148,Maya Caldwell misses 22-foot three point jumper,Jump Shot,92,False,1,5:44,8,2,Minnesota Lynx,Golden State Valkyries,4280850,Maya Caldwell,,,,,48,-3
2026-08-24,40185717149,Natasha Howard offensive rebound,Offensive Rebound,156,False,1,5:41,8,2,Minnesota Lynx,Golden State Valkyries,2529130,Natasha Howard,,,,,48,-3
2026-08-24,40185717150,Natasha Howard misses driving floating jump shot,Driving Floating Jump Shot,144,False,1,5:39,8,2,Minnesota Lynx,Golden State Valkyries,2529130,Natasha Howard,,,,,23,5
2026-08-24,40185717151,Janelle Salaun defensive rebound,Defensive Rebound,155,False,1,5:39,8,2,Minnesota Lynx,Golden State Valkyries,4790264,Janelle Salaun,,,,,23,5
2026-08-24,40185717152,Veronica Burton makes driving layup (Tiffany Hayes assists),Driving Layup Shot,110,True,1,5:31,8,4,Minnesota Lynx,Golden State Valkyries,4398935,Veronica Burton,1054,Tiffany Hayes,,,26,1
2026-08-24,40185717153,Olivia Miles misses 25-foot three point pullup jump shot,Pullup Jump Shot,131,False,1,5:22,8,4,Minnesota Lynx,Golden State Valkyries,4433791,Olivia Miles,,,,,9,19
2026-08-24,40185717154,Golden State Valkyries defensive team rebound,Defensive Rebound,155,False,1,5:22,8,4,Minnesota Lynx,Golden State Valkyries,,,,,,,9,19
2026-08-24,40185717156,Maya Caldwell loose ball foul,Loose Ball Foul,43,False,1,5:21,8,4,Minnesota Lynx,Golden State Valkyries,4280850,Maya Caldwell,,,,,20,6
2026-08-24,40185717158,Kaila Charles enters the game for Gabby Williams,Substitution,584,False,1,5:21,8,4,Minnesota Lynx,Golden State Valkyries,4065780,Kaila Charles,3142328,Gabby Williams,,,-214748340,-214748365
2026-08-24,40185717160,Veronica Burton misses 27-foot three point jumper,Jump Shot,92,False,1,5:05,8,4,Minnesota Lynx,Golden State Valkyries,4398935,Veronica Burton,,,,,41,21
2026-08-24,40185717161,Maya Caldwell defensive rebound,Defensive Rebound,155,False,1,5:01,8,4,Minnesota Lynx,Golden State Valkyries,4280850,Maya Caldwell,,,,,41,21
2026-08-24,40185717162,Tiffany Hayes personal foul,Personal Foul,45,False,1,4:57,8,4,Minnesota Lynx,Golden State Valkyries,1054,Tiffany Hayes,,,,,18,11
2026-08-24,40185717165,Official timeout,Official Timeout,19,False,1,4:57,8,4,Minnesota Lynx,Golden State Valkyries,,,,,,,-214748340,-214748365
2026-08-24,40185717167,Napheesa Collier misses 8-foot fade away jump shot,Fade Away Jump Shot,121,False,1,4:48,8,4,Minnesota Lynx,Golden State Valkyries,3917450,Napheesa Collier,,,,,21,7
2026-08-24,40185717168,Lynx offensive team rebound,Offensive Rebound,156,False,1,4:46,8,4,Minnesota Lynx,Golden State Valkyries,,,,,,,21,7
2026-08-24,40185717170,Tiffany Hayes shooting foul,Shooting Foul,44,False,1,4:38,8,4,Minnesota Lynx,Golden State Valkyries,1054,Tiffany Hayes,,,,,22,6
2026-08-24,40185717172,Natasha Howard makes free throw 1 of 2,Free Throw - 1 of 2,98,True,1,4:38,9,4,Minnesota Lynx,Golden State Valkyries,2529130,Natasha Howard,,,,,-214748340,-214748365
2026-08-24,40185717173,Natasha Howard makes free throw 2 of 2,Free Throw - 2 of 2,99,True,1,4:38,10,4,Minnesota Lynx,Golden State Valkyries,2529130,Natasha Howard,,,,,-214748340,-214748365
2026-08-24,40185717174,Cecilia Zandalasini misses 18-foot pullup jump shot,Pullup Jump Shot,131,False,1,4:16,10,4,Minnesota Lynx,Golden State Valkyries,4257500,Cecilia Zandalasini,,,,,39,12
2026-08-24,40185717175,Janelle Salaun offensive rebound,Offensive Rebound,156,False,1,4:13,10,4,Minnesota Lynx,Golden State Valkyries,4790264,Janelle Salaun,,,,,39,12
2026-08-24,40185717176,"Tiffany Hayes bad pass
turnover","Bad Pass
Turnover",62,False,1,4:07,10,4,Minnesota Lynx,Golden State Valkyries,1054,Tiffany Hayes,,,,,9,17
2026-08-24,40185717177,Janelle Salaun loose ball foul,Loose Ball Foul,43,False,1,4:07,10,4,Minnesota Lynx,Golden State Valkyries,4790264,Janelle Salaun,,,,,9,18
2026-08-24,40185717179,Kayla McBride misses 22-foot three point jumper,Jump Shot,92,False,1,3:53,10,4,Minnesota Lynx,Golden State Valkyries,2529205,Kayla McBride,,,,,47,-1
2026-08-24,40185717180,Golden State Valkyries defensive team rebound,Defensive Rebound,155,False,1,3:52,10,4,Minnesota Lynx,Golden State Valkyries,,,,,,,47,-1
2026-08-24,40185717182,Cecilia Zandalasini makes 16-foot pullup jump shot,Pullup Jump Shot,131,True,1,3:33,10,6,Minnesota Lynx,Golden State Valkyries,4257500,Cecilia Zandalasini,,,,,40,6
2026-08-24,40185717183,Napheesa Collier makes 6-foot driving floating jump shot (Olivia Miles assists),Driving Floating Jump Shot,144,True,1,3:19,12,6,Minnesota Lynx,Golden State Valkyries,3917450,Napheesa Collier,4433791,Olivia Miles,,,21,5
2026-08-24,40185717185,Janelle Salaun makes layup (Veronica Burton assists),Layup Shot,95,True,1,3:07,12,8,Minnesota Lynx,Golden State Valkyries,4790264,Janelle Salaun,4398935,Veronica Burton,,,27,1
2026-08-24,40185717187,Cecilia Zandalasini shooting foul,Shooting Foul,44,False,1,2:53,12,8,Minnesota Lynx,Golden State Valkyries,4257500,Cecilia Zandalasini,,,,,22,4
2026-08-24,40185717189,Natasha Howard makes free throw 1 of 2,Free Throw - 1 of 2,98,True,1,2:53,13,8,Minnesota Lynx,Golden State Valkyries,2529130,Natasha Howard,,,,,-214748340,-214748365
2026-08-24,40185717190,Eliska Joklova enters the game for Olivia Miles,Substitution,584,False,1,2:53,13,8,Minnesota Lynx,Golden State Valkyries,5345478,Eliska Joklova,4433791,Olivia Miles,,,-214748340,-214748365
2026-08-24,40185717191,Dorka Juhasz enters the game for Kayla McBride,Substitution,584,False,1,2:53,13,8,Minnesota Lynx,Golden State Valkyries,4398938,Dorka Juhasz,2529205,Kayla McBride,,,-214748340,-214748365
2026-08-24,40185717194,Natasha Howard misses free throw 2 of 2,Free Throw - 2 of 2,99,False,1,2:53,13,8,Minnesota Lynx,Golden State Valkyries,2529130,Natasha Howard,,,,,-214748340,-214748365
2026-08-24,40185717195,Janelle Salaun defensive rebound,Defensive Rebound,155,False,1,2:51,13,8,Minnesota Lynx,Golden State Valkyries,4790264,Janelle Salaun,,,,,-214748340,-214748365
2026-08-24,40185717196,Veronica Burton misses running layup,Running Layup Shot,109,False,1,2:45,13,8,Minnesota Lynx,Golden State Valkyries,4398935,Veronica Burton,,,,,27,3
2026-08-24,40185717197,Veronica Burton offensive rebound,Offensive Rebound,156,False,1,2:43,13,8,Minnesota Lynx,Golden State Valkyries,4398935,Veronica Burton,,,,,27,3
2026-08-24,40185717199,Nia Coffey enters the game for Natasha Howard,Substitution,584,False,1,2:43,13,8,Minnesota Lynx,Golden State Valkyries,3054590,Nia Coffey,2529130,Natasha Howard,,,-214748340,-214748365
2026-08-24,401857171101,Tiffany Hayes makes driving layup (Kaila Charles assists),Driving Layup Shot,110,True,1,2:36,13,10,Minnesota Lynx,Golden State Valkyries,1054,Tiffany Hayes,4065780,Kaila Charles,,,27,1
2026-08-24,401857171103,Eliska Joklova lost ball turnover (Cecilia Zandalasini steals),Lost Ball Turnover,63,False,1,2:15,13,10,Minnesota Lynx,Golden State Valkyries,5345478,Eliska Joklova,4257500,Cecilia Zandalasini,,,21,5
2026-08-24,401857171105,Veronica Burton misses 26-foot three point pullup jump shot,Pullup Jump Shot,131,False,1,2:06,13,10,Minnesota Lynx,Golden State Valkyries,4398935,Veronica Burton,,,,,7,19
2026-08-24,401857171106,Eliska Joklova defensive rebound,Defensive Rebound,155,False,1,2:03,13,10,Minnesota Lynx,Golden State Valkyries,5345478,Eliska Joklova,,,,,7,19
2026-08-24,401857171107,"Nia Coffey bad pass
turnover (Janelle Salaun steals)","Bad Pass
Turnover",62,False,1,1:53,13,10,Minnesota Lynx,Golden State Valkyries,3054590,Nia Coffey,4790264,Janelle Salaun,,,7,16
2026-08-24,401857171109,Janelle Salaun misses running layup,Running Layup Shot,109,False,1,1:49,13,10,Minnesota Lynx,Golden State Valkyries,4790264,Janelle Salaun,,,,,26,2
2026-08-24,401857171110,Veronica Burton offensive rebound,Offensive Rebound,156,False,1,1:47,13,10,Minnesota Lynx,Golden State Valkyries,4398935,Veronica Burton,,,,,26,2
2026-08-24,401857171111,Janelle Salaun makes 9-foot two point shot (Veronica Burton assists),Turnaround Fade Away Jump Shot,137,True,1,1:38,13,12,Minnesota Lynx,Golden State Valkyries,4790264,Janelle Salaun,4398935,Veronica Burton,,,15,1
2026-08-24,401857171112,Maya Caldwell makes 26-foot three point jumper (Eliska Joklova assists),Jump Shot,92,True,1,1:19,16,12,Minnesota Lynx,Golden State Valkyries,4280850,Maya Caldwell,5345478,Eliska Joklova,,,6,19
2026-08-24,401857171114,Veronica Burton makes 23-foot three point jumper (Tiffany Hayes assists),Jump Shot,92,True,1,1:00,16,15,Minnesota Lynx,Golden State Valkyries,4398935,Veronica Burton,1054,Tiffany Hayes,,,8,16
2026-08-24,401857171118,Kaitlyn Chen enters the game for Tiffany Hayes,Substitution,584,False,1,47.0,16,15,Minnesota Lynx,Golden State Valkyries,4899328,Kaitlyn Chen,1054,Tiffany Hayes,,,-214748340,-214748365
2026-08-24,401857171119,Gabby Williams enters the game for Veronica Burton,Substitution,584,False,1,47.0,16,15,Minnesota Lynx,Golden State Valkyries,3142328,Gabby Williams,4398935,Veronica Burton,,,-214748340,-214748365
2026-08-24,401857171120,Laeticia Amihere enters the game for Cecilia Zandalasini,Substitution,584,False,1,47.0,16,15,Minnesota Lynx,Golden State Valkyries,4432834,Laeticia Amihere,4257500,Cecilia Zandalasini,,,-214748340,-214748365
2026-08-24,401857171124,Napheesa Collier out of bounds bad pass turnover,Out of Bounds - Bad Pass Turnover,90,False,1,36.9,16,15,Minnesota Lynx,Golden State Valkyries,3917450,Napheesa Collier,,,,,14,12
2026-08-24,401857171125,Nia Coffey blocks Janelle Salaun 's 2-foot layup,Cutting Layup Shot,141,False,1,22.0,16,15,Minnesota Lynx,Golden State Valkyries,4790264,Janelle Salaun,3054590,Nia Coffey,,,27,1
2026-08-24,401857171127,Napheesa Collier defensive rebound,Defensive Rebound,155,False,1,19.5,16,15,Minnesota Lynx,Golden State Valkyries,3917450,Napheesa Collier,,,,,27,1
2026-08-24,401857171128,"Maya Caldwell bad pass
turnover (Gabby Williams steals)","Bad Pass
Turnover",62,False,1,5.4,16,15,Minnesota Lynx,Golden State Valkyries,4280850,Maya Caldwell,3142328,Gabby Williams,,,32,14
2026-08-24,401857171130,Janelle Salaun makes driving layup (Gabby Williams assists),Driving Layup Shot,110,True,1,0.2,16,17,Minnesota Lynx,Golden State Valkyries,4790264,Janelle Salaun,3142328,Gabby Williams,,,25,1
2026-08-24,401857171133,(00:00) [Golden State Valkyries] REF-INITIATED REVIEW (REPLAY SUPPORTS CALL),Ref-Initiated Review (Supported),278,False,1,0.0,16,17,Minnesota Lynx,Golden State Valkyries,,,,,,,-214748340,-214748365
2026-08-24,401857171132,End of the 1st Quarter,End Period,412,False,1,0.0,16,17,Minnesota Lynx,Golden State Valkyries,,,,,,,-214748340,-214748365
2026-08-24,401857171134,Olivia Miles enters the game for Maya Caldwell,Substitution,584,False,2,10:00,16,17,Minnesota Lynx,Golden State Valkyries,4433791,Olivia Miles,4280850,Maya Caldwell,,,-214748340,-214748365
2026-08-24,401857171135,Kayla McBride enters the game for Eliska Joklova,Substitution,584,False,2,10:00,16,17,Minnesota Lynx,Golden State Valkyries,2529205,Kayla McBride,5345478,Eliska Joklova,,,-214748340,-214748365
2026-08-24,401857171139,Kayla McBride misses 22-foot three point jumper,Jump Shot,92,False,2,9:48,16,17,Minnesota Lynx,Golden State Valkyries,2529205,Kayla McBride,,,,,3,0
2026-08-24,401857171140,Golden State Valkyries defensive team rebound,Defensive Rebound,155,False,2,9:46,16,17,Minnesota Lynx,Golden State Valkyries,,,,,,,3,0
2026-08-24,401857171142,Kaitlyn Chen misses driving floating jump shot,Driving Floating Jump Shot,144,False,2,9:37,16,17,Minnesota Lynx,Golden State Valkyries,4899328,Kaitlyn Chen,,,,,28,6
2026-08-24,401857171143,Kayla McBride defensive rebound,Defensive Rebound,155,False,2,9:34,16,17,Minnesota Lynx,Golden State Valkyries,2529205,Kayla McBride,,,,,28,6
2026-08-24,401857171144,Olivia Miles out of bounds lost ball turnover,Out of Bounds - Lost Ball Turnover,87,False,2,9:27,16,17,Minnesota Lynx,Golden State Valkyries,4433791,Olivia Miles,,,,,30,23
2026-08-24,401857171145,Dorka Juhasz blocks Gabby Williams 's 3-foot driving layup,Driving Layup Shot,110,False,2,9:11,16,17,Minnesota Lynx,Golden State Valkyries,3142328,Gabby Williams,4398938,Dorka Juhasz,,,23,2
2026-08-24,401857171147,Lynx defensive team rebound,Defensive Rebound,155,False,2,9:11,16,17,Minnesota Lynx,Golden State Valkyries,,,,,,,23,2
2026-08-24,401857171150,Nia Coffey makes 26-foot three point jumper (Olivia Miles assists),Jump Shot,92,True,2,8:50,19,17,Minnesota Lynx,Golden State Valkyries,3054590,Nia Coffey,4433791,Olivia Miles,,,10,21
2026-08-24,401857171152,Janelle Salaun out of bounds bad pass turnover,Out of Bounds - Bad Pass Turnover,90,False,2,8:33,19,17,Minnesota Lynx,Golden State Valkyries,4790264,Janelle Salaun,,,,,30,-2
2026-08-24,401857171153,Napheesa Collier misses 18-foot pullup jump shot,Pullup Jump Shot,131,False,2,8:20,19,17,Minnesota Lynx,Golden State Valkyries,3917450,Napheesa Collier,,,,,13,13
2026-08-24,401857171154,Lynx offensive team rebound,Offensive Rebound,156,False,2,8:19,19,17,Minnesota Lynx,Golden State Valkyries,,,,,,,13,13
2026-08-24,401857171155,Kaila Charles loose ball foul,Loose Ball Foul,43,False,2,8:19,19,17,Minnesota Lynx,Golden State Valkyries,4065780,Kaila Charles,,,,,28,2
2026-08-24,401857171157,Olivia Miles out of bounds bad pass turnover,Out of Bounds - Bad Pass Turnover,90,False,2,8:08,19,17,Minnesota Lynx,Golden State Valkyries,4433791,Olivia Miles,,,,,22,2
2026-08-24,401857171158,Kaitlyn Chen misses driving floating jump shot,Driving Floating Jump Shot,144,False,2,7:53,19,17,Minnesota Lynx,Golden State Valkyries,4899328,Kaitlyn Chen,,,,,19,11
2026-08-24,401857171159,Laeticia Amihere offensive rebound,Offensive Rebound,156,False,2,7:52,19,17,Minnesota Lynx,Golden State Valkyries,4432834,Laeticia Amihere,,,,,19,11
2026-08-24,401857171160,Laeticia Amihere out of bounds bad pass turnover,Out of Bounds - Bad Pass Turnover,90,False,2,7:50,19,17,Minnesota Lynx,Golden State Valkyries,4432834,Laeticia Amihere,,,,,29,5
2026-08-24,401857171161,Natasha Howard enters the game for Napheesa Collier,Substitution,584,False,2,7:50,19,17,Minnesota Lynx,Golden State Valkyries,2529130,Natasha Howard,3917450,Napheesa Collier,,,-214748340,-214748365
2026-08-24,401857171163,Nia Coffey misses 26-foot three point jumper,Jump Shot,92,False,2,7:36,19,17,Minnesota Lynx,Golden State Valkyries,3054590,Nia Coffey,,,,,9,21
2026-08-24,401857171164,Janelle Salaun defensive rebound,Defensive Rebound,155,False,2,7:32,19,17,Minnesota Lynx,Golden State Valkyries,4790264,Janelle Salaun,,,,,9,21
2026-08-24,401857171165,Kaitlyn Chen makes 22-foot three point jumper (Janelle Salaun assists),Jump Shot,92,True,2,7:22,19,20,Minnesota Lynx,Golden State Valkyries,4899328,Kaitlyn Chen,4790264,Janelle Salaun,,,3,0
2026-08-24,401857171167,Natasha Howard misses 16-foot pullup jump shot,Pullup Jump Shot,131,False,2,7:10,19,20,Minnesota Lynx,Golden State Valkyries,2529130,Natasha Howard,,,,,26,16
2026-08-24,401857171168,Kaila Charles defensive rebound,Defensive Rebound,155,False,2,7:07,19,20,Minnesota Lynx,Golden State Valkyries,4065780,Kaila Charles,,,,,26,16
2026-08-24,401857171169,Gabby Williams misses 24-foot three point jumper,Jump Shot,92,False,2,7:00,19,20,Minnesota Lynx,Golden State Valkyries,3142328,Gabby Williams,,,,,35,22
2026-08-24,401857171170,Olivia Miles defensive rebound,Defensive Rebound,155,False,2,6:58,19,20,Minnesota Lynx,Golden State Valkyries,4433791,Olivia Miles,,,,,35,22
2026-08-24,401857171171,Olivia Miles misses 24-foot three point step back jumpshot,Step Back Jump Shot,132,False,2,6:51,19,20,Minnesota Lynx,Golden State Valkyries,4433791,Olivia Miles,,,,,23,24
2026-08-24,401857171172,Nia Coffey offensive rebound,Offensive Rebound,156,False,2,6:48,19,20,Minnesota Lynx,Golden State Valkyries,3054590,Nia Coffey,,,,,23,24
2026-08-24,401857171173,Laeticia Amihere blocks Olivia Miles 's 11-foot step back jumpshot,Step Back Jump Shot,132,False,2,6:43,19,20,Minnesota Lynx,Golden State Valkyries,4433791,Olivia Miles,4432834,Laeticia Amihere,,,33,8
2026-08-24,401857171175,Gabby Williams defensive rebound,Defensive Rebound,155,False,2,6:40,19,20,Minnesota Lynx,Golden State Valkyries,3142328,Gabby Williams,,,,,33,8
2026-08-24,401857171176,Janelle Salaun misses 23-foot three point jumper,Jump Shot,92,False,2,6:32,19,20,Minnesota Lynx,Golden State Valkyries,4790264,Janelle Salaun,,,,,4,11
2026-08-24,401857171177,Kayla McBride defensive rebound,Defensive Rebound,155,False,2,6:28,19,20,Minnesota Lynx,Golden State Valkyries,2529205,Kayla McBride,,,,,4,11
2026-08-24,401857171178,Kaitlyn Chen personal foul,Personal Foul,45,False,2,6:26,19,20,Minnesota Lynx,Golden State Valkyries,4899328,Kaitlyn Chen,,,,,28,21
2026-08-24,401857171180,Anastasiia Olairi Kosu enters the game for Dorka Juhasz,Substitution,584,False,2,6:26,19,20,Minnesota Lynx,Golden State Valkyries,5278237,Anastasiia Olairi Kosu,4398938,Dorka Juhasz,,,-214748340,-214748365
2026-08-24,401857171182,Cecilia Zandalasini enters the game for Laeticia Amihere,Substitution,584,False,2,6:26,19,20,Minnesota Lynx,Golden State Valkyries,4257500,Cecilia Zandalasini,4432834,Laeticia Amihere,,,-214748340,-214748365
2026-08-24,401857171183,Kiah Stokes enters the game for Janelle Salaun,Substitution,584,False,2,6:26,19,20,Minnesota Lynx,Golden State Valkyries,2590093,Kiah Stokes,4790264,Janelle Salaun,,,-214748340,-214748365
2026-08-24,401857171186,Veronica Burton enters the game for Kaitlyn Chen,Substitution,584,False,2,6:26,19,20,Minnesota Lynx,Golden State Valkyries,4398935,Veronica Burton,4899328,Kaitlyn Chen,,,-214748340,-214748365
2026-08-24,401857171188,Nia Coffey lost ball turnover (Gabby Williams steals),Lost Ball Turnover,63,False,2,6:21,19,20,Minnesota Lynx,Golden State Valkyries,3054590,Nia Coffey,3142328,Gabby Williams,,,12,13
2026-08-24,401857171190,Kaila Charles makes running layup (Gabby Williams assists),Running Layup Shot,109,True,2,6:16,19,22,Minnesota Lynx,Golden State Valkyries,4065780,Kaila Charles,3142328,Gabby Williams,,,28,0
2026-08-24,401857171192,Olivia Miles makes 24-foot three point jumper (Anastasiia Olairi Kosu assists),Jump Shot,92,True,2,5:57,22,22,Minnesota Lynx,Golden State Valkyries,4433791,Olivia Miles,5278237,Anastasiia Olairi Kosu,,,22,24
2026-08-24,401857171194,Golden State Valkyries Full timeout,Full Timeout,16,False,2,5:57,22,22,Minnesota Lynx,Golden State Valkyries,,,,,,,-214748340,-214748365
2026-08-24,401857171195,Maya Caldwell enters the game for Nia Coffey,Substitution,584,False,2,5:57,22,22,Minnesota Lynx,Golden State Valkyries,4280850,Maya Caldwell,3054590,Nia Coffey,,,-214748340,-214748365
2026-08-24,401857171196,Tiffany Hayes enters the game for Kaila Charles,Substitution,584,False,2,5:57,22,22,Minnesota Lynx,Golden State Valkyries,1054,Tiffany Hayes,4065780,Kaila Charles,,,-214748340,-214748365
2026-08-24,401857171199,Veronica Burton misses driving floating jump shot,Driving Floating Jump Shot,144,False,2,5:44,22,22,Minnesota Lynx,Golden State Valkyries,4398935,Veronica Burton,,,,,22,11
2026-08-24,401857171200,Olivia Miles defensive rebound,Defensive Rebound,155,False,2,5:40,22,22,Minnesota Lynx,Golden State Valkyries,4433791,Olivia Miles,,,,,22,11
2026-08-24,401857171201,Maya Caldwell makes 25-foot three point jumper (Olivia Miles assists),Jump Shot,92,True,2,5:32,25,22,Minnesota Lynx,Golden State Valkyries,4280850,Maya Caldwell,4433791,Olivia Miles,,,44,16
2026-08-24,401857171203,Tiffany Hayes makes 24-foot three point jumper (Veronica Burton assists),Jump Shot,92,True,2,5:16,25,25,Minnesota Lynx,Golden State Valkyries,1054,Tiffany Hayes,4398935,Veronica Burton,,,7,16
2026-08-24,401857171205,Gabby Williams kicked ball violation,Kicked Ball,12,False,2,4:52,25,25,Minnesota Lynx,Golden State Valkyries,3142328,Gabby Williams,,,,,-214748340,-214748365
2026-08-24,401857171206,Napheesa Collier enters the game for Anastasiia Olairi Kosu,Substitution,584,False,2,4:52,25,25,Minnesota Lynx,Golden State Valkyries,3917450,Napheesa Collier,5278237,Anastasiia Olairi Kosu,,,-214748340,-214748365
2026-08-24,401857171208,Cecilia Zandalasini blocks Kayla McBride 's 25-foot three point pullup jump shot,Pullup Jump Shot,131,False,2,4:40,25,25,Minnesota Lynx,Golden State Valkyries,2529205,Kayla McBride,4257500,Cecilia Zandalasini,,,30,25
2026-08-24,401857171210,Lynx offensive team rebound,Offensive Rebound,156,False,2,4:38,25,25,Minnesota Lynx,Golden State Valkyries,,,,,,,30,25
2026-08-24,401857171211,shot clock turnover ,Shot Clock Turnover,70,False,2,4:38,25,25,Minnesota Lynx,Golden State Valkyries,,,,,,,35,25
2026-08-24,401857171212,Gabby Williams makes 11-foot two point shot (Veronica Burton assists),Turnaround Fade Away Jump Shot,137,True,2,4:15,25,27,Minnesota Lynx,Golden State Valkyries,3142328,Gabby Williams,4398935,Veronica Burton,,,15,5
2026-08-24,401857171214,"Olivia Miles bad pass
turnover (Tiffany Hayes steals)","Bad Pass
Turnover",62,False,2,4:05,25,27,Minnesota Lynx,Golden State Valkyries,4433791,Olivia Miles,1054,Tiffany Hayes,,,23,27
2026-08-24,401857171216,Veronica Burton makes 12-foot running pullup jump shot,Running Pullup Jump Shot,146,True,2,4:00,25,29,Minnesota Lynx,Golden State Valkyries,4398935,Veronica Burton,,,,,28,12
2026-08-24,401857171217,Napheesa Collier misses 6-foot two point shot,Turnaround Fade Away Jump Shot,137,False,2,3:45,25,29,Minnesota Lynx,Golden State Valkyries,3917450,Napheesa Collier,,,,,25,7
2026-08-24,401857171218,Gabby Williams defensive rebound,Defensive Rebound,155,False,2,3:43,25,29,Minnesota Lynx,Golden State Valkyries,3142328,Gabby Williams,,,,,25,7
2026-08-24,401857171221,Cecilia Zandalasini misses 24-foot three point jumper,Jump Shot,92,False,2,3:20,25,29,Minnesota Lynx,Golden State Valkyries,4257500,Cecilia Zandalasini,,,,,46,12
2026-08-24,401857171222,Kiah Stokes offensive rebound,Offensive Rebound,156,False,2,3:17,25,29,Minnesota Lynx,Golden State Valkyries,2590093,Kiah Stokes,,,,,46,12
2026-08-24,401857171223,Cecilia Zandalasini makes 17-foot pullup jump shot (Tiffany Hayes assists),Pullup Jump Shot,131,True,2,3:11,25,31,Minnesota Lynx,Golden State Valkyries,4257500,Cecilia Zandalasini,1054,Tiffany Hayes,,,36,13
2026-08-24,401857171225,Lynx Full timeout,Full Timeout,16,False,2,3:11,25,31,Minnesota Lynx,Golden State Valkyries,,,,,,,-214748340,-214748365
2026-08-24,401857171226,Anastasiia Olairi Kosu enters the game for Olivia Miles,Substitution,584,False,2,3:11,25,31,Minnesota Lynx,Golden State Valkyries,5278237,Anastasiia Olairi Kosu,4433791,Olivia Miles,,,-214748340,-214748365
2026-08-24,401857171228,Tiffany Hayes kicked ball violation,Kicked Ball,12,False,2,2:58,25,31,Minnesota Lynx,Golden State Valkyries,1054,Tiffany Hayes,,,,,-214748340,-214748365
2026-08-24,401857171229,Maya Caldwell makes 23-foot three point jumper (Kayla McBride assists),Jump Shot,92,True,2,2:52,28,31,Minnesota Lynx,Golden State Valkyries,4280850,Maya Caldwell,2529205,Kayla McBride,,,4,9
2026-08-24,401857171232,Lynx Coach's Challenge,Challenge,213,False,2,2:34,28,31,Minnesota Lynx,Golden State Valkyries,,,,,,,-214748340,-214748365
2026-08-24,401857171233,(02:34) [Lynx] COACH'S CHALLENGE (CALL OVERTURNED) [Lynx] retain their timeout,Coach's Challenge (Overturned),215,False,2,2:34,28,31,Minnesota Lynx,Golden State Valkyries,,,,,,,-214748340,-214748365
2026-08-24,401857171235,Tiffany Hayes out of bounds lost ball turnover,Out of Bounds - Lost Ball Turnover,87,False,2,2:34,28,31,Minnesota Lynx,Golden State Valkyries,1054,Tiffany Hayes,,,,,23,-4
2026-08-24,401857171234,"Kayla McBride bad pass
turnover (Veronica Burton steals)","Bad Pass
Turnover",62,False,2,2:16,28,31,Minnesota Lynx,Golden State Valkyries,2529205,Kayla McBride,4398935,Veronica Burton,,,13,21
2026-08-24,401857171237,Gabby Williams makes 24-foot three point jumper (Veronica Burton assists),Jump Shot,92,True,2,2:00,28,34,Minnesota Lynx,Golden State Valkyries,3142328,Gabby Williams,4398935,Veronica Burton,,,21,24
2026-08-24,401857171239,Kayla McBride misses 23-foot three point jumper,Jump Shot,92,False,2,1:40,28,34,Minnesota Lynx,Golden State Valkyries,2529205,Kayla McBride,,,,,37,21
2026-08-24,401857171240,Natasha Howard offensive rebound,Offensive Rebound,156,False,2,1:39,28,34,Minnesota Lynx,Golden State Valkyries,2529130,Natasha Howard,,,,,37,21
2026-08-24,401857171241,Natasha Howard makes two point shot,Layup Shot Putback,125,True,2,1:38,30,34,Minnesota Lynx,Golden State Valkyries,2529130,Natasha Howard,,,,,23,1
2026-08-24,401857171242,Kayla McBride personal foul,Personal Foul,45,False,2,1:31,30,34,Minnesota Lynx,Golden State Valkyries,2529205,Kayla McBride,,,,,7,0
2026-08-24,401857171244,Cecilia Zandalasini misses 24-foot three point jumper,Jump Shot,92,False,2,1:22,30,34,Minnesota Lynx,Golden State Valkyries,4257500,Cecilia Zandalasini,,,,,43,16
2026-08-24,401857171245,Maya Caldwell defensive rebound,Defensive Rebound,155,False,2,1:20,30,34,Minnesota Lynx,Golden State Valkyries,4280850,Maya Caldwell,,,,,43,16
2026-08-24,401857171246,Tiffany Hayes personal foul,Personal Foul,45,False,2,1:11,30,34,Minnesota Lynx,Golden State Valkyries,1054,Tiffany Hayes,,,,,9,17
2026-08-24,401857171248,Antonia Delaere enters the game for Anastasiia Olairi Kosu,Substitution,584,False,2,1:11,30,34,Minnesota Lynx,Golden State Valkyries,4873358,Antonia Delaere,5278237,Anastasiia Olairi Kosu,,,-214748340,-214748365
2026-08-24,401857171249,Janelle Salaun enters the game for Tiffany Hayes,Substitution,584,False,2,1:11,30,34,Minnesota Lynx,Golden State Valkyries,4790264,Janelle Salaun,1054,Tiffany Hayes,,,-214748340,-214748365
2026-08-24,401857171252,Antonia Delaere misses 23-foot three point jumper,Jump Shot,92,False,2,1:04,30,34,Minnesota Lynx,Golden State Valkyries,4873358,Antonia Delaere,,,,,45,12
2026-08-24,401857171253,Kiah Stokes defensive rebound,Defensive Rebound,155,False,2,1:00,30,34,Minnesota Lynx,Golden State Valkyries,2590093,Kiah Stokes,,,,,45,12
2026-08-24,401857171254,Gabby Williams misses driving floating jump shot,Driving Floating Jump Shot,144,False,2,39.7,30,34,Minnesota Lynx,Golden State Valkyries,3142328,Gabby Williams,,,,,24,8
2026-08-24,401857171255,Natasha Howard defensive rebound,Defensive Rebound,155,False,2,37.8,30,34,Minnesota Lynx,Golden State Valkyries,2529130,Natasha Howard,,,,,24,8
2026-08-24,401857171256,Napheesa Collier makes 7-foot fade away jump shot (Kayla McBride assists),Fade Away Jump Shot,121,True,2,30.7,32,34,Minnesota Lynx,Golden State Valkyries,3917450,Napheesa Collier,2529205,Kayla McBride,,,23,7
2026-08-24,401857171258,Gabby Williams misses 24-foot three point pullup jump shot,Pullup Jump Shot,131,False,2,6.3,32,34,Minnesota Lynx,Golden State Valkyries,3142328,Gabby Williams,,,,,33,23
2026-08-24,401857171259,Golden State Valkyries offensive team rebound,Offensive Rebound,156,False,2,5.5,32,34,Minnesota Lynx,Golden State Valkyries,,,,,,,33,23
2026-08-24,401857171260,shot clock turnover ,Shot Clock Turnover,70,False,2,5.5,32,34,Minnesota Lynx,Golden State Valkyries,,,,,,,32,8
2026-08-24,401857171261,Olivia Miles enters the game for Antonia Delaere,Substitution,584,False,2,5.5,32,34,Minnesota Lynx,Golden State Valkyries,4433791,Olivia Miles,4873358,Antonia Delaere,,,-214748340,-214748365
2026-08-24,401857171263,Kayla McBride misses two point shot,Driving Finger Roll Layup,128,False,2,1.0,32,34,Minnesota Lynx,Golden State Valkyries,2529205,Kayla McBride,,,,,25,5
2026-08-24,401857171264,Lynx offensive team rebound,Offensive Rebound,156,False,2,0.1,32,34,Minnesota Lynx,Golden State Valkyries,,,,,,,25,5
2026-08-24,401857171265,End of the 2nd Quarter,End Period,412,False,2,0.0,32,34,Minnesota Lynx,Golden State Valkyries,,,,,,,-214748340,-214748365
2026-08-24,401857171266,Kayla Thornton enters the game for Janelle Salaun,Substitution,584,False,3,10:00,32,34,Minnesota Lynx,Golden State Valkyries,2529622,Kayla Thornton,4790264,Janelle Salaun,,,-214748340,-214748365
2026-08-24,401857171269,Kiah Stokes blocks Olivia Miles 's 5-foot driving layup,Driving Layup Shot,110,False,3,9:50,32,34,Minnesota Lynx,Golden State Valkyries,4433791,Olivia Miles,2590093,Kiah Stokes,,,27,4
2026-08-24,401857171271,Lynx offensive team rebound,Offensive Rebound,156,False,3,9:50,32,34,Minnesota Lynx,Golden State Valkyries,,,,,,,27,4
2026-08-24,401857171273,Natasha Howard makes driving layup (Napheesa Collier assists),Driving Layup Shot,110,True,3,9:44,34,34,Minnesota Lynx,Golden State Valkyries,2529130,Natasha Howard,3917450,Napheesa Collier,,,27,1
2026-08-24,401857171275,Cecilia Zandalasini makes 20-foot step back jumpshot (Veronica Burton assists),Step Back Jump Shot,132,True,3,9:24,34,36,Minnesota Lynx,Golden State Valkyries,4257500,Cecilia Zandalasini,4398935,Veronica Burton,,,14,17
2026-08-24,401857171276,Olivia Miles misses driving layup,Driving Layup Shot,110,False,3,9:03,34,36,Minnesota Lynx,Golden State Valkyries,4433791,Olivia Miles,,,,,23,1
2026-08-24,401857171277,Natasha Howard offensive rebound,Offensive Rebound,156,False,3,9:02,34,36,Minnesota Lynx,Golden State Valkyries,2529130,Natasha Howard,,,,,23,1
2026-08-24,401857171278,Kiah Stokes shooting foul,Shooting Foul,44,False,3,9:02,34,36,Minnesota Lynx,Golden State Valkyries,2590093,Kiah Stokes,,,,,23,1
2026-08-24,401857171280,Natasha Howard makes free throw 1 of 2,Free Throw - 1 of 2,98,True,3,9:02,35,36,Minnesota Lynx,Golden State Valkyries,2529130,Natasha Howard,,,,,-214748340,-214748365
2026-08-24,401857171281,Natasha Howard makes free throw 2 of 2,Free Throw - 2 of 2,99,True,3,9:02,36,36,Minnesota Lynx,Golden State Valkyries,2529130,Natasha Howard,,,,,-214748340,-214748365
2026-08-24,401857171282,Cecilia Zandalasini misses 26-foot three point jumper,Jump Shot,92,False,3,8:54,36,36,Minnesota Lynx,Golden State Valkyries,4257500,Cecilia Zandalasini,,,,,9,21
2026-08-24,401857171283,Olivia Miles defensive rebound,Defensive Rebound,155,False,3,8:50,36,36,Minnesota Lynx,Golden State Valkyries,4433791,Olivia Miles,,,,,9,21
2026-08-24,401857171284,Napheesa Collier misses 5-foot fade away jump shot,Fade Away Jump Shot,121,False,3,8:39,36,36,Minnesota Lynx,Golden State Valkyries,3917450,Napheesa Collier,,,,,20,2
2026-08-24,401857171285,Kiah Stokes defensive rebound,Defensive Rebound,155,False,3,8:36,36,36,Minnesota Lynx,Golden State Valkyries,2590093,Kiah Stokes,,,,,20,2
2026-08-24,401857171287,Maya Caldwell shooting foul,Shooting Foul,44,False,3,8:22,36,36,Minnesota Lynx,Golden State Valkyries,4280850,Maya Caldwell,,,,,24,6
2026-08-24,401857171289,Cecilia Zandalasini makes free throw 1 of 2,Free Throw - 1 of 2,98,True,3,8:22,36,37,Minnesota Lynx,Golden State Valkyries,4257500,Cecilia Zandalasini,,,,,-214748340,-214748365
2026-08-24,401857171290,Cecilia Zandalasini makes free throw 2 of 2,Free Throw - 2 of 2,99,True,3,8:22,36,38,Minnesota Lynx,Golden State Valkyries,4257500,Cecilia Zandalasini,,,,,-214748340,-214748365
2026-08-24,401857171291,Maya Caldwell misses 25-foot three point jumper,Jump Shot,92,False,3,8:01,36,38,Minnesota Lynx,Golden State Valkyries,4280850,Maya Caldwell,,,,,46,15
2026-08-24,401857171292,Gabby Williams defensive rebound,Defensive Rebound,155,False,3,7:57,36,38,Minnesota Lynx,Golden State Valkyries,3142328,Gabby Williams,,,,,46,15
2026-08-24,401857171293,Gabby Williams misses running layup,Running Layup Shot,109,False,3,7:51,36,38,Minnesota Lynx,Golden State Valkyries,3142328,Gabby Williams,,,,,23,2
2026-08-24,401857171294,Napheesa Collier defensive rebound,Defensive Rebound,155,False,3,7:49,36,38,Minnesota Lynx,Golden State Valkyries,3917450,Napheesa Collier,,,,,23,2
2026-08-24,401857171295,"Napheesa Collier bad pass
turnover (Veronica Burton steals)","Bad Pass
Turnover",62,False,3,7:43,36,38,Minnesota Lynx,Golden State Valkyries,3917450,Napheesa Collier,4398935,Veronica Burton,,,20,9
2026-08-24,401857171297,Maya Caldwell personal foul,Personal Foul,45,False,3,7:26,36,38,Minnesota Lynx,Golden State Valkyries,4280850,Maya Caldwell,,,,,16,2
2026-08-24,401857171299,Tiffany Hayes enters the game for Gabby Williams,Substitution,584,False,3,7:26,36,38,Minnesota Lynx,Golden State Valkyries,1054,Tiffany Hayes,3142328,Gabby Williams,,,-214748340,-214748365
2026-08-24,401857171301,Tiffany Hayes makes 2-foot two point shot,Driving Finger Roll Layup,128,True,3,7:18,36,40,Minnesota Lynx,Golden State Valkyries,1054,Tiffany Hayes,,,,,24,2
2026-08-24,401857171302,"Natasha Howard bad pass
turnover (Veronica Burton steals)","Bad Pass
Turnover",62,False,3,6:57,36,40,Minnesota Lynx,Golden State Valkyries,2529130,Natasha Howard,4398935,Veronica Burton,,,37,12
2026-08-24,401857171304,Tiffany Hayes misses 25-foot three point jumper,Jump Shot,92,False,3,6:49,36,40,Minnesota Lynx,Golden State Valkyries,1054,Tiffany Hayes,,,,,28,25
2026-08-24,401857171305,Lynx defensive team rebound,Defensive Rebound,155,False,3,6:47,36,40,Minnesota Lynx,Golden State Valkyries,,,,,,,28,25
2026-08-24,401857171306,Cecilia Zandalasini loose ball foul,Loose Ball Foul,43,False,3,6:47,36,40,Minnesota Lynx,Golden State Valkyries,4257500,Cecilia Zandalasini,,,,,26,5
2026-08-24,401857171308,Chloe Bibby enters the game for Natasha Howard,Substitution,584,False,3,6:47,36,40,Minnesota Lynx,Golden State Valkyries,4280877,Chloe Bibby,2529130,Natasha Howard,,,-214748340,-214748365
2026-08-24,401857171309,Janelle Salaun enters the game for Kiah Stokes,Substitution,584,False,3,6:47,36,40,Minnesota Lynx,Golden State Valkyries,4790264,Janelle Salaun,2590093,Kiah Stokes,,,-214748340,-214748365
2026-08-24,401857171312,Napheesa Collier misses 3-foot two point shot,Turnaround Bank Jump Shot,136,False,3,6:32,36,40,Minnesota Lynx,Golden State Valkyries,3917450,Napheesa Collier,,,,,27,2
2026-08-24,401857171313,Kayla Thornton defensive rebound,Defensive Rebound,155,False,3,6:29,36,40,Minnesota Lynx,Golden State Valkyries,2529622,Kayla Thornton,,,,,27,2
2026-08-24,401857171314,Cecilia Zandalasini makes 9-foot turnaround jump shot (Janelle Salaun assists),Turnaround Jump Shot,114,True,3,6:08,36,42,Minnesota Lynx,Golden State Valkyries,4257500,Cecilia Zandalasini,4790264,Janelle Salaun,,,29,8
2026-08-24,401857171316,Olivia Miles makes driving layup,Driving Layup Shot,110,True,3,5:56,38,42,Minnesota Lynx,Golden State Valkyries,4433791,Olivia Miles,,,,,22,0
2026-08-24,401857171317,Janelle Salaun misses 23-foot three point pullup jump shot,Pullup Jump Shot,131,False,3,5:35,38,42,Minnesota Lynx,Golden State Valkyries,4790264,Janelle Salaun,,,,,48,6
2026-08-24,401857171318,Kayla McBride defensive rebound,Defensive Rebound,155,False,3,5:32,38,42,Minnesota Lynx,Golden State Valkyries,2529205,Kayla McBride,,,,,48,6
2026-08-24,401857171321,Official timeout,Official Timeout,19,False,3,5:24,38,42,Minnesota Lynx,Golden State Valkyries,,,,,,,-214748340,-214748365
2026-08-24,401857171322,(05:24) [Golden State Valkyries] COACH'S CHALLENGE (CALL OVERTURNED) [Golden State Valkyries] retain their timeout,Coach's Challenge (Overturned),215,False,3,5:24,38,42,Minnesota Lynx,Golden State Valkyries,,,,,,,-214748340,-214748365
2026-08-24,401857171323,Kaila Charles enters the game for Cecilia Zandalasini,Substitution,584,False,3,5:24,38,42,Minnesota Lynx,Golden State Valkyries,4065780,Kaila Charles,4257500,Cecilia Zandalasini,,,-214748340,-214748365
2026-08-24,401857171325,Kayla McBride misses 25-foot three point jumper,Jump Shot,92,False,3,5:19,38,42,Minnesota Lynx,Golden State Valkyries,2529205,Kayla McBride,,,,,40,20
2026-08-24,401857171326,Lynx offensive team rebound,Offensive Rebound,156,False,3,5:16,38,42,Minnesota Lynx,Golden State Valkyries,,,,,,,40,20
2026-08-24,401857171328,Olivia Miles makes driving layup (Napheesa Collier assists),Driving Layup Shot,110,True,3,5:10,40,42,Minnesota Lynx,Golden State Valkyries,4433791,Olivia Miles,3917450,Napheesa Collier,,,28,1
2026-08-24,401857171329,Chloe Bibby shooting foul,Shooting Foul,44,False,3,4:55,40,42,Minnesota Lynx,Golden State Valkyries,4280877,Chloe Bibby,,,,,23,4
2026-08-24,401857171331,Tiffany Hayes makes free throw 1 of 2,Free Throw - 1 of 2,98,True,3,4:55,40,43,Minnesota Lynx,Golden State Valkyries,1054,Tiffany Hayes,,,,,-214748340,-214748365
2026-08-24,401857171332,Kiah Stokes enters the game for Kayla Thornton,Substitution,584,False,3,4:55,40,43,Minnesota Lynx,Golden State Valkyries,2590093,Kiah Stokes,2529622,Kayla Thornton,,,-214748340,-214748365
2026-08-24,401857171334,Tiffany Hayes makes free throw 2 of 2,Free Throw - 2 of 2,99,True,3,4:55,40,44,Minnesota Lynx,Golden State Valkyries,1054,Tiffany Hayes,,,,,-214748340,-214748365
2026-08-24,401857171336,Chloe Bibby misses 23-foot three point jumper,Jump Shot,92,False,3,4:43,40,44,Minnesota Lynx,Golden State Valkyries,4280877,Chloe Bibby,,,,,2,-2
2026-08-24,401857171337,Kiah Stokes defensive rebound,Defensive Rebound,155,False,3,4:41,40,44,Minnesota Lynx,Golden State Valkyries,2590093,Kiah Stokes,,,,,2,-2
2026-08-24,401857171338,Kaila Charles misses 23-foot three point jumper,Jump Shot,92,False,3,4:30,40,44,Minnesota Lynx,Golden State Valkyries,4065780,Kaila Charles,,,,,48,-1
2026-08-24,401857171339,Napheesa Collier defensive rebound,Defensive Rebound,155,False,3,4:28,40,44,Minnesota Lynx,Golden State Valkyries,3917450,Napheesa Collier,,,,,48,-1
2026-08-24,401857171340,Chloe Bibby makes 14-foot driving floating jump shot (Kayla McBride assists),Driving Floating Jump Shot,144,True,3,4:07,42,44,Minnesota Lynx,Golden State Valkyries,4280877,Chloe Bibby,2529205,Kayla McBride,,,25,14
2026-08-24,401857171342,Janelle Salaun misses 7-foot fade away jump shot,Fade Away Jump Shot,121,False,3,3:39,42,44,Minnesota Lynx,Golden State Valkyries,4790264,Janelle Salaun,,,,,18,2
2026-08-24,401857171343,Kiah Stokes offensive rebound,Offensive Rebound,156,False,3,3:35,42,44,Minnesota Lynx,Golden State Valkyries,2590093,Kiah Stokes,,,,,18,2
2026-08-24,401857171344,Kiah Stokes makes tip shot,Tip Shot,94,True,3,3:34,42,46,Minnesota Lynx,Golden State Valkyries,2590093,Kiah Stokes,,,,,28,2
2026-08-24,401857171345,Olivia Miles misses driving floating jump shot,Driving Floating Jump Shot,144,False,3,3:26,42,46,Minnesota Lynx,Golden State Valkyries,4433791,Olivia Miles,,,,,25,11
2026-08-24,401857171346,Lynx offensive team rebound,Offensive Rebound,156,False,3,3:25,42,46,Minnesota Lynx,Golden State Valkyries,,,,,,,25,11
2026-08-24,401857171348,Kayla McBride misses 24-foot three point jumper,Jump Shot,92,False,3,3:18,42,46,Minnesota Lynx,Golden State Valkyries,2529205,Kayla McBride,,,,,18,23
2026-08-24,401857171349,Kiah Stokes defensive rebound,Defensive Rebound,155,False,3,3:15,42,46,Minnesota Lynx,Golden State Valkyries,2590093,Kiah Stokes,,,,,18,23
2026-08-24,401857171350,Tiffany Hayes misses driving floating jump shot,Driving Floating Jump Shot,144,False,3,3:09,42,46,Minnesota Lynx,Golden State Valkyries,1054,Tiffany Hayes,,,,,20,6
2026-08-24,401857171351,Tiffany Hayes offensive rebound,Offensive Rebound,156,False,3,3:07,42,46,Minnesota Lynx,Golden State Valkyries,1054,Tiffany Hayes,,,,,20,6
2026-08-24,401857171352,Olivia Miles personal foul,Personal Foul,45,False,3,3:05,42,46,Minnesota Lynx,Golden State Valkyries,4433791,Olivia Miles,,,,,21,3
2026-08-24,401857171354,Natasha Howard enters the game for Napheesa Collier,Substitution,584,False,3,3:05,42,46,Minnesota Lynx,Golden State Valkyries,2529130,Natasha Howard,3917450,Napheesa Collier,,,-214748340,-214748365
2026-08-24,401857171355,Nia Coffey enters the game for Chloe Bibby,Substitution,584,False,3,3:05,42,46,Minnesota Lynx,Golden State Valkyries,3054590,Nia Coffey,4280877,Chloe Bibby,,,-214748340,-214748365
2026-08-24,401857171356,Kaitlyn Chen enters the game for Veronica Burton,Substitution,584,False,3,3:05,42,46,Minnesota Lynx,Golden State Valkyries,4899328,Kaitlyn Chen,4398935,Veronica Burton,,,-214748340,-214748365
2026-08-24,401857171360,Tiffany Hayes makes 24-foot three point jumper (Kiah Stokes assists),Jump Shot,92,True,3,2:59,42,49,Minnesota Lynx,Golden State Valkyries,1054,Tiffany Hayes,2590093,Kiah Stokes,,,45,13
2026-08-24,401857171362,Kaitlyn Chen shooting foul,Shooting Foul,44,False,3,2:44,42,49,Minnesota Lynx,Golden State Valkyries,4899328,Kaitlyn Chen,,,,,15,2
2026-08-24,401857171364,Kayla McBride makes free throw 1 of 2,Free Throw - 1 of 2,98,True,3,2:44,43,49,Minnesota Lynx,Golden State Valkyries,2529205,Kayla McBride,,,,,-214748340,-214748365
2026-08-24,401857171365,Gabby Williams enters the game for Kaila Charles,Substitution,584,False,3,2:44,43,49,Minnesota Lynx,Golden State Valkyries,3142328,Gabby Williams,4065780,Kaila Charles,,,-214748340,-214748365
2026-08-24,401857171367,Kayla McBride makes free throw 2 of 2,Free Throw - 2 of 2,99,True,3,2:44,44,49,Minnesota Lynx,Golden State Valkyries,2529205,Kayla McBride,,,,,-214748340,-214748365
2026-08-24,401857171368,Janelle Salaun makes 23-foot three pointer (Gabby Williams assists),Pullup Jump Shot,131,True,3,2:24,44,52,Minnesota Lynx,Golden State Valkyries,4790264,Janelle Salaun,3142328,Gabby Williams,,,2,2
2026-08-24,401857171370,Lynx Full timeout,Full Timeout,16,False,3,2:18,44,52,Minnesota Lynx,Golden State Valkyries,,,,,,,-214748340,-214748365
2026-08-24,401857171371,Nia Coffey misses 24-foot three point jumper,Jump Shot,92,False,3,2:03,44,52,Minnesota Lynx,Golden State Valkyries,3054590,Nia Coffey,,,,,35,22
2026-08-24,401857171372,Tiffany Hayes defensive rebound,Defensive Rebound,155,False,3,1:59,44,52,Minnesota Lynx,Golden State Valkyries,1054,Tiffany Hayes,,,,,35,22
2026-08-24,401857171373,Gabby Williams makes 17-foot pullup jump shot (Tiffany Hayes assists),Pullup Jump Shot,131,True,3,1:35,44,54,Minnesota Lynx,Golden State Valkyries,3142328,Gabby Williams,1054,Tiffany Hayes,,,40,9
2026-08-24,401857171375,Kiah Stokes shooting foul,Shooting Foul,44,False,3,1:25,44,54,Minnesota Lynx,Golden State Valkyries,2590093,Kiah Stokes,,,,,25,8
2026-08-24,401857171377,Kayla McBride makes free throw 1 of 2,Free Throw - 1 of 2,98,True,3,1:25,45,54,Minnesota Lynx,Golden State Valkyries,2529205,Kayla McBride,,,,,-214748340,-214748365
2026-08-24,401857171378,Antonia Delaere enters the game for Maya Caldwell,Substitution,584,False,3,1:25,45,54,Minnesota Lynx,Golden State Valkyries,4873358,Antonia Delaere,4280850,Maya Caldwell,,,-214748340,-214748365
2026-08-24,401857171379,Napheesa Collier enters the game for Olivia Miles,Substitution,584,False,3,1:25,45,54,Minnesota Lynx,Golden State Valkyries,3917450,Napheesa Collier,4433791,Olivia Miles,,,-214748340,-214748365
2026-08-24,401857171382,Kayla McBride makes free throw 2 of 2,Free Throw - 2 of 2,99,True,3,1:25,46,54,Minnesota Lynx,Golden State Valkyries,2529205,Kayla McBride,,,,,-214748340,-214748365
2026-08-24,401857171383,Gabby Williams misses 27-foot three point jumper,Jump Shot,92,False,3,1:07,46,54,Minnesota Lynx,Golden State Valkyries,3142328,Gabby Williams,,,,,13,24
2026-08-24,401857171384,Tiffany Hayes offensive rebound,Offensive Rebound,156,False,3,1:03,46,54,Minnesota Lynx,Golden State Valkyries,1054,Tiffany Hayes,,,,,13,24
2026-08-24,401857171385,Tiffany Hayes misses two point shot,Layup Shot Putback,125,False,3,1:03,46,54,Minnesota Lynx,Golden State Valkyries,1054,Tiffany Hayes,,,,,27,1
2026-08-24,401857171386,Kayla McBride defensive rebound,Defensive Rebound,155,False,3,1:00,46,54,Minnesota Lynx,Golden State Valkyries,2529205,Kayla McBride,,,,,27,1
2026-08-24,401857171387,Kiah Stokes blocks Antonia Delaere 's 2-foot driving layup,Driving Layup Shot,110,False,3,41.6,46,54,Minnesota Lynx,Golden State Valkyries,4873358,Antonia Delaere,2590093,Kiah Stokes,,,22,-1
2026-08-24,401857171389,Lynx offensive team rebound,Offensive Rebound,156,False,3,41.6,46,54,Minnesota Lynx,Golden State Valkyries,,,,,,,22,-1
2026-08-24,401857171391,Nia Coffey makes 8-foot two point shot (Antonia Delaere assists),Turnaround Fade Away Jump Shot,137,True,3,38.3,48,54,Minnesota Lynx,Golden State Valkyries,3054590,Nia Coffey,4873358,Antonia Delaere,,,29,7
2026-08-24,401857171393,Natasha Howard shooting foul,Shooting Foul,44,False,3,14.7,48,54,Minnesota Lynx,Golden State Valkyries,2529130,Natasha Howard,,,,,30,1
2026-08-24,401857171395,Gabby Williams misses free throw 1 of 2,Free Throw - 1 of 2,98,False,3,14.7,48,54,Minnesota Lynx,Golden State Valkyries,3142328,Gabby Williams,,,,,-214748340,-214748365
2026-08-24,401857171396,Golden State Valkyries offensive team rebound,Offensive Rebound,156,False,3,14.7,48,54,Minnesota Lynx,Golden State Valkyries,,,,,,,-214748340,-214748365
2026-08-24,401857171397,Veronica Burton enters the game for Kaitlyn Chen,Substitution,584,False,3,14.7,48,54,Minnesota Lynx,Golden State Valkyries,4398935,Veronica Burton,4899328,Kaitlyn Chen,,,-214748340,-214748365
2026-08-24,401857171398,Kaila Charles enters the game for Tiffany Hayes,Substitution,584,False,3,14.7,48,54,Minnesota Lynx,Golden State Valkyries,4065780,Kaila Charles,1054,Tiffany Hayes,,,-214748340,-214748365
2026-08-24,401857171401,Gabby Williams makes free throw 2 of 2,Free Throw - 2 of 2,99,True,3,14.7,48,55,Minnesota Lynx,Golden State Valkyries,3142328,Gabby Williams,,,,,-214748340,-214748365
2026-08-24,401857171402,Natasha Howard misses 20-foot pullup jump shot,Pullup Jump Shot,131,False,3,1.4,48,55,Minnesota Lynx,Golden State Valkyries,2529130,Natasha Howard,,,,,29,20
2026-08-24,401857171403,Lynx offensive team rebound,Offensive Rebound,156,False,3,0.1,48,55,Minnesota Lynx,Golden State Valkyries,,,,,,,29,20
2026-08-24,401857171405,(00:00) [Golden State Valkyries] REF-INITIATED REVIEW (CALL OVERTURNED),Ref-Initiated Review (Overturned),279,False,3,0.0,48,55,Minnesota Lynx,Golden State Valkyries,,,,,,,-214748340,-214748365
2026-08-24,401857171406,End of the 3rd Quarter,End Period,412,False,3,0.0,48,55,Minnesota Lynx,Golden State Valkyries,,,,,,,-214748340,-214748365
2026-08-24,401857171407,Kaitlyn Chen enters the game for Veronica Burton,Substitution,584,False,4,10:00,48,55,Minnesota Lynx,Golden State Valkyries,4899328,Kaitlyn Chen,4398935,Veronica Burton,,,-214748340,-214748365
2026-08-24,401857171408,Cecilia Zandalasini enters the game for Kaila Charles,Substitution,584,False,4,10:00,48,55,Minnesota Lynx,Golden State Valkyries,4257500,Cecilia Zandalasini,4065780,Kaila Charles,,,-214748340,-214748365
2026-08-24,401857171412,Janelle Salaun makes 22-foot three point jumper (Kaitlyn Chen assists),Jump Shot,92,True,4,9:40,48,58,Minnesota Lynx,Golden State Valkyries,4790264,Janelle Salaun,4899328,Kaitlyn Chen,,,2,-1
2026-08-24,401857171414,Natasha Howard out of bounds bad pass turnover,Out of Bounds - Bad Pass Turnover,90,False,4,9:20,48,58,Minnesota Lynx,Golden State Valkyries,2529130,Natasha Howard,,,,,25,24
2026-08-24,401857171415,Natasha Howard blocks Gabby Williams 's 4-foot driving floating jump shot,Driving Floating Jump Shot,144,False,4,9:06,48,58,Minnesota Lynx,Golden State Valkyries,3142328,Gabby Williams,2529130,Natasha Howard,,,21,1
2026-08-24,401857171417,Gabby Williams offensive rebound,Offensive Rebound,156,False,4,9:04,48,58,Minnesota Lynx,Golden State Valkyries,3142328,Gabby Williams,,,,,21,1
2026-08-24,401857171418,Cecilia Zandalasini misses 25-foot three point step back jumpshot,Step Back Jump Shot,132,False,4,8:56,48,58,Minnesota Lynx,Golden State Valkyries,4257500,Cecilia Zandalasini,,,,,16,24
2026-08-24,401857171419,Golden State Valkyries offensive team rebound,Offensive Rebound,156,False,4,8:55,48,58,Minnesota Lynx,Golden State Valkyries,,,,,,,16,24
2026-08-24,401857171420,shot clock turnover ,Shot Clock Turnover,70,False,4,8:55,48,58,Minnesota Lynx,Golden State Valkyries,,,,,,,22,15
2026-08-24,401857171421,Olivia Miles enters the game for Antonia Delaere,Substitution,584,False,4,8:55,48,58,Minnesota Lynx,Golden State Valkyries,4433791,Olivia Miles,4873358,Antonia Delaere,,,-214748340,-214748365
2026-08-24,401857171423,Napheesa Collier misses 24-foot three point jumper,Jump Shot,92,False,4,8:48,48,58,Minnesota Lynx,Golden State Valkyries,3917450,Napheesa Collier,,,,,8,17
2026-08-24,401857171424,Lynx offensive team rebound,Offensive Rebound,156,False,4,8:46,48,58,Minnesota Lynx,Golden State Valkyries,,,,,,,8,17
2026-08-24,401857171426,Kaitlyn Chen shooting foul,Shooting Foul,44,False,4,8:41,48,58,Minnesota Lynx,Golden State Valkyries,4899328,Kaitlyn Chen,,,,,26,7
2026-08-24,401857171428,Kayla McBride makes free throw 1 of 2,Free Throw - 1 of 2,98,True,4,8:41,49,58,Minnesota Lynx,Golden State Valkyries,2529205,Kayla McBride,,,,,-214748340,-214748365
2026-08-24,401857171429,Kayla McBride makes free throw 2 of 2,Free Throw - 2 of 2,99,True,4,8:41,50,58,Minnesota Lynx,Golden State Valkyries,2529205,Kayla McBride,,,,,-214748340,-214748365
2026-08-24,401857171430,Cecilia Zandalasini misses layup,Cutting Layup Shot,141,False,4,8:26,50,58,Minnesota Lynx,Golden State Valkyries,4257500,Cecilia Zandalasini,,,,,23,1
2026-08-24,401857171431,Nia Coffey defensive rebound,Defensive Rebound,155,False,4,8:25,50,58,Minnesota Lynx,Golden State Valkyries,3054590,Nia Coffey,,,,,23,1
2026-08-24,401857171432,Olivia Miles misses 26-foot three point step back jumpshot,Step Back Jump Shot,132,False,4,8:16,50,58,Minnesota Lynx,Golden State Valkyries,4433791,Olivia Miles,,,,,37,23
2026-08-24,401857171433,Gabby Williams defensive rebound,Defensive Rebound,155,False,4,8:13,50,58,Minnesota Lynx,Golden State Valkyries,3142328,Gabby Williams,,,,,37,23
2026-08-24,401857171434,Janelle Salaun lost ball turnover (Natasha Howard steals),Lost Ball Turnover,63,False,4,8:03,50,58,Minnesota Lynx,Golden State Valkyries,4790264,Janelle Salaun,2529130,Natasha Howard,,,21,3
2026-08-24,401857171436,Cecilia Zandalasini shooting foul,Shooting Foul,44,False,4,7:59,50,58,Minnesota Lynx,Golden State Valkyries,4257500,Cecilia Zandalasini,,,,,26,2
2026-08-24,401857171438,Golden State Valkyries Full timeout,Full Timeout,16,False,4,7:59,50,58,Minnesota Lynx,Golden State Valkyries,,,,,,,-214748340,-214748365
2026-08-24,401857171439,Veronica Burton enters the game for Kaitlyn Chen,Substitution,584,False,4,7:59,50,58,Minnesota Lynx,Golden State Valkyries,4398935,Veronica Burton,4899328,Kaitlyn Chen,,,-214748340,-214748365
2026-08-24,401857171441,Natasha Howard misses free throw 1 of 2,Free Throw - 1 of 2,98,False,4,7:59,50,58,Minnesota Lynx,Golden State Valkyries,2529130,Natasha Howard,,,,,-214748340,-214748365
2026-08-24,401857171442,Lynx offensive team rebound,Offensive Rebound,156,False,4,7:59,50,58,Minnesota Lynx,Golden State Valkyries,,,,,,,-214748340,-214748365
2026-08-24,401857171443,Natasha Howard makes free throw 2 of 2,Free Throw - 2 of 2,99,True,4,7:59,51,58,Minnesota Lynx,Golden State Valkyries,2529130,Natasha Howard,,,,,-214748340,-214748365
2026-08-24,401857171444,Gabby Williams misses 24-foot three point jumper,Jump Shot,92,False,4,7:38,51,58,Minnesota Lynx,Golden State Valkyries,3142328,Gabby Williams,,,,,29,24
2026-08-24,401857171445,Janelle Salaun offensive rebound,Offensive Rebound,156,False,4,7:36,51,58,Minnesota Lynx,Golden State Valkyries,4790264,Janelle Salaun,,,,,29,24
2026-08-24,401857171446,Veronica Burton makes 27-foot three point jumper (Cecilia Zandalasini assists),Jump Shot,92,True,4,7:33,51,61,Minnesota Lynx,Golden State Valkyries,4398935,Veronica Burton,4257500,Cecilia Zandalasini,,,25,27
2026-08-24,401857171448,Kayla McBride makes 26-foot three point jumper (Olivia Miles assists),Jump Shot,92,True,4,7:23,54,61,Minnesota Lynx,Golden State Valkyries,2529205,Kayla McBride,4433791,Olivia Miles,,,4,15
2026-08-24,401857171450,Veronica Burton makes driving layup,Driving Layup Shot,110,True,4,7:03,54,63,Minnesota Lynx,Golden State Valkyries,4398935,Veronica Burton,,,,,23,0
2026-08-24,401857171451,Napheesa Collier makes 24-foot three point jumper (Kayla McBride assists),Jump Shot,92,True,4,6:55,57,63,Minnesota Lynx,Golden State Valkyries,3917450,Napheesa Collier,2529205,Kayla McBride,,,8,17
2026-08-24,401857171453,Veronica Burton makes 17-foot step back jumpshot,Step Back Jump Shot,132,True,4,6:29,57,65,Minnesota Lynx,Golden State Valkyries,4398935,Veronica Burton,,,,,14,14
2026-08-24,401857171454,Kayla McBride misses two point shot,Driving Finger Roll Layup,128,False,4,6:16,57,65,Minnesota Lynx,Golden State Valkyries,2529205,Kayla McBride,,,,,25,5
2026-08-24,401857171455,Kiah Stokes defensive rebound,Defensive Rebound,155,False,4,6:14,57,65,Minnesota Lynx,Golden State Valkyries,2590093,Kiah Stokes,,,,,25,5
2026-08-24,401857171456,Gabby Williams makes 25-foot three pointer (Janelle Salaun assists),Pullup Jump Shot,131,True,4,5:55,57,68,Minnesota Lynx,Golden State Valkyries,3142328,Gabby Williams,4790264,Janelle Salaun,,,14,22
2026-08-24,401857171458,Olivia Miles misses two point shot,Driving Finger Roll Layup,128,False,4,5:41,57,68,Minnesota Lynx,Golden State Valkyries,4433791,Olivia Miles,,,,,28,2
2026-08-24,401857171459,Cecilia Zandalasini defensive rebound,Defensive Rebound,155,False,4,5:40,57,68,Minnesota Lynx,Golden State Valkyries,4257500,Cecilia Zandalasini,,,,,28,2
2026-08-24,401857171460,Natasha Howard personal foul,Personal Foul,45,False,4,5:20,57,68,Minnesota Lynx,Golden State Valkyries,2529130,Natasha Howard,,,,,26,6
2026-08-24,401857171463,Nia Coffey blocks Veronica Burton 's 5-foot two point shot,Driving Finger Roll Layup,128,False,4,5:07,57,68,Minnesota Lynx,Golden State Valkyries,4398935,Veronica Burton,3054590,Nia Coffey,,,21,3
2026-08-24,401857171465,Nia Coffey defensive rebound,Defensive Rebound,155,False,4,5:05,57,68,Minnesota Lynx,Golden State Valkyries,3054590,Nia Coffey,,,,,21,3
2026-08-24,401857171466,"Nia Coffey bad pass
turnover (Cecilia Zandalasini steals)","Bad Pass
Turnover",62,False,4,4:56,57,68,Minnesota Lynx,Golden State Valkyries,3054590,Nia Coffey,4257500,Cecilia Zandalasini,,,17,17
2026-08-24,401857171468,Cecilia Zandalasini makes 25-foot three point step back jumpshot (Veronica Burton assists),Step Back Jump Shot,132,True,4,4:39,57,71,Minnesota Lynx,Golden State Valkyries,4257500,Cecilia Zandalasini,4398935,Veronica Burton,,,8,19
2026-08-24,401857171470,Lynx Full timeout,Full Timeout,16,False,4,4:32,57,71,Minnesota Lynx,Golden State Valkyries,,,,,,,-214748340,-214748365
2026-08-24,401857171471,Maya Caldwell enters the game for Nia Coffey,Substitution,584,False,4,4:32,57,71,Minnesota Lynx,Golden State Valkyries,4280850,Maya Caldwell,3054590,Nia Coffey,,,-214748340,-214748365
2026-08-24,401857171473,Cecilia Zandalasini shooting foul,Shooting Foul,44,False,4,4:15,57,71,Minnesota Lynx,Golden State Valkyries,4257500,Cecilia Zandalasini,,,,,22,1
2026-08-24,401857171475,Natasha Howard misses free throw 1 of 2,Free Throw - 1 of 2,98,False,4,4:15,57,71,Minnesota Lynx,Golden State Valkyries,2529130,Natasha Howard,,,,,-214748340,-214748365
2026-08-24,401857171476,Lynx offensive team rebound,Offensive Rebound,156,False,4,4:15,57,71,Minnesota Lynx,Golden State Valkyries,,,,,,,-214748340,-214748365
2026-08-24,401857171477,Natasha Howard makes free throw 2 of 2,Free Throw - 2 of 2,99,True,4,4:15,58,71,Minnesota Lynx,Golden State Valkyries,2529130,Natasha Howard,,,,,-214748340,-214748365
2026-08-24,401857171478,Cecilia Zandalasini makes 27-foot fade away jump shot,Fade Away Jump Shot,121,True,4,3:49,58,74,Minnesota Lynx,Golden State Valkyries,4257500,Cecilia Zandalasini,,,,,44,19
2026-08-24,401857171479,Natasha Howard offensive foul,Offensive Foul,42,False,4,3:43,58,74,Minnesota Lynx,Golden State Valkyries,2529130,Natasha Howard,,,,,39,24
2026-08-24,401857171481,Natasha Howard offensive foul turnover,Offensive Foul Turnover,84,False,4,3:43,58,74,Minnesota Lynx,Golden State Valkyries,2529130,Natasha Howard,,,,,39,24
2026-08-24,401857171482,(03:43) [Golden State Valkyries] REF-INITIATED REVIEW (REPLAY SUPPORTS CALL),Ref-Initiated Review (Supported),278,False,4,3:43,58,74,Minnesota Lynx,Golden State Valkyries,,,,,,,-214748340,-214748365
2026-08-24,401857171483,Eliska Joklova enters the game for Natasha Howard,Substitution,584,False,4,3:43,58,74,Minnesota Lynx,Golden State Valkyries,5345478,Eliska Joklova,2529130,Natasha Howard,,,-214748340,-214748365
2026-08-24,401857171484,Antonia Delaere enters the game for Olivia Miles,Substitution,584,False,4,3:43,58,74,Minnesota Lynx,Golden State Valkyries,4873358,Antonia Delaere,4433791,Olivia Miles,,,-214748340,-214748365
2026-08-24,401857171485,Chloe Bibby enters the game for Kayla McBride,Substitution,584,False,4,3:43,58,74,Minnesota Lynx,Golden State Valkyries,4280877,Chloe Bibby,2529205,Kayla McBride,,,-214748340,-214748365
2026-08-24,401857171486,Dorka Juhasz enters the game for Napheesa Collier,Substitution,584,False,4,3:43,58,74,Minnesota Lynx,Golden State Valkyries,4398938,Dorka Juhasz,3917450,Napheesa Collier,,,-214748340,-214748365
2026-08-24,401857171487,Anastasiia Olairi Kosu enters the game for Maya Caldwell,Substitution,584,False,4,3:43,58,74,Minnesota Lynx,Golden State Valkyries,5278237,Anastasiia Olairi Kosu,4280850,Maya Caldwell,,,-214748340,-214748365
2026-08-24,401857171493,Anastasiia Olairi Kosu shooting foul,Shooting Foul,44,False,4,3:33,58,74,Minnesota Lynx,Golden State Valkyries,5278237,Anastasiia Olairi Kosu,,,,,28,3
2026-08-24,401857171495,Gabby Williams makes free throw 1 of 2,Free Throw - 1 of 2,98,True,4,3:33,58,75,Minnesota Lynx,Golden State Valkyries,3142328,Gabby Williams,,,,,-214748340,-214748365
2026-08-24,401857171496,Gabby Williams misses free throw 2 of 2,Free Throw - 2 of 2,99,False,4,3:33,58,75,Minnesota Lynx,Golden State Valkyries,3142328,Gabby Williams,,,,,-214748340,-214748365
2026-08-24,401857171497,Dorka Juhasz defensive rebound,Defensive Rebound,155,False,4,3:31,58,75,Minnesota Lynx,Golden State Valkyries,4398938,Dorka Juhasz,,,,,-214748340,-214748365
2026-08-24,401857171498,"Chloe Bibby bad pass
turnover (Kiah Stokes steals)","Bad Pass
Turnover",62,False,4,3:14,58,75,Minnesota Lynx,Golden State Valkyries,4280877,Chloe Bibby,2590093,Kiah Stokes,,,24,22
2026-08-24,401857171500,Cecilia Zandalasini makes driving layup,Driving Layup Shot,110,True,4,2:55,58,77,Minnesota Lynx,Golden State Valkyries,4257500,Cecilia Zandalasini,,,,,27,2
2026-08-24,401857171501,Dorka Juhasz makes 26-foot three point jumper (Eliska Joklova assists),Jump Shot,92,True,4,2:46,61,77,Minnesota Lynx,Golden State Valkyries,4398938,Dorka Juhasz,5345478,Eliska Joklova,,,39,23
2026-08-24,401857171503,"Veronica Burton bad pass
turnover (Eliska Joklova steals)","Bad Pass
Turnover",62,False,4,2:27,61,77,Minnesota Lynx,Golden State Valkyries,4398935,Veronica Burton,5345478,Eliska Joklova,,,16,29
2026-08-24,401857171505,"Chloe Bibby bad pass
turnover (Veronica Burton steals)","Bad Pass
Turnover",62,False,4,2:14,61,77,Minnesota Lynx,Golden State Valkyries,4280877,Chloe Bibby,4398935,Veronica Burton,,,38,14
2026-08-24,401857171507,Eliska Joklova personal foul,Personal Foul,45,False,4,2:03,61,77,Minnesota Lynx,Golden State Valkyries,5345478,Eliska Joklova,,,,,9,21
2026-08-24,401857171509,Cecilia Zandalasini misses 25-foot three point jumper,Jump Shot,92,False,4,1:48,61,77,Minnesota Lynx,Golden State Valkyries,4257500,Cecilia Zandalasini,,,,,41,20
2026-08-24,401857171510,Dorka Juhasz defensive rebound,Defensive Rebound,155,False,4,1:48,61,77,Minnesota Lynx,Golden State Valkyries,4398938,Dorka Juhasz,,,,,41,20
2026-08-24,401857171511,Dorka Juhasz misses 23-foot three point jumper,Jump Shot,92,False,4,1:33,61,77,Minnesota Lynx,Golden State Valkyries,4398938,Dorka Juhasz,,,,,48,0
2026-08-24,401857171512,Veronica Burton defensive rebound,Defensive Rebound,155,False,4,1:31,61,77,Minnesota Lynx,Golden State Valkyries,4398935,Veronica Burton,,,,,48,0
2026-08-24,401857171513,Cecilia Zandalasini misses 20-foot jumper,Jump Shot,92,False,4,1:17,61,77,Minnesota Lynx,Golden State Valkyries,4257500,Cecilia Zandalasini,,,,,46,1
2026-08-24,401857171514,Dorka Juhasz defensive rebound,Defensive Rebound,155,False,4,1:12,61,77,Minnesota Lynx,Golden State Valkyries,4398938,Dorka Juhasz,,,,,46,1
2026-08-24,401857171515,Chloe Bibby makes 23-foot three point jumper (Eliska Joklova assists),Jump Shot,92,True,4,1:03,64,77,Minnesota Lynx,Golden State Valkyries,4280877,Chloe Bibby,5345478,Eliska Joklova,,,4,12
2026-08-24,401857171517,Gabby Williams makes 25-foot three point jumper (Veronica Burton assists),Jump Shot,92,True,4,47.0,64,80,Minnesota Lynx,Golden State Valkyries,3142328,Gabby Williams,4398935,Veronica Burton,,,25,25
2026-08-24,401857171519,Veronica Burton personal take foul,Personal Take Foul,22,False,4,42.7,64,80,Minnesota Lynx,Golden State Valkyries,4398935,Veronica Burton,,,,,45,34
2026-08-24,401857171521,Laeticia Amihere enters the game for Gabby Williams,Substitution,584,False,4,42.7,64,80,Minnesota Lynx,Golden State Valkyries,4432834,Laeticia Amihere,3142328,Gabby Williams,,,-214748340,-214748365
2026-08-24,401857171522,Juste Jocyte enters the game for Janelle Salaun,Substitution,584,False,4,42.7,64,80,Minnesota Lynx,Golden State Valkyries,5277552,Juste Jocyte,4790264,Janelle Salaun,,,-214748340,-214748365
2026-08-24,401857171523,Kaitlyn Chen enters the game for Veronica Burton,Substitution,584,False,4,42.7,64,80,Minnesota Lynx,Golden State Valkyries,4899328,Kaitlyn Chen,4398935,Veronica Burton,,,-214748340,-214748365
2026-08-24,401857171524,Nadia Fingall enters the game for Cecilia Zandalasini,Substitution,584,False,4,42.7,64,80,Minnesota Lynx,Golden State Valkyries,4066546,Nadia Fingall,4257500,Cecilia Zandalasini,,,-214748340,-214748365
2026-08-24,401857171525,Miela Sowah enters the game for Kiah Stokes,Substitution,584,False,4,42.7,64,80,Minnesota Lynx,Golden State Valkyries,4398577,Miela Sowah,2590093,Kiah Stokes,,,-214748340,-214748365
2026-08-24,401857171531,Dorka Juhasz makes driving layup (Eliska Joklova assists),Driving Layup Shot,110,True,4,34.6,66,80,Minnesota Lynx,Golden State Valkyries,4398938,Dorka Juhasz,5345478,Eliska Joklova,,,28,1
2026-08-24,401857171533,Miela Sowah misses 29-foot three point jumper,Jump Shot,92,False,4,23.0,66,80,Minnesota Lynx,Golden State Valkyries,4398577,Miela Sowah,,,,,16,28
2026-08-24,401857171534,Antonia Delaere defensive rebound,Defensive Rebound,155,False,4,20.4,66,80,Minnesota Lynx,Golden State Valkyries,4873358,Antonia Delaere,,,,,16,28
2026-08-24,401857171535,Dorka Juhasz misses 23-foot three point jumper,Jump Shot,92,False,4,9.8,66,80,Minnesota Lynx,Golden State Valkyries,4398938,Dorka Juhasz,,,,,45,13
2026-08-24,401857171536,Laeticia Amihere defensive rebound,Defensive Rebound,155,False,4,4.4,66,80,Minnesota Lynx,Golden State Valkyries,4432834,Laeticia Amihere,,,,,45,13
2026-08-24,401857171537,End of the 4th Quarter,End Period,412,False,4,0.0,66,80,Minnesota Lynx,Golden State Valkyries,,,,,,,-214748340,-214748365
2026-08-24,401857171538,End of Game,End Game,402,False,4,0.0,66,80,Minnesota Lynx,Golden State Valkyries,,,,,,,-214748340,-214748365
2026-08-24,4018571724,Angel Reese vs. Dearica Hamby (Naz Hillmon gains possession),Jumpball,615,False,1,10:00,0,0,Los Angeles Sparks,Atlanta Dream,4433402,Angel Reese,2566106,Dearica Hamby,4398915,Naz Hillmon,-214748340,-214748365
2026-08-24,4018571727,Jordin Canada makes 8-foot driving floating jump shot (Allisha Gray assists),Driving Floating Jump Shot,144,True,1,9:41,0,2,Los Angeles Sparks,Atlanta Dream,3142250,Jordin Canada,3058901,Allisha Gray,,,28,7
2026-08-24,4018571729,Nneka Ogwumike misses 10-foot step back jumpshot,Step Back Jump Shot,132,False,1,9:23,0,2,Los Angeles Sparks,Atlanta Dream,1068,Nneka Ogwumike,,,,,35,-1
2026-08-24,40185717210,Nneka Ogwumike offensive rebound,Offensive Rebound,156,False,1,9:22,0,2,Los Angeles Sparks,Atlanta Dream,1068,Nneka Ogwumike,,,,,35,-1
2026-08-24,40185717211,Nneka Ogwumike misses two point shot,Layup Shot Putback,125,False,1,9:20,0,2,Los Angeles Sparks,Atlanta Dream,1068,Nneka Ogwumike,,,,,25,0
2026-08-24,40185717212,Nneka Ogwumike offensive rebound,Offensive Rebound,156,False,1,9:18,0,2,Los Angeles Sparks,Atlanta Dream,1068,Nneka Ogwumike,,,,,25,0
2026-08-24,40185717213,"Erica Wheeler bad pass
turnover (Angel Reese steals)","Bad Pass
Turnover",62,False,1,9:10,0,2,Los Angeles Sparks,Atlanta Dream,2491214,Erica Wheeler,4433402,Angel Reese,,,16,2
2026-08-24,40185717215,Angel Reese misses running layup,Running Layup Shot,109,False,1,9:06,0,2,Los Angeles Sparks,Atlanta Dream,4433402,Angel Reese,,,,,23,5
2026-08-24,40185717216,Jordin Canada offensive rebound,Offensive Rebound,156,False,1,9:03,0,2,Los Angeles Sparks,Atlanta Dream,3142250,Jordin Canada,,,,,23,5
2026-08-24,40185717217,Rhyne Howard misses 25-foot three point jumper,Jump Shot,92,False,1,8:55,0,2,Los Angeles Sparks,Atlanta Dream,4398674,Rhyne Howard,,,,,26,25
2026-08-24,40185717218,Nneka Ogwumike defensive rebound,Defensive Rebound,155,False,1,8:52,0,2,Los Angeles Sparks,Atlanta Dream,1068,Nneka Ogwumike,,,,,26,25
2026-08-24,40185717219,Monique Akoa Makani misses 10-foot pullup jump shot,Pullup Jump Shot,131,False,1,8:43,0,2,Los Angeles Sparks,Atlanta Dream,5274110,Monique Akoa Makani,,,,,27,10
2026-08-24,40185717220,Angel Reese defensive rebound,Defensive Rebound,155,False,1,8:41,0,2,Los Angeles Sparks,Atlanta Dream,4433402,Angel Reese,,,,,27,10
2026-08-24,40185717221,Jordin Canada misses 25-foot three point jumper,Jump Shot,92,False,1,8:33,0,2,Los Angeles Sparks,Atlanta Dream,3142250,Jordin Canada,,,,,14,23
2026-08-24,40185717222,Dearica Hamby defensive rebound,Defensive Rebound,155,False,1,8:31,0,2,Los Angeles Sparks,Atlanta Dream,2566106,Dearica Hamby,,,,,14,23
2026-08-24,40185717223,Dearica Hamby makes driving layup,Driving Layup Shot,110,True,1,8:24,2,2,Los Angeles Sparks,Atlanta Dream,2566106,Dearica Hamby,,,,,24,4
2026-08-24,40185717224,Nneka Ogwumike shooting foul,Shooting Foul,44,False,1,8:08,2,2,Los Angeles Sparks,Atlanta Dream,1068,Nneka Ogwumike,,,,,25,6
2026-08-24,40185717226,Angel Reese makes free throw 1 of 2,Free Throw - 1 of 2,98,True,1,8:08,2,3,Los Angeles Sparks,Atlanta Dream,4433402,Angel Reese,,,,,-214748340,-214748365
2026-08-24,40185717227,Angel Reese makes free throw 2 of 2,Free Throw - 2 of 2,99,True,1,8:08,2,4,Los Angeles Sparks,Atlanta Dream,4433402,Angel Reese,,,,,-214748340,-214748365
2026-08-24,40185717228,Nneka Ogwumike makes 15-foot pullup jump shot (Ariel Atkins assists),Pullup Jump Shot,131,True,1,7:47,4,4,Los Angeles Sparks,Atlanta Dream,1068,Nneka Ogwumike,3146151,Ariel Atkins,,,30,14
2026-08-24,40185717230,Angel Reese lost ball turnover (Monique Akoa Makani steals),Lost Ball Turnover,63,False,1,7:31,4,4,Los Angeles Sparks,Atlanta Dream,4433402,Angel Reese,5274110,Monique Akoa Makani,,,26,21
2026-08-24,40185717232,Angel Reese personal foul,Personal Foul,45,False,1,7:31,4,4,Los Angeles Sparks,Atlanta Dream,4433402,Angel Reese,,,,,37,28
2026-08-24,40185717234,Monique Akoa Makani misses 26-foot three point jumper,Jump Shot,92,False,1,7:21,4,4,Los Angeles Sparks,Atlanta Dream,5274110,Monique Akoa Makani,,,,,46,16
2026-08-24,40185717235,Naz Hillmon defensive rebound,Defensive Rebound,155,False,1,7:19,4,4,Los Angeles Sparks,Atlanta Dream,4398915,Naz Hillmon,,,,,46,16
2026-08-24,40185717236,Rhyne Howard lost ball turnover (Ariel Atkins steals),Lost Ball Turnover,63,False,1,7:01,4,4,Los Angeles Sparks,Atlanta Dream,4398674,Rhyne Howard,3146151,Ariel Atkins,,,33,15
2026-08-24,40185717238,Monique Akoa Makani misses running layup,Running Layup Shot,109,False,1,6:57,4,4,Los Angeles Sparks,Atlanta Dream,5274110,Monique Akoa Makani,,,,,25,3
2026-08-24,40185717239,Rhyne Howard defensive rebound,Defensive Rebound,155,False,1,6:55,4,4,Los Angeles Sparks,Atlanta Dream,4398674,Rhyne Howard,,,,,25,3
2026-08-24,40185717240,Allisha Gray makes running layup,Running Layup Shot,109,True,1,6:48,4,6,Los Angeles Sparks,Atlanta Dream,3058901,Allisha Gray,,,,,24,3
2026-08-24,40185717241,Naz Hillmon shooting foul,Shooting Foul,44,False,1,6:31,4,6,Los Angeles Sparks,Atlanta Dream,4398915,Naz Hillmon,,,,,22,5
2026-08-24,40185717243,Dearica Hamby makes free throw 1 of 2,Free Throw - 1 of 2,98,True,1,6:31,5,6,Los Angeles Sparks,Atlanta Dream,2566106,Dearica Hamby,,,,,-214748340,-214748365
2026-08-24,40185717244,Dearica Hamby misses free throw 2 of 2,Free Throw - 2 of 2,99,False,1,6:31,5,6,Los Angeles Sparks,Atlanta Dream,2566106,Dearica Hamby,,,,,-214748340,-214748365
2026-08-24,40185717245,Angel Reese defensive rebound,Defensive Rebound,155,False,1,6:29,5,6,Los Angeles Sparks,Atlanta Dream,4433402,Angel Reese,,,,,-214748340,-214748365
2026-08-24,40185717246,Allisha Gray makes 26-foot three point jumper (Jordin Canada assists),Jump Shot,92,True,1,6:23,5,9,Los Angeles Sparks,Atlanta Dream,3058901,Allisha Gray,3142250,Jordin Canada,,,45,18
2026-08-24,40185717248,Monique Akoa Makani misses 24-foot three point jumper,Jump Shot,92,False,1,6:10,5,9,Los Angeles Sparks,Atlanta Dream,5274110,Monique Akoa Makani,,,,,11,20
2026-08-24,40185717249,Rhyne Howard defensive rebound,Defensive Rebound,155,False,1,6:08,5,9,Los Angeles Sparks,Atlanta Dream,4398674,Rhyne Howard,,,,,11,20
2026-08-24,40185717250,Rhyne Howard misses 25-foot running jump shot,Running Jump Shot,113,False,1,6:02,5,9,Los Angeles Sparks,Atlanta Dream,4398674,Rhyne Howard,,,,,12,21
2026-08-24,40185717251,Erica Wheeler defensive rebound,Defensive Rebound,155,False,1,5:58,5,9,Los Angeles Sparks,Atlanta Dream,2491214,Erica Wheeler,,,,,12,21
2026-08-24,40185717252,Nneka Ogwumike misses 25-foot three point pullup jump shot,Pullup Jump Shot,131,False,1,5:45,5,9,Los Angeles Sparks,Atlanta Dream,1068,Nneka Ogwumike,,,,,11,21
2026-08-24,40185717253,Rhyne Howard defensive rebound,Defensive Rebound,155,False,1,5:43,5,9,Los Angeles Sparks,Atlanta Dream,4398674,Rhyne Howard,,,,,11,21
2026-08-24,40185717254,Angel Reese misses 5-foot two point shot,Driving Hook Shot,119,False,1,5:32,5,9,Los Angeles Sparks,Atlanta Dream,4433402,Angel Reese,,,,,27,5
2026-08-24,40185717255,Dream offensive team rebound,Offensive Rebound,156,False,1,5:30,5,9,Los Angeles Sparks,Atlanta Dream,,,,,,,27,5
2026-08-24,40185717257,Madina Okot enters the game for Naz Hillmon,Substitution,584,False,1,5:30,5,9,Los Angeles Sparks,Atlanta Dream,5108587,Madina Okot,4398915,Naz Hillmon,,,-214748340,-214748365
2026-08-24,40185717258,Isobel Borlase enters the game for Allisha Gray,Substitution,584,False,1,5:30,5,9,Los Angeles Sparks,Atlanta Dream,5208983,Isobel Borlase,3058901,Allisha Gray,,,-214748340,-214748365
2026-08-24,40185717261,Angel Reese lost ball turnover (Monique Akoa Makani steals),Lost Ball Turnover,63,False,1,5:27,5,9,Los Angeles Sparks,Atlanta Dream,4433402,Angel Reese,5274110,Monique Akoa Makani,,,27,18
2026-08-24,40185717263,Rhyne Howard shooting foul,Shooting Foul,44,False,1,5:24,5,9,Los Angeles Sparks,Atlanta Dream,4398674,Rhyne Howard,,,,,26,7
2026-08-24,40185717265,Monique Akoa Makani makes free throw 1 of 2,Free Throw - 1 of 2,98,True,1,5:24,6,9,Los Angeles Sparks,Atlanta Dream,5274110,Monique Akoa Makani,,,,,-214748340,-214748365
2026-08-24,40185717266,Monique Akoa Makani makes free throw 2 of 2,Free Throw - 2 of 2,99,True,1,5:24,7,9,Los Angeles Sparks,Atlanta Dream,5274110,Monique Akoa Makani,,,,,-214748340,-214748365
2026-08-24,40185717267,Dearica Hamby personal foul,Personal Foul,45,False,1,5:09,7,9,Los Angeles Sparks,Atlanta Dream,2566106,Dearica Hamby,,,,,23,8
2026-08-24,40185717269,Cameron Brink enters the game for Monique Akoa Makani,Substitution,584,False,1,5:09,7,9,Los Angeles Sparks,Atlanta Dream,4433404,Cameron Brink,5274110,Monique Akoa Makani,,,-214748340,-214748365
2026-08-24,40185717270,Chance Gray enters the game for Dearica Hamby,Substitution,584,False,1,5:09,7,9,Los Angeles Sparks,Atlanta Dream,5105729,Chance Gray,2566106,Dearica Hamby,,,-214748340,-214748365
2026-08-24,40185717273,Rhyne Howard lost ball turnover,Lost Ball Turnover,63,False,1,5:04,7,9,Los Angeles Sparks,Atlanta Dream,4398674,Rhyne Howard,,,,,14,23
2026-08-24,40185717275,Rhyne Howard loose ball foul,Loose Ball Foul,43,False,1,5:04,7,9,Los Angeles Sparks,Atlanta Dream,4398674,Rhyne Howard,,,,,16,26
2026-08-24,40185717277,Allisha Gray enters the game for Rhyne Howard,Substitution,584,False,1,5:04,7,9,Los Angeles Sparks,Atlanta Dream,3058901,Allisha Gray,4398674,Rhyne Howard,,,-214748340,-214748365
2026-08-24,40185717279,Cameron Brink lost ball turnover (Angel Reese steals),Lost Ball Turnover,63,False,1,4:46,7,9,Los Angeles Sparks,Atlanta Dream,4433404,Cameron Brink,4433402,Angel Reese,,,25,7
2026-08-24,40185717281,Cameron Brink blocks Madina Okot 's 5-foot turnaround jump shot,Turnaround Jump Shot,114,False,1,4:38,7,9,Los Angeles Sparks,Atlanta Dream,5108587,Madina Okot,4433404,Cameron Brink,,,23,4
2026-08-24,40185717282,Madina Okot offensive rebound,Offensive Rebound,156,False,1,4:35,7,9,Los Angeles Sparks,Atlanta Dream,5108587,Madina Okot,,,,,23,4
2026-08-24,40185717284,Isobel Borlase traveling turnover,Traveling,64,False,1,4:26,7,9,Los Angeles Sparks,Atlanta Dream,5208983,Isobel Borlase,,,,,35,21
2026-08-24,40185717285,Official timeout,Official Timeout,19,False,1,4:26,7,9,Los Angeles Sparks,Atlanta Dream,,,,,,,-214748340,-214748365
2026-08-24,40185717286,Tonie Morgan enters the game for Erica Wheeler,Substitution,584,False,1,4:26,7,9,Los Angeles Sparks,Atlanta Dream,4565515,Tonie Morgan,2491214,Erica Wheeler,,,-214748340,-214748365
2026-08-24,40185717288,Ariel Atkins misses 27-foot three point step back jumpshot,Step Back Jump Shot,132,False,1,4:06,7,9,Los Angeles Sparks,Atlanta Dream,3146151,Ariel Atkins,,,,,15,25
2026-08-24,40185717289,Angel Reese defensive rebound,Defensive Rebound,155,False,1,4:04,7,9,Los Angeles Sparks,Atlanta Dream,4433402,Angel Reese,,,,,15,25
2026-08-24,40185717290,Jordin Canada misses driving layup,Driving Layup Shot,110,False,1,3:58,7,9,Los Angeles Sparks,Atlanta Dream,3142250,Jordin Canada,,,,,21,2
2026-08-24,40185717291,Nneka Ogwumike defensive rebound,Defensive Rebound,155,False,1,3:56,7,9,Los Angeles Sparks,Atlanta Dream,1068,Nneka Ogwumike,,,,,21,2
2026-08-24,40185717292,Nneka Ogwumike makes 10-foot turnaround jump shot (Chance Gray assists),Turnaround Jump Shot,114,True,1,3:40,9,9,Los Angeles Sparks,Atlanta Dream,1068,Nneka Ogwumike,5105729,Chance Gray,,,24,10
2026-08-24,40185717293,Jordin Canada out of bounds bad pass turnover,Out of Bounds - Bad Pass Turnover,90,False,1,3:27,9,9,Los Angeles Sparks,Atlanta Dream,3142250,Jordin Canada,,,,,35,23
2026-08-24,40185717294,Naz Hillmon enters the game for Jordin Canada,Substitution,584,False,1,3:27,9,9,Los Angeles Sparks,Atlanta Dream,4398915,Naz Hillmon,3142250,Jordin Canada,,,-214748340,-214748365
2026-08-24,40185717295,Rhyne Howard enters the game for Angel Reese,Substitution,584,False,1,3:27,9,9,Los Angeles Sparks,Atlanta Dream,4398674,Rhyne Howard,4433402,Angel Reese,,,-214748340,-214748365
2026-08-24,40185717298,Cameron Brink makes 11-foot turnaround jump shot (Tonie Morgan assists),Turnaround Jump Shot,114,True,1,3:13,11,9,Los Angeles Sparks,Atlanta Dream,4433404,Cameron Brink,4565515,Tonie Morgan,,,33,7
2026-08-24,401857172100,Isobel Borlase misses two point shot,Layup Driving Reverse,126,False,1,3:01,11,9,Los Angeles Sparks,Atlanta Dream,5208983,Isobel Borlase,,,,,22,4
2026-08-24,401857172102,Cameron Brink defensive rebound,Defensive Rebound,155,False,1,2:59,11,9,Los Angeles Sparks,Atlanta Dream,4433404,Cameron Brink,,,,,22,4
2026-08-24,401857172103,Madina Okot personal foul,Personal Foul,45,False,1,2:59,11,9,Los Angeles Sparks,Atlanta Dream,5108587,Madina Okot,,,,,29,6
2026-08-24,401857172105,Cameron Brink makes free throw 1 of 2,Free Throw - 1 of 2,98,True,1,2:59,12,9,Los Angeles Sparks,Atlanta Dream,4433404,Cameron Brink,,,,,-214748340,-214748365
2026-08-24,401857172106,Dearica Hamby enters the game for Ariel Atkins,Substitution,584,False,1,2:59,12,9,Los Angeles Sparks,Atlanta Dream,2566106,Dearica Hamby,3146151,Ariel Atkins,,,-214748340,-214748365
2026-08-24,401857172107,Jihyun Park enters the game for Nneka Ogwumike,Substitution,584,False,1,2:59,12,9,Los Angeles Sparks,Atlanta Dream,4874375,Jihyun Park,1068,Nneka Ogwumike,,,-214748340,-214748365
2026-08-24,401857172108,Angel Reese enters the game for Madina Okot,Substitution,584,False,1,2:59,12,9,Los Angeles Sparks,Atlanta Dream,4433402,Angel Reese,5108587,Madina Okot,,,-214748340,-214748365
2026-08-24,401857172112,Cameron Brink makes free throw 2 of 2,Free Throw - 2 of 2,99,True,1,2:59,13,9,Los Angeles Sparks,Atlanta Dream,4433404,Cameron Brink,,,,,-214748340,-214748365
2026-08-24,401857172113,Allisha Gray misses 24-foot three point jumper,Jump Shot,92,False,1,2:40,13,9,Los Angeles Sparks,Atlanta Dream,3058901,Allisha Gray,,,,,5,14
2026-08-24,401857172114,Angel Reese offensive rebound,Offensive Rebound,156,False,1,2:38,13,9,Los Angeles Sparks,Atlanta Dream,4433402,Angel Reese,,,,,5,14
2026-08-24,401857172115,Angel Reese misses two point shot,Layup Shot Putback,125,False,1,2:36,13,9,Los Angeles Sparks,Atlanta Dream,4433402,Angel Reese,,,,,25,4
2026-08-24,401857172116,Allisha Gray offensive rebound,Offensive Rebound,156,False,1,2:34,13,9,Los Angeles Sparks,Atlanta Dream,3058901,Allisha Gray,,,,,25,4
2026-08-24,401857172117,Isobel Borlase misses 25-foot three point jumper,Jump Shot,92,False,1,2:31,13,9,Los Angeles Sparks,Atlanta Dream,5208983,Isobel Borlase,,,,,24,25
2026-08-24,401857172118,Cameron Brink defensive rebound,Defensive Rebound,155,False,1,2:29,13,9,Los Angeles Sparks,Atlanta Dream,4433404,Cameron Brink,,,,,24,25
2026-08-24,401857172119,Cameron Brink misses 27-foot three point jumper,Jump Shot,92,False,1,2:18,13,9,Los Angeles Sparks,Atlanta Dream,4433404,Cameron Brink,,,,,15,25
2026-08-24,401857172120,Allisha Gray defensive rebound,Defensive Rebound,155,False,1,2:16,13,9,Los Angeles Sparks,Atlanta Dream,3058901,Allisha Gray,,,,,15,25
2026-08-24,401857172122,Rhyne Howard makes 10-foot driving floating jump shot (Allisha Gray assists),Driving Floating Jump Shot,144,True,1,2:03,13,11,Los Angeles Sparks,Atlanta Dream,4398674,Rhyne Howard,3058901,Allisha Gray,,,33,7
2026-08-24,401857172123,Tonie Morgan shooting foul,Shooting Foul,44,False,1,2:03,13,11,Los Angeles Sparks,Atlanta Dream,4565515,Tonie Morgan,,,,,33,7
2026-08-24,401857172125,Te-Hina Paopao enters the game for Isobel Borlase,Substitution,584,False,1,2:03,13,11,Los Angeles Sparks,Atlanta Dream,4433431,Te-Hina Paopao,5208983,Isobel Borlase,,,-214748340,-214748365
2026-08-24,401857172127,Rhyne Howard makes free throw 1 of 1,Free Throw - 1 of 1,97,True,1,2:03,13,12,Los Angeles Sparks,Atlanta Dream,4398674,Rhyne Howard,,,,,-214748340,-214748365
2026-08-24,401857172128,Chance Gray lost ball turnover (Te-Hina Paopao steals),Lost Ball Turnover,63,False,1,1:51,13,12,Los Angeles Sparks,Atlanta Dream,5105729,Chance Gray,4433431,Te-Hina Paopao,,,25,10
2026-08-24,401857172130,Cameron Brink blocks Angel Reese's driving layup,Driving Layup Shot,110,False,1,1:41,13,12,Los Angeles Sparks,Atlanta Dream,4433402,Angel Reese,4433404,Cameron Brink,,,26,4
2026-08-24,401857172132,Angel Reese offensive rebound,Offensive Rebound,156,False,1,1:39,13,12,Los Angeles Sparks,Atlanta Dream,4433402,Angel Reese,,,,,26,4
2026-08-24,401857172133,Cameron Brink blocks Angel Reese 's 5-foot turnaround jump shot,Turnaround Jump Shot,114,False,1,1:37,13,12,Los Angeles Sparks,Atlanta Dream,4433402,Angel Reese,4433404,Cameron Brink,,,26,5
2026-08-24,401857172135,Dream offensive team rebound,Offensive Rebound,156,False,1,1:36,13,12,Los Angeles Sparks,Atlanta Dream,,,,,,,26,5
2026-08-24,401857172137,Rhyne Howard makes 26-foot jump bank shot (Te-Hina Paopao assists),Jump Shot Bank,122,True,1,1:33,13,15,Los Angeles Sparks,Atlanta Dream,4398674,Rhyne Howard,4433431,Te-Hina Paopao,,,46,16
2026-08-24,401857172139,Chance Gray misses 23-foot three point jumper,Jump Shot,92,False,1,1:25,13,15,Los Angeles Sparks,Atlanta Dream,5105729,Chance Gray,,,,,2,4
2026-08-24,401857172140,Dream defensive team rebound,Defensive Rebound,155,False,1,1:24,13,15,Los Angeles Sparks,Atlanta Dream,,,,,,,2,4
2026-08-24,401857172142,Te-Hina Paopao misses 27-foot three point jumper,Jump Shot,92,False,1,1:12,13,15,Los Angeles Sparks,Atlanta Dream,4433431,Te-Hina Paopao,,,,,34,26
2026-08-24,401857172143,Dearica Hamby defensive rebound,Defensive Rebound,155,False,1,1:09,13,15,Los Angeles Sparks,Atlanta Dream,2566106,Dearica Hamby,,,,,34,26
2026-08-24,401857172144,Jihyun Park misses 21-foot step back jumpshot,Step Back Jump Shot,132,False,1,59.8,13,15,Los Angeles Sparks,Atlanta Dream,4874375,Jihyun Park,,,,,7,13
2026-08-24,401857172145,Rhyne Howard defensive rebound,Defensive Rebound,155,False,1,57.7,13,15,Los Angeles Sparks,Atlanta Dream,4398674,Rhyne Howard,,,,,7,13
2026-08-24,401857172146,Allisha Gray makes driving layup,Driving Layup Shot,110,True,1,42.4,13,17,Los Angeles Sparks,Atlanta Dream,3058901,Allisha Gray,,,,,22,3
2026-08-24,401857172147,Jihyun Park shooting foul,Shooting Foul,44,False,1,42.4,13,17,Los Angeles Sparks,Atlanta Dream,4874375,Jihyun Park,,,,,22,3
2026-08-24,401857172149,Allisha Gray misses free throw 1 of 1,Free Throw - 1 of 1,97,False,1,42.4,13,17,Los Angeles Sparks,Atlanta Dream,3058901,Allisha Gray,,,,,-214748340,-214748365
2026-08-24,401857172150,Angel Reese offensive rebound,Offensive Rebound,156,False,1,40.0,13,17,Los Angeles Sparks,Atlanta Dream,4433402,Angel Reese,,,,,-214748340,-214748365
2026-08-24,401857172152,Angel Reese offensive foul,Offensive Foul,42,False,1,38.3,13,17,Los Angeles Sparks,Atlanta Dream,4433402,Angel Reese,,,,,23,14
2026-08-24,401857172154,Angel Reese offensive foul turnover,Offensive Foul Turnover,84,False,1,38.3,13,17,Los Angeles Sparks,Atlanta Dream,4433402,Angel Reese,,,,,23,14
2026-08-24,401857172155,Rhyne Howard shooting foul,Shooting Foul,44,False,1,26.9,13,17,Los Angeles Sparks,Atlanta Dream,4398674,Rhyne Howard,,,,,26,6
2026-08-24,401857172157,Dearica Hamby makes free throw 1 of 2,Free Throw - 1 of 2,98,True,1,26.9,14,17,Los Angeles Sparks,Atlanta Dream,2566106,Dearica Hamby,,,,,-214748340,-214748365
2026-08-24,401857172158,Jordin Canada enters the game for Rhyne Howard,Substitution,584,False,1,26.9,14,17,Los Angeles Sparks,Atlanta Dream,3142250,Jordin Canada,4398674,Rhyne Howard,,,-214748340,-214748365
2026-08-24,401857172160,Dearica Hamby makes free throw 2 of 2,Free Throw - 2 of 2,99,True,1,26.9,15,17,Los Angeles Sparks,Atlanta Dream,2566106,Dearica Hamby,,,,,-214748340,-214748365
2026-08-24,401857172162,Naz Hillmon makes 24-foot jump bank shot (Jordin Canada assists),Jump Shot Bank,122,True,1,2.8,15,20,Los Angeles Sparks,Atlanta Dream,4398915,Naz Hillmon,3142250,Jordin Canada,,,9,19
2026-08-24,401857172164,Tonie Morgan misses 46-foot three point pullup jump shot,Pullup Jump Shot,131,False,1,0.7,15,20,Los Angeles Sparks,Atlanta Dream,4565515,Tonie Morgan,,,,,13,45
2026-08-24,401857172165,Sparks offensive team rebound,Offensive Rebound,156,False,1,0.1,15,20,Los Angeles Sparks,Atlanta Dream,,,,,,,37,39
2026-08-24,401857172166,End of the 1st Quarter,End Period,412,False,1,0.0,15,20,Los Angeles Sparks,Atlanta Dream,,,,,,,-214748340,-214748365
2026-08-24,401857172169,Ariel Atkins enters the game for Chance Gray,Substitution,584,False,2,10:00,15,20,Los Angeles Sparks,Atlanta Dream,3146151,Ariel Atkins,5105729,Chance Gray,,,-214748340,-214748365
2026-08-24,401857172172,Dearica Hamby makes 4-foot layup (Cameron Brink assists),Cutting Layup Shot,141,True,2,9:38,17,20,Los Angeles Sparks,Atlanta Dream,2566106,Dearica Hamby,4433404,Cameron Brink,,,27,4
2026-08-24,401857172174,Naz Hillmon lost ball turnover (Cameron Brink steals),Lost Ball Turnover,63,False,2,9:22,17,20,Los Angeles Sparks,Atlanta Dream,4398915,Naz Hillmon,4433404,Cameron Brink,,,28,5
2026-08-24,401857172176,Cameron Brink makes 26-foot three point jumper (Ariel Atkins assists),Jump Shot,92,True,2,9:13,20,20,Los Angeles Sparks,Atlanta Dream,4433404,Cameron Brink,3146151,Ariel Atkins,,,13,23
2026-08-24,401857172178,Angel Reese makes 3-foot layup (Allisha Gray assists),Cutting Layup Shot,141,True,2,8:57,20,22,Los Angeles Sparks,Atlanta Dream,4433402,Angel Reese,3058901,Allisha Gray,,,28,2
2026-08-24,401857172180,Dearica Hamby makes 9-foot hook shot (Ariel Atkins assists),Hook Shot,93,True,2,8:43,22,22,Los Angeles Sparks,Atlanta Dream,2566106,Dearica Hamby,3146151,Ariel Atkins,,,21,8
2026-08-24,401857172182,Cameron Brink shooting foul,Shooting Foul,44,False,2,8:31,22,22,Los Angeles Sparks,Atlanta Dream,4433404,Cameron Brink,,,,,29,6
2026-08-24,401857172184,Jordin Canada makes free throw 1 of 2,Free Throw - 1 of 2,98,True,2,8:31,22,23,Los Angeles Sparks,Atlanta Dream,3142250,Jordin Canada,,,,,-214748340,-214748365
2026-08-24,401857172185,Monique Akoa Makani enters the game for Jihyun Park,Substitution,584,False,2,8:31,22,23,Los Angeles Sparks,Atlanta Dream,5274110,Monique Akoa Makani,4874375,Jihyun Park,,,-214748340,-214748365
2026-08-24,401857172187,Jordin Canada misses free throw 2 of 2,Free Throw - 2 of 2,99,False,2,8:31,22,23,Los Angeles Sparks,Atlanta Dream,3142250,Jordin Canada,,,,,-214748340,-214748365
2026-08-24,401857172188,Angel Reese offensive rebound,Offensive Rebound,156,False,2,8:29,22,23,Los Angeles Sparks,Atlanta Dream,4433402,Angel Reese,,,,,-214748340,-214748365
2026-08-24,401857172189,Jordin Canada misses 25-foot three point jumper,Jump Shot,92,False,2,8:25,22,23,Los Angeles Sparks,Atlanta Dream,3142250,Jordin Canada,,,,,43,18
2026-08-24,401857172190,Cameron Brink defensive rebound,Defensive Rebound,155,False,2,8:23,22,23,Los Angeles Sparks,Atlanta Dream,4433404,Cameron Brink,,,,,43,18
2026-08-24,401857172191,Dearica Hamby misses layup,Layup Shot,95,False,2,8:14,22,23,Los Angeles Sparks,Atlanta Dream,2566106,Dearica Hamby,,,,,27,4
2026-08-24,401857172192,Naz Hillmon defensive rebound,Defensive Rebound,155,False,2,8:12,22,23,Los Angeles Sparks,Atlanta Dream,4398915,Naz Hillmon,,,,,27,4
2026-08-24,401857172193,Ariel Atkins blocks Te-Hina Paopao 's 4-foot running layup,Running Layup Shot,109,False,2,8:07,22,23,Los Angeles Sparks,Atlanta Dream,4433431,Te-Hina Paopao,3146151,Ariel Atkins,,,23,4
2026-08-24,401857172195,Cameron Brink defensive rebound,Defensive Rebound,155,False,2,8:06,22,23,Los Angeles Sparks,Atlanta Dream,4433404,Cameron Brink,,,,,23,4
2026-08-24,401857172196,Dearica Hamby makes driving layup,Driving Layup Shot,110,True,2,7:50,24,23,Los Angeles Sparks,Atlanta Dream,2566106,Dearica Hamby,,,,,28,4
2026-08-24,401857172197,Allisha Gray makes 12-foot pullup jump shot,Pullup Jump Shot,131,True,2,7:32,24,25,Los Angeles Sparks,Atlanta Dream,3058901,Allisha Gray,,,,,30,11
2026-08-24,401857172198,Ariel Atkins makes 26-foot three point jumper (Dearica Hamby assists),Jump Shot,92,True,2,7:16,27,25,Los Angeles Sparks,Atlanta Dream,3146151,Ariel Atkins,2566106,Dearica Hamby,,,41,21
2026-08-24,401857172201,Nneka Ogwumike enters the game for Tonie Morgan,Substitution,584,False,2,6:59,27,25,Los Angeles Sparks,Atlanta Dream,1068,Nneka Ogwumike,4565515,Tonie Morgan,,,-214748340,-214748365
2026-08-24,401857172202,Erica Wheeler enters the game for Cameron Brink,Substitution,584,False,2,6:59,27,25,Los Angeles Sparks,Atlanta Dream,2491214,Erica Wheeler,4433404,Cameron Brink,,,-214748340,-214748365
2026-08-24,401857172203,Isobel Borlase enters the game for Te-Hina Paopao,Substitution,584,False,2,6:59,27,25,Los Angeles Sparks,Atlanta Dream,5208983,Isobel Borlase,4433431,Te-Hina Paopao,,,-214748340,-214748365
2026-08-24,401857172204,Rhyne Howard enters the game for Allisha Gray,Substitution,584,False,2,6:59,27,25,Los Angeles Sparks,Atlanta Dream,4398674,Rhyne Howard,3058901,Allisha Gray,,,-214748340,-214748365
2026-08-24,401857172209,Rhyne Howard lost ball turnover (Ariel Atkins steals),Lost Ball Turnover,63,False,2,6:57,27,25,Los Angeles Sparks,Atlanta Dream,4398674,Rhyne Howard,3146151,Ariel Atkins,,,25,15
2026-08-24,401857172211,Erica Wheeler misses 12-foot pullup jump shot,Pullup Jump Shot,131,False,2,6:47,27,25,Los Angeles Sparks,Atlanta Dream,2491214,Erica Wheeler,,,,,33,9
2026-08-24,401857172212,Angel Reese defensive rebound,Defensive Rebound,155,False,2,6:45,27,25,Los Angeles Sparks,Atlanta Dream,4433402,Angel Reese,,,,,33,9
2026-08-24,401857172213,Rhyne Howard misses 29-foot three point jumper,Jump Shot,92,False,2,6:38,27,25,Los Angeles Sparks,Atlanta Dream,4398674,Rhyne Howard,,,,,38,26
2026-08-24,401857172214,Nneka Ogwumike defensive rebound,Defensive Rebound,155,False,2,6:36,27,25,Los Angeles Sparks,Atlanta Dream,1068,Nneka Ogwumike,,,,,38,26
2026-08-24,401857172215,Nneka Ogwumike makes 3-foot layup (Dearica Hamby assists),Cutting Layup Shot,141,True,2,6:25,29,25,Los Angeles Sparks,Atlanta Dream,1068,Nneka Ogwumike,2566106,Dearica Hamby,,,27,2
2026-08-24,401857172217,Isobel Borlase misses 23-foot three point jumper,Jump Shot,92,False,2,6:12,29,25,Los Angeles Sparks,Atlanta Dream,5208983,Isobel Borlase,,,,,2,1
2026-08-24,401857172218,Monique Akoa Makani defensive rebound,Defensive Rebound,155,False,2,6:10,29,25,Los Angeles Sparks,Atlanta Dream,5274110,Monique Akoa Makani,,,,,2,1
2026-08-24,401857172219,Erica Wheeler makes 9-foot pullup jump shot,Pullup Jump Shot,131,True,2,5:50,31,25,Los Angeles Sparks,Atlanta Dream,2491214,Erica Wheeler,,,,,27,9
2026-08-24,401857172220,Angel Reese makes 7-foot two point shot,Driving Jump Shot Bank,134,True,2,5:36,31,27,Los Angeles Sparks,Atlanta Dream,4433402,Angel Reese,,,,,29,5
2026-08-24,401857172221,Monique Akoa Makani misses 24-foot three point step back jumpshot,Step Back Jump Shot,132,False,2,5:21,31,27,Los Angeles Sparks,Atlanta Dream,5274110,Monique Akoa Makani,,,,,3,12
2026-08-24,401857172222,Sparks offensive team rebound,Offensive Rebound,156,False,2,5:20,31,27,Los Angeles Sparks,Atlanta Dream,,,,,,,3,12
2026-08-24,401857172223,Naz Hillmon loose ball foul,Loose Ball Foul,43,False,2,5:20,31,27,Los Angeles Sparks,Atlanta Dream,4398915,Naz Hillmon,,,,,25,7
2026-08-24,401857172225,Naz Hillmon technical foul,Technical Foul,35,False,2,5:20,31,27,Los Angeles Sparks,Atlanta Dream,4398915,Naz Hillmon,,,,,-214748340,-214748365
2026-08-24,401857172226,Sparks Full timeout,Full Timeout,16,False,2,5:20,31,27,Los Angeles Sparks,Atlanta Dream,,,,,,,-214748340,-214748365
2026-08-24,401857172227,Madina Okot enters the game for Naz Hillmon,Substitution,584,False,2,5:20,31,27,Los Angeles Sparks,Atlanta Dream,5108587,Madina Okot,4398915,Naz Hillmon,,,-214748340,-214748365
2026-08-24,401857172229,Nneka Ogwumike makes technical free throw,Free Throw - Technical,103,True,2,5:20,32,27,Los Angeles Sparks,Atlanta Dream,1068,Nneka Ogwumike,,,,,-214748340,-214748365
2026-08-24,401857172230,Erica Wheeler misses 26-foot three point step back jumpshot,Step Back Jump Shot,132,False,2,5:07,32,27,Los Angeles Sparks,Atlanta Dream,2491214,Erica Wheeler,,,,,34,24
2026-08-24,401857172231,Rhyne Howard defensive rebound,Defensive Rebound,155,False,2,5:05,32,27,Los Angeles Sparks,Atlanta Dream,4398674,Rhyne Howard,,,,,34,24
2026-08-24,401857172233,Madina Okot makes 4-foot layup (Angel Reese assists),Cutting Layup Shot,141,True,2,4:50,32,29,Los Angeles Sparks,Atlanta Dream,5108587,Madina Okot,4433402,Angel Reese,,,27,4
2026-08-24,401857172235,Nneka Ogwumike misses 19-foot jumper,Jump Shot,92,False,2,4:33,32,29,Los Angeles Sparks,Atlanta Dream,1068,Nneka Ogwumike,,,,,35,16
2026-08-24,401857172236,Angel Reese defensive rebound,Defensive Rebound,155,False,2,4:31,32,29,Los Angeles Sparks,Atlanta Dream,4433402,Angel Reese,,,,,35,16
2026-08-24,401857172237,Rhyne Howard misses 28-foot three point pullup jump shot,Pullup Jump Shot,131,False,2,4:15,32,29,Los Angeles Sparks,Atlanta Dream,4398674,Rhyne Howard,,,,,34,27
2026-08-24,401857172238,Erica Wheeler defensive rebound,Defensive Rebound,155,False,2,4:12,32,29,Los Angeles Sparks,Atlanta Dream,2491214,Erica Wheeler,,,,,34,27
2026-08-24,401857172239,"Monique Akoa Makani bad pass
turnover (Rhyne Howard steals)","Bad Pass
Turnover",62,False,2,4:04,32,29,Los Angeles Sparks,Atlanta Dream,5274110,Monique Akoa Makani,4398674,Rhyne Howard,,,12,5
2026-08-24,401857172241,Isobel Borlase makes driving layup,Driving Layup Shot,110,True,2,3:52,32,31,Los Angeles Sparks,Atlanta Dream,5208983,Isobel Borlase,,,,,27,2
2026-08-24,401857172242,Erica Wheeler lost ball turnover (Madina Okot steals),Lost Ball Turnover,63,False,2,3:25,32,31,Los Angeles Sparks,Atlanta Dream,2491214,Erica Wheeler,5108587,Madina Okot,,,24,7
2026-08-24,401857172244,Isobel Borlase misses 25-foot running jump shot,Running Jump Shot,113,False,2,3:17,32,31,Los Angeles Sparks,Atlanta Dream,5208983,Isobel Borlase,,,,,45,16
2026-08-24,401857172245,Nneka Ogwumike defensive rebound,Defensive Rebound,155,False,2,3:15,32,31,Los Angeles Sparks,Atlanta Dream,1068,Nneka Ogwumike,,,,,45,16
2026-08-24,401857172246,Nneka Ogwumike makes 8-foot turnaround jump shot (Dearica Hamby assists),Turnaround Jump Shot,114,True,2,2:59,34,31,Los Angeles Sparks,Atlanta Dream,1068,Nneka Ogwumike,2566106,Dearica Hamby,,,22,7
2026-08-24,401857172248,Rhyne Howard misses 24-foot three point pullup jump shot,Pullup Jump Shot,131,False,2,2:34,34,31,Los Angeles Sparks,Atlanta Dream,4398674,Rhyne Howard,,,,,12,20
2026-08-24,401857172249,Nneka Ogwumike defensive rebound,Defensive Rebound,155,False,2,2:32,34,31,Los Angeles Sparks,Atlanta Dream,1068,Nneka Ogwumike,,,,,12,20
2026-08-24,401857172250,Dearica Hamby misses layup,Cutting Layup Shot,141,False,2,2:20,34,31,Los Angeles Sparks,Atlanta Dream,2566106,Dearica Hamby,,,,,22,3
2026-08-24,401857172251,Angel Reese defensive rebound,Defensive Rebound,155,False,2,2:18,34,31,Los Angeles Sparks,Atlanta Dream,4433402,Angel Reese,,,,,22,3
2026-08-24,401857172252,Nneka Ogwumike kicked ball violation,Kicked Ball,12,False,2,2:08,34,31,Los Angeles Sparks,Atlanta Dream,1068,Nneka Ogwumike,,,,,-214748340,-214748365
2026-08-24,401857172253,Dream Full timeout,Full Timeout,16,False,2,2:08,34,31,Los Angeles Sparks,Atlanta Dream,,,,,,,-214748340,-214748365
2026-08-24,401857172254,Cameron Brink enters the game for Monique Akoa Makani,Substitution,584,False,2,2:08,34,31,Los Angeles Sparks,Atlanta Dream,4433404,Cameron Brink,5274110,Monique Akoa Makani,,,-214748340,-214748365
2026-08-24,401857172255,Chance Gray enters the game for Dearica Hamby,Substitution,584,False,2,2:08,34,31,Los Angeles Sparks,Atlanta Dream,5105729,Chance Gray,2566106,Dearica Hamby,,,-214748340,-214748365
2026-08-24,401857172256,Naz Hillmon enters the game for Jordin Canada,Substitution,584,False,2,2:08,34,31,Los Angeles Sparks,Atlanta Dream,4398915,Naz Hillmon,3142250,Jordin Canada,,,-214748340,-214748365
2026-08-24,401857172257,Allisha Gray enters the game for Madina Okot,Substitution,584,False,2,2:08,34,31,Los Angeles Sparks,Atlanta Dream,3058901,Allisha Gray,5108587,Madina Okot,,,-214748340,-214748365
2026-08-24,401857172262,Rhyne Howard misses 24-foot three point jumper,Jump Shot,92,False,2,2:01,34,31,Los Angeles Sparks,Atlanta Dream,4398674,Rhyne Howard,,,,,48,7
2026-08-24,401857172263,Nneka Ogwumike defensive rebound,Defensive Rebound,155,False,2,1:59,34,31,Los Angeles Sparks,Atlanta Dream,1068,Nneka Ogwumike,,,,,48,7
2026-08-24,401857172264,Erica Wheeler misses 4-foot fade away jump shot,Fade Away Jump Shot,121,False,2,1:36,34,31,Los Angeles Sparks,Atlanta Dream,2491214,Erica Wheeler,,,,,23,4
2026-08-24,401857172265,Angel Reese defensive rebound,Defensive Rebound,155,False,2,1:34,34,31,Los Angeles Sparks,Atlanta Dream,4433402,Angel Reese,,,,,23,4
2026-08-24,401857172266,Allisha Gray offensive foul,Offensive Foul,42,False,2,1:21,34,31,Los Angeles Sparks,Atlanta Dream,3058901,Allisha Gray,,,,,21,4
2026-08-24,401857172268,Allisha Gray offensive foul turnover,Offensive Foul Turnover,84,False,2,1:21,34,31,Los Angeles Sparks,Atlanta Dream,3058901,Allisha Gray,,,,,21,4
2026-08-24,401857172269,Jordin Canada enters the game for Rhyne Howard,Substitution,584,False,2,1:21,34,31,Los Angeles Sparks,Atlanta Dream,3142250,Jordin Canada,4398674,Rhyne Howard,,,-214748340,-214748365
2026-08-24,401857172271,"Nneka Ogwumike bad pass
turnover (Jordin Canada steals)","Bad Pass
Turnover",62,False,2,1:03,34,31,Los Angeles Sparks,Atlanta Dream,1068,Nneka Ogwumike,3142250,Jordin Canada,,,32,23
2026-08-24,401857172273,Naz Hillmon misses 25-foot three point jumper,Jump Shot,92,False,2,55.5,34,31,Los Angeles Sparks,Atlanta Dream,4398915,Naz Hillmon,,,,,6,16
2026-08-24,401857172274,Angel Reese offensive rebound,Offensive Rebound,156,False,2,54.2,34,31,Los Angeles Sparks,Atlanta Dream,4433402,Angel Reese,,,,,6,16
2026-08-24,401857172275,Angel Reese makes two point shot,Layup Shot Putback,125,True,2,53.6,34,33,Los Angeles Sparks,Atlanta Dream,4433402,Angel Reese,,,,,25,0
2026-08-24,401857172276,Nneka Ogwumike makes 11-foot pullup jump shot,Pullup Jump Shot,131,True,2,37.9,36,33,Los Angeles Sparks,Atlanta Dream,1068,Nneka Ogwumike,,,,,32,9
2026-08-24,401857172277,Isobel Borlase shooting foul,Shooting Foul,44,False,2,37.9,36,33,Los Angeles Sparks,Atlanta Dream,5208983,Isobel Borlase,,,,,32,9
2026-08-24,401857172279,Nneka Ogwumike makes free throw 1 of 1,Free Throw - 1 of 1,97,True,2,37.9,37,33,Los Angeles Sparks,Atlanta Dream,1068,Nneka Ogwumike,,,,,-214748340,-214748365
2026-08-24,401857172280,Angel Reese misses driving layup,Driving Layup Shot,110,False,2,23.0,37,33,Los Angeles Sparks,Atlanta Dream,4433402,Angel Reese,,,,,28,3
2026-08-24,401857172281,Nneka Ogwumike defensive rebound,Defensive Rebound,155,False,2,21.3,37,33,Los Angeles Sparks,Atlanta Dream,1068,Nneka Ogwumike,,,,,28,3
2026-08-24,401857172282,Cameron Brink offensive foul,Offensive Foul,42,False,2,15.9,37,33,Los Angeles Sparks,Atlanta Dream,4433404,Cameron Brink,,,,,31,8
2026-08-24,401857172284,Cameron Brink offensive foul turnover,Offensive Foul Turnover,84,False,2,15.9,37,33,Los Angeles Sparks,Atlanta Dream,4433404,Cameron Brink,,,,,31,8
2026-08-24,401857172285,Naz Hillmon makes 23-foot three point jumper (Allisha Gray assists),Jump Shot,92,True,2,0.6,37,36,Los Angeles Sparks,Atlanta Dream,4398915,Naz Hillmon,3058901,Allisha Gray,,,4,11
2026-08-24,401857172287,End of the 2nd Quarter,End Period,412,False,2,0.0,37,36,Los Angeles Sparks,Atlanta Dream,,,,,,,-214748340,-214748365
2026-08-24,401857172288,Dearica Hamby enters the game for Chance Gray,Substitution,584,False,3,10:00,37,36,Los Angeles Sparks,Atlanta Dream,2566106,Dearica Hamby,5105729,Chance Gray,,,-214748340,-214748365
2026-08-24,401857172289,Monique Akoa Makani enters the game for Cameron Brink,Substitution,584,False,3,10:00,37,36,Los Angeles Sparks,Atlanta Dream,5274110,Monique Akoa Makani,4433404,Cameron Brink,,,-214748340,-214748365
2026-08-24,401857172290,Rhyne Howard enters the game for Isobel Borlase,Substitution,584,False,3,10:00,37,36,Los Angeles Sparks,Atlanta Dream,4398674,Rhyne Howard,5208983,Isobel Borlase,,,-214748340,-214748365
2026-08-24,401857172295,Ariel Atkins misses 16-foot pullup jump shot,Pullup Jump Shot,131,False,3,9:43,37,36,Los Angeles Sparks,Atlanta Dream,3146151,Ariel Atkins,,,,,23,16
2026-08-24,401857172296,Angel Reese defensive rebound,Defensive Rebound,155,False,3,9:39,37,36,Los Angeles Sparks,Atlanta Dream,4433402,Angel Reese,,,,,23,16
2026-08-24,401857172297,Naz Hillmon makes 4-foot layup (Rhyne Howard assists),Cutting Layup Shot,141,True,3,9:23,37,38,Los Angeles Sparks,Atlanta Dream,4398915,Naz Hillmon,4398674,Rhyne Howard,,,27,4
2026-08-24,401857172299,Nneka Ogwumike makes 9-foot pullup jump shot,Pullup Jump Shot,131,True,3,9:12,39,38,Los Angeles Sparks,Atlanta Dream,1068,Nneka Ogwumike,,,,,32,6
2026-08-24,401857172300,Allisha Gray makes 26-foot three point jumper (Rhyne Howard assists),Jump Shot,92,True,3,8:54,39,41,Los Angeles Sparks,Atlanta Dream,3058901,Allisha Gray,4398674,Rhyne Howard,,,10,21
2026-08-24,401857172302,Nneka Ogwumike misses 18-foot jumper,Jump Shot,92,False,3,8:35,39,41,Los Angeles Sparks,Atlanta Dream,1068,Nneka Ogwumike,,,,,27,18
2026-08-24,401857172303,Dearica Hamby offensive rebound,Offensive Rebound,156,False,3,8:33,39,41,Los Angeles Sparks,Atlanta Dream,2566106,Dearica Hamby,,,,,27,18
2026-08-24,401857172304,Dearica Hamby misses 5-foot hook shot,Hook Shot,93,False,3,8:25,39,41,Los Angeles Sparks,Atlanta Dream,2566106,Dearica Hamby,,,,,28,4
2026-08-24,401857172305,Naz Hillmon defensive rebound,Defensive Rebound,155,False,3,8:23,39,41,Los Angeles Sparks,Atlanta Dream,4398915,Naz Hillmon,,,,,28,4
2026-08-24,401857172306,Rhyne Howard misses 27-foot three point jumper,Jump Shot,92,False,3,8:17,39,41,Los Angeles Sparks,Atlanta Dream,4398674,Rhyne Howard,,,,,14,24
2026-08-24,401857172307,Dream offensive team rebound,Offensive Rebound,156,False,3,8:16,39,41,Los Angeles Sparks,Atlanta Dream,,,,,,,14,24
2026-08-24,401857172309,Rhyne Howard makes 7-foot two point shot,Driving Finger Roll Layup,128,True,3,8:09,39,43,Los Angeles Sparks,Atlanta Dream,4398674,Rhyne Howard,,,,,25,7
2026-08-24,401857172311,Nneka Ogwumike misses 13-foot pullup jump shot,Pullup Jump Shot,131,False,3,7:47,39,43,Los Angeles Sparks,Atlanta Dream,1068,Nneka Ogwumike,,,,,32,12
2026-08-24,401857172312,Rhyne Howard defensive rebound,Defensive Rebound,155,False,3,7:43,39,43,Los Angeles Sparks,Atlanta Dream,4398674,Rhyne Howard,,,,,32,12
2026-08-24,401857172313,Angel Reese misses layup,Cutting Layup Shot,141,False,3,7:26,39,43,Los Angeles Sparks,Atlanta Dream,4433402,Angel Reese,,,,,29,2
2026-08-24,401857172314,Nneka Ogwumike defensive rebound,Defensive Rebound,155,False,3,7:24,39,43,Los Angeles Sparks,Atlanta Dream,1068,Nneka Ogwumike,,,,,29,2
2026-08-24,401857172315,Ariel Atkins misses 25-foot running jump shot,Running Jump Shot,113,False,3,7:18,39,43,Los Angeles Sparks,Atlanta Dream,3146151,Ariel Atkins,,,,,9,20
2026-08-24,401857172316,Angel Reese defensive rebound,Defensive Rebound,155,False,3,7:16,39,43,Los Angeles Sparks,Atlanta Dream,4433402,Angel Reese,,,,,9,20
2026-08-24,401857172317,Monique Akoa Makani personal foul,Personal Foul,45,False,3,7:12,39,43,Los Angeles Sparks,Atlanta Dream,5274110,Monique Akoa Makani,,,,,18,18
2026-08-24,401857172319,Erica Wheeler personal foul,Personal Foul,45,False,3,7:02,39,43,Los Angeles Sparks,Atlanta Dream,2491214,Erica Wheeler,,,,,33,5
2026-08-24,401857172321,Rhyne Howard misses 25-foot three point jumper,Jump Shot,92,False,3,6:54,39,43,Los Angeles Sparks,Atlanta Dream,4398674,Rhyne Howard,,,,,34,24
2026-08-24,401857172322,Nneka Ogwumike defensive rebound,Defensive Rebound,155,False,3,6:52,39,43,Los Angeles Sparks,Atlanta Dream,1068,Nneka Ogwumike,,,,,34,24
2026-08-24,401857172323,Nneka Ogwumike offensive foul,Offensive Foul,42,False,3,6:39,39,43,Los Angeles Sparks,Atlanta Dream,1068,Nneka Ogwumike,,,,,25,23
2026-08-24,401857172325,Nneka Ogwumike offensive foul turnover,Offensive Foul Turnover,84,False,3,6:39,39,43,Los Angeles Sparks,Atlanta Dream,1068,Nneka Ogwumike,,,,,25,23
2026-08-24,401857172326,Allisha Gray makes 4-foot layup (Angel Reese assists),Cutting Layup Shot,141,True,3,6:26,39,45,Los Angeles Sparks,Atlanta Dream,3058901,Allisha Gray,4433402,Angel Reese,,,24,4
2026-08-24,401857172329,Chance Gray enters the game for Monique Akoa Makani,Substitution,584,False,3,6:20,39,45,Los Angeles Sparks,Atlanta Dream,5105729,Chance Gray,5274110,Monique Akoa Makani,,,-214748340,-214748365
2026-08-24,401857172331,Allisha Gray personal foul,Personal Foul,45,False,3,6:18,39,45,Los Angeles Sparks,Atlanta Dream,3058901,Allisha Gray,,,,,11,3
2026-08-24,401857172333,Nneka Ogwumike makes two point shot (Erica Wheeler assists),Layup Driving Reverse,126,True,3,6:15,41,45,Los Angeles Sparks,Atlanta Dream,1068,Nneka Ogwumike,2491214,Erica Wheeler,,,28,2
2026-08-24,401857172335,Jordin Canada makes 6-foot two point shot,Hook Driving Bank,139,True,3,6:04,41,47,Los Angeles Sparks,Atlanta Dream,3142250,Jordin Canada,,,,,28,6
2026-08-24,401857172336,"Nneka Ogwumike bad pass
turnover (Angel Reese steals)","Bad Pass
Turnover",62,False,3,5:56,41,47,Los Angeles Sparks,Atlanta Dream,1068,Nneka Ogwumike,4433402,Angel Reese,,,20,28
2026-08-24,401857172338,Ariel Atkins personal foul,Personal Foul,45,False,3,5:54,41,47,Los Angeles Sparks,Atlanta Dream,3146151,Ariel Atkins,,,,,18,39
2026-08-24,401857172341,Rhyne Howard makes alley oop layup (Jordin Canada assists),Alley Oop Layup Shot,111,True,3,5:43,41,49,Los Angeles Sparks,Atlanta Dream,4398674,Rhyne Howard,3142250,Jordin Canada,,,23,4
2026-08-24,401857172343,Nneka Ogwumike makes 8-foot pullup jump shot (Erica Wheeler assists),Pullup Jump Shot,131,True,3,5:27,43,49,Los Angeles Sparks,Atlanta Dream,1068,Nneka Ogwumike,2491214,Erica Wheeler,,,28,8
2026-08-24,401857172345,Nneka Ogwumike shooting foul,Shooting Foul,44,False,3,5:07,43,49,Los Angeles Sparks,Atlanta Dream,1068,Nneka Ogwumike,,,,,19,5
2026-08-24,401857172347,Allisha Gray makes free throw 1 of 2,Free Throw - 1 of 2,98,True,3,5:07,43,50,Los Angeles Sparks,Atlanta Dream,3058901,Allisha Gray,,,,,-214748340,-214748365
2026-08-24,401857172348,Allisha Gray makes free throw 2 of 2,Free Throw - 2 of 2,99,True,3,5:07,43,51,Los Angeles Sparks,Atlanta Dream,3058901,Allisha Gray,,,,,-214748340,-214748365
2026-08-24,401857172349,Ariel Atkins misses 30-foot three point pullup jump shot,Pullup Jump Shot,131,False,3,4:47,43,51,Los Angeles Sparks,Atlanta Dream,3146151,Ariel Atkins,,,,,37,28
2026-08-24,401857172350,Angel Reese defensive rebound,Defensive Rebound,155,False,3,4:45,43,51,Los Angeles Sparks,Atlanta Dream,4433402,Angel Reese,,,,,37,28
2026-08-24,401857172351,Rhyne Howard out of bounds bad pass turnover,Out of Bounds - Bad Pass Turnover,90,False,3,4:29,43,51,Los Angeles Sparks,Atlanta Dream,4398674,Rhyne Howard,,,,,25,17
2026-08-24,401857172352,Official timeout,Official Timeout,19,False,3,4:29,43,51,Los Angeles Sparks,Atlanta Dream,,,,,,,-214748340,-214748365
2026-08-24,401857172353,Cameron Brink enters the game for Dearica Hamby,Substitution,584,False,3,4:29,43,51,Los Angeles Sparks,Atlanta Dream,4433404,Cameron Brink,2566106,Dearica Hamby,,,-214748340,-214748365
2026-08-24,401857172354,Tonie Morgan enters the game for Erica Wheeler,Substitution,584,False,3,4:29,43,51,Los Angeles Sparks,Atlanta Dream,4565515,Tonie Morgan,2491214,Erica Wheeler,,,-214748340,-214748365
2026-08-24,401857172355,Isobel Borlase enters the game for Allisha Gray,Substitution,584,False,3,4:29,43,51,Los Angeles Sparks,Atlanta Dream,5208983,Isobel Borlase,3058901,Allisha Gray,,,-214748340,-214748365
2026-08-24,401857172359,Nneka Ogwumike makes 12-foot turnaround jump shot (Ariel Atkins assists),Turnaround Jump Shot,114,True,3,4:15,45,51,Los Angeles Sparks,Atlanta Dream,1068,Nneka Ogwumike,3146151,Ariel Atkins,,,35,8
2026-08-24,401857172361,Rhyne Howard misses 26-foot three point jumper,Jump Shot,92,False,3,4:00,45,51,Los Angeles Sparks,Atlanta Dream,4398674,Rhyne Howard,,,,,11,22
2026-08-24,401857172362,Sparks defensive team rebound,Defensive Rebound,155,False,3,4:00,45,51,Los Angeles Sparks,Atlanta Dream,,,,,,,11,22
2026-08-24,401857172364,Rhyne Howard shooting foul,Shooting Foul,44,False,3,3:47,45,51,Los Angeles Sparks,Atlanta Dream,4398674,Rhyne Howard,,,,,23,6
2026-08-24,401857172366,Ariel Atkins makes free throw 1 of 2,Free Throw - 1 of 2,98,True,3,3:47,46,51,Los Angeles Sparks,Atlanta Dream,3146151,Ariel Atkins,,,,,-214748340,-214748365
2026-08-24,401857172367,Allisha Gray enters the game for Rhyne Howard,Substitution,584,False,3,3:47,46,51,Los Angeles Sparks,Atlanta Dream,3058901,Allisha Gray,4398674,Rhyne Howard,,,-214748340,-214748365
2026-08-24,401857172369,Ariel Atkins makes free throw 2 of 2,Free Throw - 2 of 2,99,True,3,3:47,47,51,Los Angeles Sparks,Atlanta Dream,3146151,Ariel Atkins,,,,,-214748340,-214748365
2026-08-24,401857172370,Jordin Canada makes 3-foot two point shot,Driving Finger Roll Layup,128,True,3,3:36,47,53,Los Angeles Sparks,Atlanta Dream,3142250,Jordin Canada,,,,,27,3
2026-08-24,401857172372,Tonie Morgan misses driving layup,Driving Layup Shot,110,False,3,3:22,47,53,Los Angeles Sparks,Atlanta Dream,4565515,Tonie Morgan,,,,,22,4
2026-08-24,401857172373,Angel Reese defensive rebound,Defensive Rebound,155,False,3,3:20,47,53,Los Angeles Sparks,Atlanta Dream,4433402,Angel Reese,,,,,22,4
2026-08-24,401857172374,Allisha Gray misses 25-foot three point jumper,Jump Shot,92,False,3,3:14,47,53,Los Angeles Sparks,Atlanta Dream,3058901,Allisha Gray,,,,,44,17
2026-08-24,401857172375,Tonie Morgan defensive rebound,Defensive Rebound,155,False,3,3:11,47,53,Los Angeles Sparks,Atlanta Dream,4565515,Tonie Morgan,,,,,44,17
2026-08-24,401857172376,Ariel Atkins misses driving floating jump shot,Driving Floating Jump Shot,144,False,3,2:58,47,53,Los Angeles Sparks,Atlanta Dream,3146151,Ariel Atkins,,,,,33,10
2026-08-24,401857172377,Cameron Brink offensive rebound,Offensive Rebound,156,False,3,2:55,47,53,Los Angeles Sparks,Atlanta Dream,4433404,Cameron Brink,,,,,33,10
2026-08-24,401857172378,Cameron Brink misses 23-foot three point pullup jump shot,Pullup Jump Shot,131,False,3,2:53,47,53,Los Angeles Sparks,Atlanta Dream,4433404,Cameron Brink,,,,,2,4
2026-08-24,401857172379,Nneka Ogwumike offensive rebound,Offensive Rebound,156,False,3,2:51,47,53,Los Angeles Sparks,Atlanta Dream,1068,Nneka Ogwumike,,,,,2,4
2026-08-24,401857172380,Nneka Ogwumike makes two point shot,Layup Shot Putback,125,True,3,2:49,49,53,Los Angeles Sparks,Atlanta Dream,1068,Nneka Ogwumike,,,,,24,3
2026-08-24,401857172381,Cameron Brink personal foul,Personal Foul,45,False,3,2:34,49,53,Los Angeles Sparks,Atlanta Dream,4433404,Cameron Brink,,,,,24,10
2026-08-24,401857172383,(02:34) [Dream] REF-INITIATED REVIEW (REPLAY SUPPORTS CALL),Ref-Initiated Review (Supported),278,False,3,2:34,49,53,Los Angeles Sparks,Atlanta Dream,,,,,,,-214748340,-214748365
2026-08-24,401857172384,Madina Okot enters the game for Naz Hillmon,Substitution,584,False,3,2:34,49,53,Los Angeles Sparks,Atlanta Dream,5108587,Madina Okot,4398915,Naz Hillmon,,,-214748340,-214748365
2026-08-24,401857172386,Allisha Gray makes free throw 1 of 2,Free Throw - 1 of 2,98,True,3,2:34,49,54,Los Angeles Sparks,Atlanta Dream,3058901,Allisha Gray,,,,,-214748340,-214748365
2026-08-24,401857172387,Dearica Hamby enters the game for Ariel Atkins,Substitution,584,False,3,2:34,49,54,Los Angeles Sparks,Atlanta Dream,2566106,Dearica Hamby,3146151,Ariel Atkins,,,-214748340,-214748365
2026-08-24,401857172388,Jihyun Park enters the game for Nneka Ogwumike,Substitution,584,False,3,2:34,49,54,Los Angeles Sparks,Atlanta Dream,4874375,Jihyun Park,1068,Nneka Ogwumike,,,-214748340,-214748365
2026-08-24,401857172391,Allisha Gray makes free throw 2 of 2,Free Throw - 2 of 2,99,True,3,2:34,49,55,Los Angeles Sparks,Atlanta Dream,3058901,Allisha Gray,,,,,-214748340,-214748365
2026-08-24,401857172392,Dearica Hamby makes driving layup,Driving Layup Shot,110,True,3,2:20,51,55,Los Angeles Sparks,Atlanta Dream,2566106,Dearica Hamby,,,,,25,2
2026-08-24,401857172393,Isobel Borlase makes 14-foot pullup jump shot,Pullup Jump Shot,131,True,3,2:02,51,57,Los Angeles Sparks,Atlanta Dream,5208983,Isobel Borlase,,,,,20,13
2026-08-24,401857172394,Dearica Hamby makes layup (Jihyun Park assists),Layup Shot,95,True,3,1:36,53,57,Los Angeles Sparks,Atlanta Dream,2566106,Dearica Hamby,4874375,Jihyun Park,,,24,2
2026-08-24,401857172396,Jihyun Park personal foul,Personal Foul,45,False,3,1:23,53,57,Los Angeles Sparks,Atlanta Dream,4874375,Jihyun Park,,,,,31,15
2026-08-24,401857172398,Isobel Borlase makes free throw 1 of 2,Free Throw - 1 of 2,98,True,3,1:23,53,58,Los Angeles Sparks,Atlanta Dream,5208983,Isobel Borlase,,,,,-214748340,-214748365
2026-08-24,401857172399,Naz Hillmon enters the game for Jordin Canada,Substitution,584,False,3,1:23,53,58,Los Angeles Sparks,Atlanta Dream,4398915,Naz Hillmon,3142250,Jordin Canada,,,-214748340,-214748365
2026-08-24,401857172400,Rhyne Howard enters the game for Angel Reese,Substitution,584,False,3,1:23,53,58,Los Angeles Sparks,Atlanta Dream,4398674,Rhyne Howard,4433402,Angel Reese,,,-214748340,-214748365
2026-08-24,401857172403,Isobel Borlase makes free throw 2 of 2,Free Throw - 2 of 2,99,True,3,1:23,53,59,Los Angeles Sparks,Atlanta Dream,5208983,Isobel Borlase,,,,,-214748340,-214748365
2026-08-24,401857172404,Madina Okot personal foul,Personal Foul,45,False,3,1:14,53,59,Los Angeles Sparks,Atlanta Dream,5108587,Madina Okot,,,,,35,7
2026-08-24,401857172406,Tonie Morgan misses driving layup,Driving Layup Shot,110,False,3,1:06,53,59,Los Angeles Sparks,Atlanta Dream,4565515,Tonie Morgan,,,,,28,5
2026-08-24,401857172407,Isobel Borlase defensive rebound,Defensive Rebound,155,False,3,1:04,53,59,Los Angeles Sparks,Atlanta Dream,5208983,Isobel Borlase,,,,,28,5
2026-08-24,401857172408,Rhyne Howard misses 13-foot fade away jump shot,Fade Away Jump Shot,121,False,3,54.2,53,59,Los Angeles Sparks,Atlanta Dream,4398674,Rhyne Howard,,,,,14,8
2026-08-24,401857172416,Naz Hillmon offensive rebound,Offensive Rebound,156,False,3,52.5,53,59,Los Angeles Sparks,Atlanta Dream,4398915,Naz Hillmon,,,,,14,8
2026-08-24,401857172421,Naz Hillmon misses two point shot,Layup Shot Putback,125,False,3,51.6,53,59,Los Angeles Sparks,Atlanta Dream,4398915,Naz Hillmon,,,,,26,2
2026-08-24,401857172422,Naz Hillmon offensive rebound,Offensive Rebound,156,False,3,49.8,53,59,Los Angeles Sparks,Atlanta Dream,4398915,Naz Hillmon,,,,,26,2
2026-08-24,401857172410,Isobel Borlase misses 24-foot three point jumper,Jump Shot,92,False,3,48.0,53,59,Los Angeles Sparks,Atlanta Dream,5208983,Isobel Borlase,,,,,21,24
2026-08-24,401857172411,Naz Hillmon offensive rebound,Offensive Rebound,156,False,3,45.3,53,59,Los Angeles Sparks,Atlanta Dream,4398915,Naz Hillmon,,,,,21,24
2026-08-24,401857172412,Allisha Gray misses 25-foot three point jumper,Jump Shot,92,False,3,41.6,53,59,Los Angeles Sparks,Atlanta Dream,3058901,Allisha Gray,,,,,12,21
2026-08-24,401857172413,Sparks defensive team rebound,Defensive Rebound,155,False,3,39.5,53,59,Los Angeles Sparks,Atlanta Dream,,,,,,,12,21
2026-08-24,401857172414,Cameron Brink makes 4-foot turnaround jump shot (Tonie Morgan assists),Turnaround Jump Shot,114,True,3,27.4,55,59,Los Angeles Sparks,Atlanta Dream,4433404,Cameron Brink,4565515,Tonie Morgan,,,25,4
2026-08-24,401857172417,Rhyne Howard makes 4-foot two point shot,Driving Jump Shot Bank,134,True,3,8.3,55,61,Los Angeles Sparks,Atlanta Dream,4398674,Rhyne Howard,,,,,29,2
2026-08-24,401857172418,Tonie Morgan shooting foul,Shooting Foul,44,False,3,8.3,55,61,Los Angeles Sparks,Atlanta Dream,4565515,Tonie Morgan,,,,,29,2
2026-08-24,401857172420,(00:08.3) [Sparks] COACH'S CHALLENGE (REPLAY SUPPORTS CALL) [Sparks] charged with a timeout,Coach's Challenge (Supported),214,False,3,8.3,55,61,Los Angeles Sparks,Atlanta Dream,,,,,,,-214748340,-214748365
2026-08-24,401857172423,Jordin Canada enters the game for Madina Okot,Substitution,584,False,3,8.3,55,61,Los Angeles Sparks,Atlanta Dream,3142250,Jordin Canada,5108587,Madina Okot,,,-214748340,-214748365
2026-08-24,401857172424,Angel Reese enters the game for Isobel Borlase,Substitution,584,False,3,8.3,55,61,Los Angeles Sparks,Atlanta Dream,4433402,Angel Reese,5208983,Isobel Borlase,,,-214748340,-214748365
2026-08-24,401857172427,Rhyne Howard makes free throw 1 of 1,Free Throw - 1 of 1,97,True,3,8.3,55,62,Los Angeles Sparks,Atlanta Dream,4398674,Rhyne Howard,,,,,-214748340,-214748365
2026-08-24,401857172431,Sparks Full timeout,Full Timeout,16,False,3,8.3,55,62,Los Angeles Sparks,Atlanta Dream,,,,,,,-214748340,-214748365
2026-08-24,401857172428,Tonie Morgan misses driving layup,Driving Layup Shot,110,False,3,2.3,55,62,Los Angeles Sparks,Atlanta Dream,4565515,Tonie Morgan,,,,,24,4
2026-08-24,401857172429,Angel Reese defensive rebound,Defensive Rebound,155,False,3,1.3,55,62,Los Angeles Sparks,Atlanta Dream,4433402,Angel Reese,,,,,24,4
2026-08-24,401857172430,End of the 3rd Quarter,End Period,412,False,3,0.0,55,62,Los Angeles Sparks,Atlanta Dream,,,,,,,-214748340,-214748365
2026-08-24,401857172432,Monique Akoa Makani enters the game for Tonie Morgan,Substitution,584,False,4,10:00,55,62,Los Angeles Sparks,Atlanta Dream,5274110,Monique Akoa Makani,4565515,Tonie Morgan,,,-214748340,-214748365
2026-08-24,401857172433,Erica Wheeler enters the game for Jihyun Park,Substitution,584,False,4,10:00,55,62,Los Angeles Sparks,Atlanta Dream,2491214,Erica Wheeler,4874375,Jihyun Park,,,-214748340,-214748365
2026-08-24,401857172437,Naz Hillmon makes 4-foot layup (Rhyne Howard assists),Cutting Layup Shot,141,True,4,9:40,55,64,Los Angeles Sparks,Atlanta Dream,4398915,Naz Hillmon,4398674,Rhyne Howard,,,23,4
2026-08-24,401857172438,Monique Akoa Makani offensive foul,Offensive Foul,42,False,4,9:28,55,64,Los Angeles Sparks,Atlanta Dream,5274110,Monique Akoa Makani,,,,,22,24
2026-08-24,401857172440,Monique Akoa Makani offensive foul turnover,Offensive Foul Turnover,84,False,4,9:28,55,64,Los Angeles Sparks,Atlanta Dream,5274110,Monique Akoa Makani,,,,,22,24
2026-08-24,401857172442,Rhyne Howard misses 14-foot pullup jump shot,Pullup Jump Shot,131,False,4,9:16,55,64,Los Angeles Sparks,Atlanta Dream,4398674,Rhyne Howard,,,,,33,12
2026-08-24,401857172443,Dream offensive team rebound,Offensive Rebound,156,False,4,9:15,55,64,Los Angeles Sparks,Atlanta Dream,,,,,,,33,12
2026-08-24,401857172444,Cameron Brink loose ball foul,Loose Ball Foul,43,False,4,9:15,55,64,Los Angeles Sparks,Atlanta Dream,4433404,Cameron Brink,,,,,28,7
2026-08-24,401857172446,Jordin Canada makes 4-foot two point shot,Driving Finger Roll Layup,128,True,4,9:05,55,66,Los Angeles Sparks,Atlanta Dream,3142250,Jordin Canada,,,,,22,3
2026-08-24,401857172447,Dearica Hamby misses driving floating jump shot,Driving Floating Jump Shot,144,False,4,8:38,55,66,Los Angeles Sparks,Atlanta Dream,2566106,Dearica Hamby,,,,,23,7
2026-08-24,401857172448,Angel Reese defensive rebound,Defensive Rebound,155,False,4,8:36,55,66,Los Angeles Sparks,Atlanta Dream,4433402,Angel Reese,,,,,23,7
2026-08-24,401857172449,Monique Akoa Makani personal foul,Personal Foul,45,False,4,8:28,55,66,Los Angeles Sparks,Atlanta Dream,5274110,Monique Akoa Makani,,,,,29,7
2026-08-24,401857172451,Ariel Atkins enters the game for Chance Gray,Substitution,584,False,4,8:28,55,66,Los Angeles Sparks,Atlanta Dream,3146151,Ariel Atkins,5105729,Chance Gray,,,-214748340,-214748365
2026-08-24,401857172453,Rhyne Howard misses 6-foot two point shot,Driving Hook Shot,119,False,4,8:19,55,66,Los Angeles Sparks,Atlanta Dream,4398674,Rhyne Howard,,,,,29,5
2026-08-24,401857172454,Angel Reese offensive rebound,Offensive Rebound,156,False,4,8:17,55,66,Los Angeles Sparks,Atlanta Dream,4433402,Angel Reese,,,,,29,5
2026-08-24,401857172455,Dearica Hamby blocks Angel Reese's two point shot,Layup Shot Putback,125,False,4,8:16,55,66,Los Angeles Sparks,Atlanta Dream,4433402,Angel Reese,2566106,Dearica Hamby,,,25,0
2026-08-24,401857172456,Jordin Canada offensive rebound,Offensive Rebound,156,False,4,8:14,55,66,Los Angeles Sparks,Atlanta Dream,3142250,Jordin Canada,,,,,25,0
2026-08-24,401857172457,Allisha Gray misses 26-foot three point jumper,Jump Shot,92,False,4,8:12,55,66,Los Angeles Sparks,Atlanta Dream,3058901,Allisha Gray,,,,,23,26
2026-08-24,401857172458,Cameron Brink defensive rebound,Defensive Rebound,155,False,4,8:10,55,66,Los Angeles Sparks,Atlanta Dream,4433404,Cameron Brink,,,,,23,26
2026-08-24,401857172460,Dearica Hamby misses 7-foot two point shot,Driving Hook Shot,119,False,4,7:51,55,66,Los Angeles Sparks,Atlanta Dream,2566106,Dearica Hamby,,,,,28,7
2026-08-24,401857172461,Angel Reese defensive rebound,Defensive Rebound,155,False,4,7:49,55,66,Los Angeles Sparks,Atlanta Dream,4433402,Angel Reese,,,,,28,7
2026-08-24,401857172462,Rhyne Howard makes 23-foot three point jumper (Allisha Gray assists),Jump Shot,92,True,4,7:43,55,69,Los Angeles Sparks,Atlanta Dream,4398674,Rhyne Howard,3058901,Allisha Gray,,,2,6
2026-08-24,401857172464,Sparks Full timeout,Full Timeout,16,False,4,7:41,55,69,Los Angeles Sparks,Atlanta Dream,,,,,,,-214748340,-214748365
2026-08-24,401857172466,Nneka Ogwumike enters the game for Dearica Hamby,Substitution,584,False,4,7:41,55,69,Los Angeles Sparks,Atlanta Dream,1068,Nneka Ogwumike,2566106,Dearica Hamby,,,-214748340,-214748365
2026-08-24,401857172468,Nneka Ogwumike out of bounds bad pass turnover,Out of Bounds - Bad Pass Turnover,90,False,4,7:27,55,69,Los Angeles Sparks,Atlanta Dream,1068,Nneka Ogwumike,,,,,34,10
2026-08-24,401857172469,Allisha Gray makes 3-foot layup (Angel Reese assists),Cutting Layup Shot,141,True,4,7:14,55,71,Los Angeles Sparks,Atlanta Dream,3058901,Allisha Gray,4433402,Angel Reese,,,23,2
2026-08-24,401857172471,Ariel Atkins makes 14-foot pullup jump shot (Erica Wheeler assists),Pullup Jump Shot,131,True,4,6:57,57,71,Los Angeles Sparks,Atlanta Dream,3146151,Ariel Atkins,2491214,Erica Wheeler,,,13,7
2026-08-24,401857172473,Rhyne Howard misses 24-foot three point pullup jump shot,Pullup Jump Shot,131,False,4,6:50,57,71,Los Angeles Sparks,Atlanta Dream,4398674,Rhyne Howard,,,,,6,15
2026-08-24,401857172474,Nneka Ogwumike defensive rebound,Defensive Rebound,155,False,4,6:48,57,71,Los Angeles Sparks,Atlanta Dream,1068,Nneka Ogwumike,,,,,6,15
2026-08-24,401857172475,Angel Reese personal foul,Personal Foul,45,False,4,6:43,57,71,Los Angeles Sparks,Atlanta Dream,4433402,Angel Reese,,,,,32,3
2026-08-24,401857172477,Isobel Borlase enters the game for Allisha Gray,Substitution,584,False,4,6:43,57,71,Los Angeles Sparks,Atlanta Dream,5208983,Isobel Borlase,3058901,Allisha Gray,,,-214748340,-214748365
2026-08-24,401857172479,Monique Akoa Makani misses 16-foot pullup jump shot,Pullup Jump Shot,131,False,4,6:36,57,71,Los Angeles Sparks,Atlanta Dream,5274110,Monique Akoa Makani,,,,,41,4
2026-08-24,401857172480,Nneka Ogwumike offensive rebound,Offensive Rebound,156,False,4,6:35,57,71,Los Angeles Sparks,Atlanta Dream,1068,Nneka Ogwumike,,,,,41,4
2026-08-24,401857172481,Nneka Ogwumike misses 7-foot jumper,Jump Shot,92,False,4,6:33,57,71,Los Angeles Sparks,Atlanta Dream,1068,Nneka Ogwumike,,,,,29,6
2026-08-24,401857172482,Jordin Canada defensive rebound,Defensive Rebound,155,False,4,6:31,57,71,Los Angeles Sparks,Atlanta Dream,3142250,Jordin Canada,,,,,29,6
2026-08-24,401857172483,Cameron Brink blocks Angel Reese 's 5-foot driving layup,Driving Layup Shot,110,False,4,6:20,57,71,Los Angeles Sparks,Atlanta Dream,4433402,Angel Reese,4433404,Cameron Brink,,,22,4
2026-08-24,401857172485,Angel Reese offensive rebound,Offensive Rebound,156,False,4,6:17,57,71,Los Angeles Sparks,Atlanta Dream,4433402,Angel Reese,,,,,22,4
2026-08-24,401857172486,Angel Reese vs. Cameron Brink (Jordin Canada gains possession),Jumpball,615,False,4,6:17,57,71,Los Angeles Sparks,Atlanta Dream,4433402,Angel Reese,4433404,Cameron Brink,3142250,Jordin Canada,-214748340,-214748365
2026-08-24,401857172489,Jordin Canada misses 17-foot step back jumpshot,Step Back Jump Shot,132,False,4,6:09,57,71,Los Angeles Sparks,Atlanta Dream,3142250,Jordin Canada,,,,,31,16
2026-08-24,401857172490,Nneka Ogwumike defensive rebound,Defensive Rebound,155,False,4,6:07,57,71,Los Angeles Sparks,Atlanta Dream,1068,Nneka Ogwumike,,,,,31,16
2026-08-24,401857172491,Nneka Ogwumike makes 10-foot turnaround jump shot (Ariel Atkins assists),Turnaround Jump Shot,114,True,4,5:51,59,71,Los Angeles Sparks,Atlanta Dream,1068,Nneka Ogwumike,3146151,Ariel Atkins,,,30,8
2026-08-24,401857172493,Angel Reese shooting foul,Shooting Foul,44,False,4,5:51,59,71,Los Angeles Sparks,Atlanta Dream,4433402,Angel Reese,,,,,30,8
2026-08-24,401857172496,Chance Gray enters the game for Erica Wheeler,Substitution,584,False,4,5:51,59,71,Los Angeles Sparks,Atlanta Dream,5105729,Chance Gray,2491214,Erica Wheeler,,,-214748340,-214748365
2026-08-24,401857172499,Nneka Ogwumike makes free throw 1 of 1,Free Throw - 1 of 1,97,True,4,5:51,60,71,Los Angeles Sparks,Atlanta Dream,1068,Nneka Ogwumike,,,,,-214748340,-214748365
2026-08-24,401857172500,Tonie Morgan enters the game for Monique Akoa Makani,Substitution,584,False,4,5:51,60,71,Los Angeles Sparks,Atlanta Dream,4565515,Tonie Morgan,5274110,Monique Akoa Makani,,,-214748340,-214748365
2026-08-24,401857172501,Rhyne Howard misses driving floating jump shot,Driving Floating Jump Shot,144,False,4,5:30,60,71,Los Angeles Sparks,Atlanta Dream,4398674,Rhyne Howard,,,,,29,7
2026-08-24,401857172502,Dream offensive team rebound,Offensive Rebound,156,False,4,5:30,60,71,Los Angeles Sparks,Atlanta Dream,,,,,,,29,7
2026-08-24,401857172504,Isobel Borlase misses 17-foot jumper,Jump Shot,92,False,4,5:22,60,71,Los Angeles Sparks,Atlanta Dream,5208983,Isobel Borlase,,,,,20,16
2026-08-24,401857172505,Nneka Ogwumike defensive rebound,Defensive Rebound,155,False,4,5:20,60,71,Los Angeles Sparks,Atlanta Dream,1068,Nneka Ogwumike,,,,,20,16
2026-08-24,401857172506,Jordin Canada kicked ball violation,Kicked Ball,12,False,4,5:15,60,71,Los Angeles Sparks,Atlanta Dream,3142250,Jordin Canada,,,,,-214748340,-214748365
2026-08-24,401857172507,Cameron Brink makes driving layup (Ariel Atkins assists),Driving Layup Shot,110,True,4,5:12,62,71,Los Angeles Sparks,Atlanta Dream,4433404,Cameron Brink,3146151,Ariel Atkins,,,22,4
2026-08-24,401857172509,Rhyne Howard shooting foul,Shooting Foul,44,False,4,5:12,62,71,Los Angeles Sparks,Atlanta Dream,4398674,Rhyne Howard,,,,,22,4
2026-08-24,401857172511,Allisha Gray enters the game for Isobel Borlase,Substitution,584,False,4,5:12,62,71,Los Angeles Sparks,Atlanta Dream,3058901,Allisha Gray,5208983,Isobel Borlase,,,-214748340,-214748365
2026-08-24,401857172513,Cameron Brink makes free throw 1 of 1,Free Throw - 1 of 1,97,True,4,5:12,63,71,Los Angeles Sparks,Atlanta Dream,4433404,Cameron Brink,,,,,-214748340,-214748365
2026-08-24,401857172514,Allisha Gray out of bounds bad pass turnover,Out of Bounds - Bad Pass Turnover,90,False,4,4:57,63,71,Los Angeles Sparks,Atlanta Dream,3058901,Allisha Gray,,,,,28,4
2026-08-24,401857172515,Cameron Brink misses 26-foot three point jumper,Jump Shot,92,False,4,4:44,63,71,Los Angeles Sparks,Atlanta Dream,4433404,Cameron Brink,,,,,33,25
2026-08-24,401857172516,Allisha Gray defensive rebound,Defensive Rebound,155,False,4,4:42,63,71,Los Angeles Sparks,Atlanta Dream,3058901,Allisha Gray,,,,,33,25
2026-08-24,401857172517,Rhyne Howard makes 6-foot two point shot (Allisha Gray assists),Turnaround Fade Away Jump Shot,137,True,4,4:27,63,73,Los Angeles Sparks,Atlanta Dream,4398674,Rhyne Howard,3058901,Allisha Gray,,,28,6
2026-08-24,401857172518,Nneka Ogwumike misses 26-foot three point jumper,Jump Shot,92,False,4,4:05,63,73,Los Angeles Sparks,Atlanta Dream,1068,Nneka Ogwumike,,,,,38,22
2026-08-24,401857172519,Angel Reese defensive rebound,Defensive Rebound,155,False,4,4:02,63,73,Los Angeles Sparks,Atlanta Dream,4433402,Angel Reese,,,,,38,22
2026-08-24,401857172520,Chance Gray personal foul,Personal Foul,45,False,4,3:56,63,73,Los Angeles Sparks,Atlanta Dream,5105729,Chance Gray,,,,,35,9
2026-08-24,401857172522,Naz Hillmon makes layup,Layup Shot,95,True,4,3:44,63,75,Los Angeles Sparks,Atlanta Dream,4398915,Naz Hillmon,,,,,29,2
2026-08-24,401857172523,Cameron Brink makes 10-foot turnaround jump shot (Tonie Morgan assists),Turnaround Jump Shot,114,True,4,3:31,65,75,Los Angeles Sparks,Atlanta Dream,4433404,Cameron Brink,4565515,Tonie Morgan,,,35,2
2026-08-24,401857172525,Dream Full timeout,Full Timeout,16,False,4,3:23,65,75,Los Angeles Sparks,Atlanta Dream,,,,,,,-214748340,-214748365
2026-08-24,401857172527,"Jordin Canada bad pass
turnover (Cameron Brink steals)","Bad Pass
Turnover",62,False,4,3:13,65,75,Los Angeles Sparks,Atlanta Dream,3142250,Jordin Canada,4433404,Cameron Brink,,,28,6
2026-08-24,401857172529,Tonie Morgan misses 5-foot running jump shot,Running Jump Shot,113,False,4,3:07,65,75,Los Angeles Sparks,Atlanta Dream,4565515,Tonie Morgan,,,,,28,5
2026-08-24,401857172530,Naz Hillmon defensive rebound,Defensive Rebound,155,False,4,3:05,65,75,Los Angeles Sparks,Atlanta Dream,4398915,Naz Hillmon,,,,,28,5
2026-08-24,401857172531,Naz Hillmon misses layup,Cutting Layup Shot,141,False,4,2:56,65,75,Los Angeles Sparks,Atlanta Dream,4398915,Naz Hillmon,,,,,26,3
2026-08-24,401857172532,Cameron Brink defensive rebound,Defensive Rebound,155,False,4,2:54,65,75,Los Angeles Sparks,Atlanta Dream,4433404,Cameron Brink,,,,,26,3
2026-08-24,401857172533,Sparks Full timeout,Full Timeout,16,False,4,2:50,65,75,Los Angeles Sparks,Atlanta Dream,,,,,,,-214748340,-214748365
2026-08-24,401857172534,Erica Wheeler enters the game for Tonie Morgan,Substitution,584,False,4,2:50,65,75,Los Angeles Sparks,Atlanta Dream,2491214,Erica Wheeler,4565515,Tonie Morgan,,,-214748340,-214748365
2026-08-24,401857172536,Ariel Atkins makes 27-foot three point jumper (Cameron Brink assists),Jump Shot,92,True,4,2:44,68,75,Los Angeles Sparks,Atlanta Dream,3146151,Ariel Atkins,4433404,Cameron Brink,,,37,25
2026-08-24,401857172538,Cameron Brink blocks Angel Reese 's 7-foot driving layup,Driving Layup Shot,110,False,4,2:18,68,75,Los Angeles Sparks,Atlanta Dream,4433402,Angel Reese,4433404,Cameron Brink,,,24,7
2026-08-24,401857172540,Angel Reese offensive rebound,Offensive Rebound,156,False,4,2:18,68,75,Los Angeles Sparks,Atlanta Dream,4433402,Angel Reese,,,,,24,7
2026-08-24,401857172541,shot clock turnover ,Shot Clock Turnover,70,False,4,2:18,68,75,Los Angeles Sparks,Atlanta Dream,,,,,,,14,9
2026-08-24,401857172543,Erica Wheeler misses 26-foot three point jumper,Jump Shot,92,False,4,1:59,68,75,Los Angeles Sparks,Atlanta Dream,2491214,Erica Wheeler,,,,,10,21
2026-08-24,401857172544,Angel Reese defensive rebound,Defensive Rebound,155,False,4,1:57,68,75,Los Angeles Sparks,Atlanta Dream,4433402,Angel Reese,,,,,10,21
2026-08-24,401857172545,Naz Hillmon vs. Cameron Brink (Erica Wheeler gains possession),Jumpball,615,False,4,1:41,68,75,Los Angeles Sparks,Atlanta Dream,4433404,Cameron Brink,4398915,Naz Hillmon,2491214,Erica Wheeler,-214748340,-214748365
2026-08-24,401857172548,Naz Hillmon lost ball turnover (Cameron Brink steals),Lost Ball Turnover,63,False,4,1:41,68,75,Los Angeles Sparks,Atlanta Dream,4398915,Naz Hillmon,4433404,Cameron Brink,,,29,15
2026-08-24,401857172550,Erica Wheeler misses driving floating jump shot,Driving Floating Jump Shot,144,False,4,1:27,68,75,Los Angeles Sparks,Atlanta Dream,2491214,Erica Wheeler,,,,,26,4
2026-08-24,401857172551,Angel Reese defensive rebound,Defensive Rebound,155,False,4,1:25,68,75,Los Angeles Sparks,Atlanta Dream,4433402,Angel Reese,,,,,26,4
2026-08-24,401857172552,Cameron Brink shooting foul,Shooting Foul,44,False,4,1:08,68,75,Los Angeles Sparks,Atlanta Dream,4433404,Cameron Brink,,,,,28,6
2026-08-24,401857172554,Angel Reese misses free throw 1 of 2,Free Throw - 1 of 2,98,False,4,1:08,68,75,Los Angeles Sparks,Atlanta Dream,4433402,Angel Reese,,,,,-214748340,-214748365
2026-08-24,401857172555,Dream offensive team rebound,Offensive Rebound,156,False,4,1:08,68,75,Los Angeles Sparks,Atlanta Dream,,,,,,,-214748340,-214748365
2026-08-24,401857172556,Angel Reese makes free throw 2 of 2,Free Throw - 2 of 2,99,True,4,1:08,68,76,Los Angeles Sparks,Atlanta Dream,4433402,Angel Reese,,,,,-214748340,-214748365
2026-08-24,401857172557,Allisha Gray shooting foul,Shooting Foul,44,False,4,51.3,68,76,Los Angeles Sparks,Atlanta Dream,3058901,Allisha Gray,,,,,26,6
2026-08-24,401857172559,Cameron Brink makes free throw 1 of 2,Free Throw - 1 of 2,98,True,4,51.3,69,76,Los Angeles Sparks,Atlanta Dream,4433404,Cameron Brink,,,,,-214748340,-214748365
2026-08-24,401857172560,Cameron Brink misses free throw 2 of 2,Free Throw - 2 of 2,99,False,4,51.3,69,76,Los Angeles Sparks,Atlanta Dream,4433404,Cameron Brink,,,,,-214748340,-214748365
2026-08-24,401857172561,Angel Reese defensive rebound,Defensive Rebound,155,False,4,49.1,69,76,Los Angeles Sparks,Atlanta Dream,4433402,Angel Reese,,,,,-214748340,-214748365
2026-08-24,401857172562,Jordin Canada misses 25-foot three point jumper,Jump Shot,92,False,4,28.6,69,76,Los Angeles Sparks,Atlanta Dream,3142250,Jordin Canada,,,,,9,20
2026-08-24,401857172563,Ariel Atkins defensive rebound,Defensive Rebound,155,False,4,24.6,69,76,Los Angeles Sparks,Atlanta Dream,3146151,Ariel Atkins,,,,,9,20
2026-08-24,401857172564,Ariel Atkins misses running layup,Running Layup Shot,109,False,4,20.4,69,76,Los Angeles Sparks,Atlanta Dream,3146151,Ariel Atkins,,,,,23,4
2026-08-24,401857172565,Cameron Brink offensive rebound,Offensive Rebound,156,False,4,15.6,69,76,Los Angeles Sparks,Atlanta Dream,4433404,Cameron Brink,,,,,23,4
2026-08-24,401857172566,Cameron Brink misses tip shot,Tip Shot,94,False,4,15.6,69,76,Los Angeles Sparks,Atlanta Dream,4433404,Cameron Brink,,,,,25,0
2026-08-24,401857172567,Jordin Canada defensive rebound,Defensive Rebound,155,False,4,14.9,69,76,Los Angeles Sparks,Atlanta Dream,3142250,Jordin Canada,,,,,25,0
2026-08-24,401857172568,Angel Reese makes layup (Jordin Canada assists),Layup Shot,95,True,4,13.9,69,78,Los Angeles Sparks,Atlanta Dream,4433402,Angel Reese,3142250,Jordin Canada,,,25,2
2026-08-24,401857172570,Angel Reese personal foul,Personal Foul,45,False,4,7.1,69,78,Los Angeles Sparks,Atlanta Dream,4433402,Angel Reese,,,,,36,8
2026-08-24,401857172572,Nneka Ogwumike makes free throw 1 of 2,Free Throw - 1 of 2,98,True,4,7.1,70,78,Los Angeles Sparks,Atlanta Dream,1068,Nneka Ogwumike,,,,,-214748340,-214748365
2026-08-24,401857172573,Nneka Ogwumike makes free throw 2 of 2,Free Throw - 2 of 2,99,True,4,7.1,71,78,Los Angeles Sparks,Atlanta Dream,1068,Nneka Ogwumike,,,,,-214748340,-214748365
2026-08-24,401857172574,End of the 4th Quarter,End Period,412,False,4,0.0,71,78,Los Angeles Sparks,Atlanta Dream,,,,,,,-214748340,-214748365
